strain_id,A_MTX_5-FC.ADE17_GIS2,A_MTX_Fluconazole.ADE17_GIS2,A_MTX_Metformin.ADE17_GIS2,A_MTX_Trifluoperazine.ADE17_GIS2,A_MTX_noDrug.ADE17_GIS2,A_noMTX_5-FC.ADE17_GIS2,A_noMTX_Fluconazole.ADE17_GIS2,A_noMTX_Metformin.ADE17_GIS2,A_noMTX_Trifluoperazine.ADE17_GIS2,A_noMTX_noDrug.ADE17_GIS2,B_MTX_5-FC.ADE17_GIS2,B_MTX_Fluconazole.ADE17_GIS2,B_MTX_Metformin.ADE17_GIS2,B_MTX_Trifluoperazine.ADE17_GIS2,B_MTX_noDrug.ADE17_GIS2,B_noMTX_5-FC.ADE17_GIS2,B_noMTX_Fluconazole.ADE17_GIS2,B_noMTX_Metformin.ADE17_GIS2,B_noMTX_Trifluoperazine.ADE17_GIS2,B_noMTX_noDrug.ADE17_GIS2,T0_noMTX_noDrug.ADE17_GIS2
1005,0.0,1.0,1.0,0.0,0.0,6.0,1.0,4.0,4.0,6.0,0.0,0.0,1.0,0.0,0.0,6.0,0.0,7.0,7.0,5.0,0.0
1007,3.0,1.0,7.0,2.0,0.0,21.0,19.0,8.0,14.0,5.0,1.0,5.0,3.0,2.0,0.0,8.0,16.0,21.0,12.0,9.0,5.0
1013,1.0,0.0,0.0,2.0,1.0,11.0,0.0,1.0,5.0,2.0,2.0,0.0,3.0,0.0,1.0,2.0,3.0,14.0,1.0,1.0,18.0
1016,2.0,0.0,7.0,1.0,0.0,797.0,13.0,68.0,243.0,263.0,0.0,0.0,1.0,0.0,0.0,591.0,16.0,332.0,122.0,67.0,174.0
1018,21.0,114.0,48.0,52.0,57.0,324.0,128.0,20.0,116.0,104.0,24.0,3.0,85.0,22.0,25.0,335.0,114.0,107.0,29.0,43.0,97.0
1020,35.0,9.0,47.0,85.0,146.0,43.0,2.0,12.0,18.0,31.0,20.0,10.0,62.0,28.0,61.0,16.0,5.0,26.0,16.0,17.0,10.0
1025,33.0,21.0,31.0,46.0,38.0,2345.0,5466.0,350.0,1532.0,2322.0,113.0,10.0,23.0,25.0,54.0,2237.0,6416.0,5866.0,335.0,439.0,195.0
1027,0.0,46.0,8.0,3.0,0.0,1041.0,1520.0,20.0,183.0,358.0,2.0,1.0,4.0,0.0,0.0,887.0,1428.0,863.0,45.0,43.0,107.0
1035,14.0,38.0,6.0,34.0,17.0,4.0,2.0,0.0,9.0,4.0,21.0,37.0,21.0,16.0,20.0,4.0,2.0,6.0,2.0,1.0,2.0
1038,17.0,3.0,14.0,65.0,33.0,107.0,6.0,19.0,90.0,58.0,19.0,0.0,10.0,13.0,14.0,71.0,25.0,75.0,72.0,46.0,101.0
1040,14.0,8.0,26.0,54.0,20.0,226.0,6.0,51.0,137.0,137.0,7.0,3.0,19.0,22.0,9.0,189.0,21.0,159.0,73.0,61.0,54.0
1046,0.0,0.0,1.0,0.0,1.0,291.0,137.0,8.0,106.0,107.0,1.0,1.0,1.0,1.0,0.0,276.0,166.0,145.0,38.0,17.0,160.0
1050,8.0,0.0,8.0,16.0,9.0,40.0,2.0,12.0,33.0,37.0,1.0,0.0,8.0,5.0,7.0,17.0,1.0,27.0,21.0,29.0,22.0
1065,0.0,161.0,5.0,2.0,0.0,19.0,1.0,1.0,13.0,33.0,1.0,5.0,4.0,0.0,1.0,17.0,2.0,3.0,2.0,8.0,28.0
1069,129.0,719.0,181.0,239.0,274.0,246.0,139.0,53.0,333.0,232.0,128.0,516.0,234.0,120.0,82.0,306.0,215.0,323.0,149.0,115.0,328.0
107,1.0,3.0,101.0,0.0,2.0,1230.0,1836.0,227.0,1236.0,1570.0,1.0,1.0,59.0,0.0,1.0,1330.0,2877.0,5656.0,243.0,337.0,86.0
113,2.0,59.0,16.0,14.0,9.0,9.0,12.0,0.0,46.0,9.0,2.0,10.0,12.0,4.0,5.0,5.0,16.0,29.0,5.0,8.0,3.0
119,0.0,11.0,2.0,9.0,7.0,5.0,2.0,2.0,11.0,7.0,2.0,2.0,5.0,4.0,3.0,2.0,4.0,8.0,0.0,1.0,0.0
124,5.0,3.0,7.0,11.0,5.0,1.0,3.0,2.0,14.0,4.0,1.0,1.0,5.0,0.0,9.0,2.0,7.0,10.0,5.0,4.0,1.0
128,0.0,0.0,3.0,1.0,0.0,31.0,8.0,2.0,20.0,21.0,1.0,0.0,0.0,0.0,0.0,51.0,14.0,29.0,15.0,13.0,46.0
132,12.0,3.0,235.0,4.0,0.0,229.0,16.0,35.0,388.0,344.0,5.0,5.0,65.0,2.0,0.0,347.0,17.0,350.0,141.0,105.0,140.0
133,3.0,9.0,240.0,3.0,2.0,1639.0,80.0,1389.0,2453.0,2282.0,1.0,12.0,2.0,34.0,0.0,1872.0,496.0,4012.0,1449.0,1118.0,130.0
136,1.0,0.0,1.0,1.0,1.0,2.0,0.0,6.0,9.0,5.0,0.0,4.0,0.0,0.0,0.0,2.0,6.0,7.0,3.0,4.0,2.0
14,37.0,55.0,34.0,111.0,63.0,39.0,155.0,27.0,46.0,27.0,32.0,24.0,36.0,52.0,53.0,24.0,270.0,124.0,47.0,40.0,55.0
146,83.0,201.0,149.0,252.0,161.0,584.0,94.0,107.0,356.0,428.0,60.0,59.0,206.0,121.0,92.0,593.0,254.0,448.0,257.0,210.0,579.0
15,1.0,0.0,3.0,2.0,1.0,230.0,9.0,21.0,113.0,63.0,3.0,0.0,3.0,0.0,2.0,279.0,15.0,109.0,48.0,35.0,136.0
151,0.0,9.0,1.0,8.0,7.0,3.0,3.0,2.0,4.0,1.0,0.0,2.0,4.0,2.0,1.0,1.0,11.0,8.0,7.0,4.0,3.0
153,0.0,6.0,3.0,2.0,0.0,6.0,20.0,8.0,9.0,7.0,1.0,3.0,5.0,0.0,0.0,5.0,44.0,26.0,3.0,10.0,2.0
17,1.0,8.0,1.0,10.0,1.0,0.0,2.0,0.0,4.0,1.0,1.0,2.0,2.0,3.0,1.0,1.0,3.0,1.0,2.0,0.0,2.0
171,3.0,3.0,4.0,13.0,9.0,10.0,12.0,4.0,16.0,5.0,2.0,7.0,8.0,7.0,6.0,6.0,6.0,16.0,4.0,7.0,14.0
175,0.0,0.0,0.0,0.0,1.0,3.0,0.0,5.0,2.0,2.0,0.0,1.0,0.0,0.0,0.0,1.0,1.0,11.0,0.0,2.0,0.0
180,0.0,2.0,1.0,2.0,1.0,814.0,164.0,22.0,82.0,151.0,1.0,0.0,1.0,0.0,0.0,530.0,134.0,305.0,32.0,24.0,182.0
180_2,2.0,13.0,2.0,7.0,1.0,418.0,71.0,40.0,81.0,95.0,0.0,1.0,1.0,1.0,3.0,297.0,81.0,182.0,52.0,44.0,151.0
185,5.0,1.0,0.0,5.0,2.0,0.0,2.0,0.0,9.0,2.0,1.0,0.0,2.0,4.0,1.0,5.0,0.0,8.0,3.0,5.0,0.0
187,0.0,0.0,4.0,2.0,1.0,64.0,152.0,9.0,45.0,88.0,0.0,4.0,6.0,0.0,0.0,79.0,82.0,106.0,17.0,10.0,83.0
188,0.0,28.0,5.0,6.0,3.0,12.0,2.0,7.0,26.0,10.0,0.0,6.0,9.0,3.0,0.0,8.0,4.0,42.0,11.0,11.0,2.0
192,4.0,45.0,3.0,17.0,15.0,158.0,27.0,11.0,40.0,33.0,2.0,11.0,4.0,10.0,2.0,119.0,24.0,39.0,33.0,13.0,32.0
20,0.0,0.0,3.0,1.0,1.0,9.0,1.0,2.0,10.0,0.0,0.0,0.0,1.0,1.0,0.0,4.0,3.0,9.0,3.0,5.0,0.0
209,0.0,1.0,0.0,2.0,2.0,18.0,6.0,5.0,30.0,11.0,0.0,2.0,2.0,0.0,0.0,18.0,18.0,17.0,19.0,15.0,61.0
210,4.0,2.0,3.0,4.0,3.0,2.0,3.0,8.0,9.0,4.0,1.0,0.0,1.0,0.0,0.0,3.0,2.0,23.0,1.0,4.0,3.0
226,3.0,4.0,3.0,8.0,5.0,20.0,4.0,6.0,15.0,8.0,7.0,0.0,8.0,5.0,1.0,25.0,0.0,8.0,7.0,6.0,33.0
235,1.0,2.0,0.0,2.0,2.0,1.0,1.0,2.0,1.0,1.0,1.0,0.0,0.0,1.0,0.0,0.0,4.0,3.0,0.0,1.0,2.0
240,0.0,0.0,1.0,2.0,0.0,3.0,0.0,4.0,3.0,4.0,1.0,0.0,0.0,0.0,0.0,3.0,1.0,10.0,2.0,5.0,0.0
248,3.0,1.0,4.0,3.0,2.0,3.0,5.0,3.0,2.0,0.0,0.0,0.0,1.0,2.0,0.0,4.0,0.0,6.0,4.0,2.0,2.0
250,1.0,3.0,1.0,1.0,0.0,0.0,2.0,0.0,4.0,0.0,0.0,0.0,0.0,0.0,0.0,0.0,1.0,5.0,1.0,0.0,0.0
252,0.0,6.0,1.0,1.0,2.0,1.0,8.0,4.0,25.0,6.0,0.0,0.0,0.0,1.0,0.0,4.0,9.0,18.0,2.0,5.0,3.0
253,3.0,158.0,174.0,13.0,2.0,24.0,87.0,145.0,175.0,129.0,5.0,150.0,185.0,5.0,2.0,45.0,80.0,435.0,79.0,86.0,43.0
254,1.0,4.0,8.0,0.0,1.0,23.0,13.0,15.0,76.0,106.0,0.0,0.0,1.0,1.0,0.0,46.0,39.0,65.0,57.0,42.0,60.0
257,0.0,0.0,83.0,5.0,1.0,940.0,266.0,120.0,534.0,566.0,0.0,0.0,58.0,4.0,0.0,1162.0,313.0,871.0,175.0,142.0,315.0
258,14.0,7.0,14.0,11.0,26.0,319.0,22.0,23.0,61.0,104.0,13.0,9.0,21.0,11.0,7.0,318.0,22.0,140.0,54.0,42.0,118.0
27,1.0,5.0,4.0,0.0,5.0,2.0,4.0,8.0,5.0,3.0,2.0,0.0,2.0,0.0,2.0,4.0,7.0,5.0,1.0,5.0,2.0
270,0.0,0.0,1.0,0.0,0.0,1.0,2.0,1.0,1.0,0.0,0.0,0.0,0.0,0.0,0.0,0.0,4.0,5.0,0.0,0.0,2.0
271,0.0,1.0,2.0,2.0,0.0,3.0,1.0,2.0,4.0,7.0,1.0,9.0,0.0,0.0,0.0,4.0,1.0,16.0,2.0,2.0,1.0
272,0.0,0.0,0.0,2.0,0.0,3.0,1.0,6.0,3.0,3.0,0.0,0.0,1.0,0.0,0.0,3.0,0.0,4.0,2.0,1.0,0.0
277,0.0,0.0,0.0,0.0,0.0,2.0,1.0,1.0,2.0,1.0,0.0,0.0,0.0,0.0,0.0,0.0,0.0,2.0,2.0,2.0,0.0
286,1.0,1.0,1.0,3.0,6.0,5.0,2.0,4.0,7.0,5.0,1.0,2.0,2.0,3.0,1.0,2.0,1.0,13.0,4.0,2.0,0.0
289,6.0,2.0,0.0,2.0,0.0,27.0,14.0,3.0,26.0,14.0,1.0,0.0,1.0,0.0,0.0,24.0,3.0,9.0,22.0,8.0,56.0
29,1.0,19.0,0.0,5.0,0.0,3.0,1.0,0.0,13.0,0.0,2.0,1.0,0.0,0.0,1.0,3.0,6.0,9.0,3.0,2.0,2.0
291,0.0,0.0,0.0,2.0,0.0,0.0,1.0,1.0,1.0,1.0,0.0,0.0,1.0,1.0,0.0,0.0,1.0,7.0,1.0,2.0,0.0
294,4.0,2.0,10.0,5.0,5.0,108.0,8.0,17.0,75.0,66.0,3.0,3.0,6.0,4.0,0.0,126.0,22.0,71.0,39.0,31.0,31.0
296,0.0,8.0,3.0,0.0,0.0,149.0,21.0,23.0,62.0,54.0,0.0,5.0,0.0,0.0,0.0,166.0,31.0,86.0,41.0,30.0,61.0
299,0.0,0.0,5.0,1.0,0.0,7.0,3.0,3.0,8.0,3.0,0.0,1.0,10.0,0.0,0.0,3.0,8.0,5.0,3.0,8.0,0.0
307,1.0,3.0,0.0,0.0,2.0,2.0,2.0,0.0,9.0,0.0,0.0,1.0,2.0,0.0,0.0,4.0,2.0,4.0,7.0,0.0,2.0
308,0.0,5.0,3.0,0.0,3.0,6.0,3.0,1.0,29.0,3.0,1.0,5.0,1.0,1.0,0.0,2.0,5.0,12.0,0.0,6.0,0.0
31,1.0,0.0,6.0,2.0,3.0,4.0,2.0,1.0,6.0,2.0,1.0,0.0,3.0,0.0,4.0,0.0,5.0,1.0,3.0,1.0,0.0
311,0.0,0.0,0.0,1.0,0.0,1.0,2.0,4.0,9.0,0.0,0.0,0.0,0.0,0.0,1.0,2.0,2.0,9.0,4.0,5.0,0.0
312,5.0,13.0,6.0,6.0,10.0,10.0,5.0,5.0,2.0,4.0,7.0,4.0,8.0,5.0,4.0,4.0,4.0,15.0,4.0,10.0,1.0
32,0.0,1.0,0.0,0.0,0.0,1.0,0.0,1.0,0.0,1.0,0.0,0.0,1.0,0.0,0.0,0.0,0.0,0.0,0.0,1.0,0.0
320,18.0,21.0,60.0,31.0,46.0,30.0,21.0,33.0,50.0,51.0,33.0,14.0,90.0,23.0,12.0,39.0,40.0,118.0,36.0,49.0,10.0
323,4.0,2.0,4.0,18.0,22.0,6.0,2.0,3.0,4.0,3.0,24.0,0.0,2.0,7.0,5.0,6.0,6.0,5.0,4.0,2.0,1.0
325,7.0,11.0,11.0,19.0,5.0,9.0,2.0,4.0,3.0,7.0,3.0,1.0,3.0,16.0,9.0,5.0,12.0,13.0,6.0,12.0,2.0
33,1.0,0.0,2.0,1.0,0.0,2.0,0.0,4.0,9.0,6.0,0.0,0.0,0.0,0.0,2.0,0.0,0.0,14.0,2.0,1.0,0.0
335,5.0,7.0,4.0,8.0,6.0,2.0,0.0,0.0,3.0,1.0,1.0,1.0,6.0,12.0,3.0,4.0,1.0,2.0,2.0,3.0,0.0
336,3.0,2.0,4.0,6.0,5.0,4.0,9.0,5.0,2.0,1.0,4.0,0.0,6.0,3.0,2.0,5.0,3.0,10.0,5.0,4.0,0.0
337,2.0,7.0,9.0,5.0,4.0,19.0,36.0,19.0,18.0,25.0,2.0,6.0,16.0,2.0,2.0,37.0,67.0,59.0,23.0,22.0,10.0
339,4.0,22.0,5.0,3.0,10.0,2.0,23.0,4.0,8.0,4.0,2.0,13.0,13.0,8.0,3.0,3.0,5.0,9.0,4.0,8.0,1.0
347,12.0,10.0,6.0,6.0,8.0,2.0,3.0,1.0,17.0,2.0,3.0,1.0,4.0,16.0,4.0,4.0,6.0,8.0,1.0,1.0,0.0
348,4.0,4.0,0.0,2.0,3.0,49.0,8.0,13.0,37.0,27.0,4.0,1.0,2.0,0.0,1.0,63.0,2.0,47.0,17.0,11.0,65.0
350,49.0,229.0,607.0,32.0,36.0,1245.0,2153.0,673.0,747.0,1532.0,38.0,14.0,475.0,16.0,27.0,1429.0,2602.0,4626.0,259.0,490.0,100.0
354,3.0,2.0,5.0,4.0,2.0,3.0,4.0,4.0,12.0,1.0,0.0,0.0,4.0,3.0,4.0,4.0,2.0,9.0,4.0,5.0,2.0
358,8.0,2.0,2.0,6.0,6.0,0.0,8.0,5.0,0.0,2.0,7.0,0.0,1.0,4.0,2.0,2.0,2.0,16.0,4.0,2.0,1.0
359,13.0,4.0,10.0,64.0,76.0,0.0,1.0,0.0,5.0,0.0,25.0,1.0,7.0,34.0,25.0,0.0,0.0,9.0,4.0,1.0,0.0
36,0.0,0.0,0.0,0.0,0.0,0.0,2.0,2.0,6.0,0.0,0.0,0.0,0.0,0.0,0.0,0.0,0.0,4.0,0.0,1.0,0.0
364,5.0,3.0,0.0,3.0,2.0,51.0,2.0,11.0,60.0,67.0,1.0,3.0,1.0,0.0,2.0,101.0,7.0,56.0,23.0,15.0,65.0
375,7.0,2.0,25.0,16.0,20.0,8.0,81.0,7.0,14.0,10.0,7.0,0.0,16.0,12.0,7.0,20.0,6.0,17.0,8.0,12.0,3.0
383,2.0,8.0,6.0,0.0,2.0,2270.0,873.0,1000.0,880.0,1226.0,1.0,5.0,6.0,2.0,0.0,2095.0,533.0,3311.0,499.0,425.0,127.0
385,0.0,10.0,0.0,2.0,1.0,3.0,4.0,2.0,7.0,1.0,0.0,3.0,1.0,2.0,0.0,1.0,5.0,8.0,1.0,4.0,0.0
392,2.0,3.0,6.0,2.0,0.0,40.0,8.0,8.0,48.0,50.0,2.0,3.0,2.0,0.0,0.0,29.0,4.0,30.0,23.0,20.0,23.0
397,4.0,2.0,1.0,2.0,0.0,4.0,2.0,4.0,13.0,9.0,0.0,0.0,3.0,0.0,1.0,4.0,3.0,7.0,3.0,1.0,0.0
399,13.0,224.0,15.0,13.0,5.0,30.0,34.0,25.0,43.0,16.0,6.0,64.0,15.0,5.0,2.0,27.0,58.0,66.0,41.0,45.0,4.0
40,2.0,2.0,1.0,10.0,5.0,0.0,1.0,0.0,1.0,0.0,2.0,4.0,0.0,1.0,4.0,0.0,0.0,1.0,2.0,1.0,1.0
400,26.0,0.0,23.0,30.0,24.0,664.0,43.0,59.0,437.0,383.0,6.0,0.0,52.0,19.0,10.0,609.0,32.0,315.0,246.0,148.0,246.0
406,2.0,4.0,10.0,3.0,0.0,14.0,6.0,9.0,18.0,37.0,2.0,1.0,5.0,0.0,0.0,5.0,17.0,15.0,8.0,21.0,7.0
408,0.0,0.0,0.0,1.0,0.0,5.0,2.0,1.0,20.0,25.0,0.0,0.0,0.0,15.0,0.0,5.0,5.0,3.0,7.0,11.0,4.0
409,37.0,129.0,12.0,15.0,15.0,547.0,42.0,65.0,224.0,160.0,22.0,54.0,9.0,4.0,11.0,441.0,13.0,144.0,156.0,75.0,99.0
40_2,0.0,0.0,1.0,4.0,0.0,1.0,0.0,0.0,0.0,0.0,0.0,1.0,2.0,0.0,0.0,3.0,1.0,0.0,0.0,1.0,1.0
412,1.0,2.0,0.0,2.0,2.0,5.0,5.0,1.0,7.0,3.0,1.0,0.0,1.0,0.0,1.0,13.0,2.0,11.0,5.0,3.0,0.0
418,0.0,6.0,4.0,1.0,1.0,3.0,5.0,1.0,14.0,3.0,0.0,0.0,2.0,0.0,0.0,1.0,4.0,9.0,3.0,1.0,1.0
419,1.0,3.0,2.0,5.0,2.0,68.0,6.0,9.0,22.0,47.0,1.0,1.0,1.0,0.0,0.0,64.0,10.0,19.0,16.0,17.0,6.0
420,0.0,0.0,0.0,0.0,0.0,6.0,2.0,3.0,3.0,4.0,0.0,0.0,0.0,0.0,0.0,3.0,6.0,7.0,3.0,5.0,1.0
421,162.0,4.0,66.0,156.0,138.0,367.0,127.0,32.0,160.0,143.0,163.0,15.0,39.0,74.0,101.0,371.0,124.0,194.0,71.0,46.0,68.0
426,22.0,14.0,10.0,39.0,33.0,2.0,0.0,0.0,10.0,2.0,38.0,3.0,11.0,12.0,23.0,6.0,3.0,10.0,6.0,4.0,2.0
43,0.0,0.0,0.0,0.0,0.0,0.0,2.0,1.0,3.0,3.0,0.0,0.0,0.0,0.0,0.0,0.0,3.0,6.0,0.0,0.0,0.0
431,1.0,0.0,2.0,4.0,1.0,5.0,4.0,4.0,3.0,27.0,2.0,0.0,3.0,0.0,0.0,7.0,30.0,10.0,5.0,10.0,2.0
433,1.0,1.0,11.0,10.0,7.0,100.0,22.0,14.0,50.0,54.0,10.0,6.0,8.0,7.0,3.0,173.0,23.0,85.0,28.0,19.0,72.0
434,8.0,21.0,23.0,16.0,36.0,16.0,4.0,10.0,45.0,7.0,16.0,15.0,42.0,9.0,9.0,7.0,4.0,30.0,9.0,21.0,4.0
437,5.0,32.0,10.0,6.0,6.0,3.0,7.0,4.0,28.0,8.0,6.0,11.0,14.0,4.0,6.0,5.0,11.0,41.0,3.0,4.0,2.0
438,0.0,2.0,10.0,1.0,0.0,66.0,8.0,9.0,22.0,70.0,0.0,1.0,10.0,0.0,0.0,55.0,5.0,58.0,5.0,9.0,51.0
439,0.0,6.0,4.0,1.0,1.0,3.0,99.0,6.0,15.0,4.0,2.0,10.0,2.0,0.0,1.0,5.0,9.0,29.0,5.0,9.0,2.0
43_ref1,1.0,5.0,3.0,2.0,0.0,2.0,352.0,1.0,8.0,4.0,0.0,0.0,1.0,1.0,0.0,0.0,363.0,88.0,1.0,2.0,206.0
43_ref2,2.0,2.0,2.0,9.0,2.0,9.0,19.0,11.0,111.0,111.0,2.0,0.0,11.0,4.0,4.0,7.0,10.0,65.0,64.0,89.0,352.0
442,8.0,6.0,8.0,25.0,21.0,7.0,9.0,2.0,15.0,1.0,14.0,2.0,12.0,13.0,15.0,4.0,4.0,16.0,2.0,7.0,2.0
444,0.0,0.0,0.0,4.0,1.0,2.0,0.0,0.0,0.0,2.0,0.0,0.0,1.0,0.0,0.0,1.0,2.0,3.0,1.0,0.0,0.0
446,1.0,0.0,2.0,2.0,0.0,4.0,4.0,2.0,3.0,4.0,0.0,5.0,1.0,0.0,0.0,0.0,5.0,10.0,3.0,7.0,1.0
45,0.0,13.0,2.0,10.0,2.0,3.0,2.0,1.0,16.0,2.0,0.0,2.0,2.0,2.0,0.0,6.0,24.0,29.0,1.0,5.0,3.0
450,2.0,3.0,0.0,3.0,7.0,4.0,9.0,5.0,6.0,2.0,2.0,2.0,2.0,2.0,2.0,4.0,78.0,25.0,1.0,7.0,2.0
452,5.0,5.0,5.0,7.0,6.0,2.0,2.0,3.0,7.0,1.0,4.0,1.0,2.0,2.0,3.0,2.0,2.0,9.0,2.0,6.0,2.0
458,0.0,0.0,1.0,1.0,2.0,7.0,3.0,7.0,11.0,5.0,0.0,1.0,3.0,0.0,0.0,5.0,6.0,12.0,8.0,7.0,24.0
459,5.0,3.0,9.0,10.0,9.0,492.0,63.0,71.0,272.0,238.0,5.0,5.0,10.0,4.0,3.0,543.0,46.0,270.0,180.0,111.0,252.0
460,63.0,282.0,62.0,210.0,27.0,2199.0,861.0,627.0,880.0,1255.0,17.0,80.0,116.0,13.0,7.0,2131.0,542.0,3345.0,356.0,375.0,134.0
466,0.0,10.0,5.0,4.0,2.0,5.0,10.0,7.0,11.0,6.0,1.0,1.0,4.0,1.0,1.0,8.0,4.0,26.0,6.0,10.0,2.0
468,51.0,15.0,44.0,94.0,106.0,69.0,29.0,20.0,63.0,50.0,38.0,2.0,31.0,34.0,37.0,64.0,16.0,43.0,41.0,38.0,37.0
470,25.0,156.0,14.0,20.0,14.0,16.0,17.0,3.0,15.0,8.0,13.0,58.0,12.0,6.0,17.0,7.0,9.0,20.0,13.0,15.0,3.0
473,6.0,8.0,2.0,2.0,7.0,5.0,12.0,4.0,20.0,14.0,10.0,11.0,7.0,2.0,2.0,8.0,4.0,14.0,6.0,5.0,5.0
475,43.0,169.0,2204.0,48.0,49.0,5356.0,3668.0,1464.0,3709.0,6087.0,4.0,641.0,3251.0,165.0,37.0,6262.0,2721.0,8703.0,1836.0,2398.0,3118.0
476,3.0,11.0,46.0,9.0,1.0,539.0,81.0,144.0,251.0,219.0,2.0,4.0,19.0,1.0,0.0,177.0,63.0,583.0,187.0,191.0,319.0
48,3.0,14.0,2.0,11.0,8.0,3.0,2.0,5.0,10.0,0.0,1.0,1.0,4.0,1.0,3.0,2.0,3.0,10.0,4.0,8.0,3.0
485,1.0,4.0,2.0,2.0,1.0,2.0,1.0,0.0,7.0,6.0,3.0,8.0,1.0,2.0,1.0,4.0,1.0,2.0,3.0,1.0,1.0
486,3.0,2.0,10.0,6.0,9.0,6.0,11.0,5.0,35.0,17.0,2.0,2.0,21.0,4.0,1.0,9.0,6.0,15.0,9.0,23.0,4.0
491,11.0,7.0,28.0,39.0,17.0,10.0,3.0,9.0,28.0,10.0,12.0,1.0,82.0,15.0,16.0,15.0,7.0,25.0,9.0,22.0,14.0
493,5.0,13.0,7.0,13.0,5.0,1.0,9.0,2.0,5.0,6.0,4.0,7.0,3.0,6.0,0.0,1.0,10.0,21.0,2.0,4.0,3.0
495,29.0,7.0,173.0,9.0,4.0,395.0,33.0,104.0,421.0,333.0,2.0,2.0,217.0,6.0,0.0,551.0,124.0,436.0,200.0,176.0,140.0
50,5.0,30.0,23.0,25.0,5.0,6.0,5.0,3.0,43.0,9.0,8.0,15.0,17.0,7.0,13.0,4.0,15.0,19.0,6.0,2.0,2.0
503,1.0,10.0,9.0,2.0,0.0,5.0,29.0,1.0,12.0,8.0,0.0,0.0,6.0,0.0,1.0,6.0,18.0,5.0,9.0,3.0,12.0
507,0.0,0.0,2.0,1.0,1.0,139.0,32.0,12.0,76.0,63.0,0.0,0.0,0.0,0.0,0.0,176.0,26.0,105.0,38.0,21.0,153.0
508,4.0,122.0,4.0,3.0,2.0,15.0,13.0,7.0,23.0,8.0,3.0,3.0,10.0,3.0,0.0,11.0,2.0,9.0,20.0,18.0,25.0
52,0.0,1.0,3.0,0.0,0.0,0.0,17.0,4.0,6.0,1.0,0.0,0.0,1.0,0.0,0.0,2.0,11.0,18.0,1.0,6.0,1.0
520,2.0,4.0,1.0,4.0,1.0,3.0,1.0,5.0,8.0,1.0,2.0,0.0,10.0,0.0,0.0,2.0,0.0,3.0,5.0,6.0,1.0
521,11.0,16.0,21.0,20.0,5.0,25.0,15.0,12.0,40.0,20.0,4.0,23.0,29.0,12.0,5.0,20.0,32.0,82.0,36.0,45.0,9.0
522,16.0,14.0,14.0,13.0,16.0,52.0,22.0,26.0,58.0,76.0,7.0,19.0,21.0,5.0,8.0,55.0,17.0,92.0,48.0,55.0,64.0
523,9702.0,17546.0,25981.0,9924.0,1579.0,3045.0,4556.0,1883.0,3207.0,3817.0,2103.0,32491.0,16567.0,5371.0,1548.0,2992.0,5433.0,7416.0,1517.0,1712.0,261.0
524,6.0,28.0,9.0,109.0,2.0,88.0,17.0,10.0,31.0,33.0,4.0,5.0,18.0,3.0,0.0,59.0,25.0,127.0,17.0,12.0,43.0
525,57.0,11.0,70.0,56.0,51.0,211.0,21.0,30.0,156.0,145.0,60.0,5.0,61.0,16.0,28.0,198.0,52.0,157.0,101.0,62.0,92.0
531,1.0,7.0,1.0,1.0,1.0,1.0,4.0,2.0,2.0,2.0,4.0,3.0,5.0,1.0,0.0,3.0,7.0,5.0,2.0,1.0,0.0
532,3.0,11.0,2.0,5.0,6.0,7.0,10.0,1.0,37.0,6.0,2.0,11.0,5.0,1.0,1.0,4.0,12.0,11.0,2.0,4.0,0.0
535,74.0,121.0,21.0,66.0,80.0,180.0,123.0,24.0,58.0,54.0,66.0,56.0,55.0,23.0,28.0,238.0,77.0,107.0,34.0,45.0,59.0
538,221.0,49.0,145.0,262.0,245.0,561.0,561.0,130.0,399.0,355.0,275.0,205.0,121.0,121.0,187.0,573.0,381.0,496.0,283.0,164.0,135.0
539,4675.0,22958.0,10382.0,9225.0,1466.0,1105.0,1189.0,768.0,585.0,1687.0,1258.0,3418.0,5971.0,2681.0,1266.0,561.0,721.0,3407.0,229.0,627.0,59.0
540,76570.0,22323.0,6174.0,31631.0,64770.0,672.0,271.0,44.0,195.0,311.0,18737.0,4992.0,3463.0,42375.0,35805.0,760.0,167.0,319.0,125.0,103.0,531.0
541,3.0,9.0,9.0,14.0,12.0,6.0,12.0,7.0,13.0,5.0,6.0,3.0,13.0,3.0,6.0,7.0,10.0,13.0,7.0,5.0,0.0
543,35.0,153.0,45.0,405.0,12.0,1.0,16.0,1.0,20.0,5.0,2.0,16.0,13.0,15.0,7.0,2.0,41.0,29.0,0.0,3.0,1.0
545,10.0,293.0,16.0,19.0,47.0,38.0,138.0,4.0,33.0,62.0,38.0,82.0,39.0,8.0,14.0,40.0,80.0,40.0,7.0,24.0,37.0
546,19.0,26.0,11.0,12.0,9.0,2941.0,3608.0,749.0,1967.0,3166.0,0.0,8.0,13.0,9.0,7.0,2365.0,4749.0,8668.0,562.0,775.0,260.0
557,17.0,10.0,2.0,27.0,19.0,186.0,52.0,45.0,113.0,168.0,7.0,0.0,10.0,25.0,19.0,109.0,21.0,91.0,63.0,60.0,61.0
559,1.0,20.0,21.0,16.0,7.0,7.0,10.0,6.0,36.0,14.0,2.0,43.0,12.0,3.0,1.0,5.0,5.0,25.0,4.0,8.0,2.0
564,12.0,50.0,15.0,13.0,17.0,14.0,25.0,11.0,49.0,15.0,5.0,41.0,14.0,10.0,7.0,26.0,16.0,35.0,11.0,11.0,25.0
567,17.0,24.0,37.0,22.0,18.0,23.0,18.0,20.0,105.0,37.0,11.0,25.0,43.0,18.0,7.0,17.0,25.0,64.0,16.0,31.0,4.0
57,0.0,0.0,4.0,0.0,0.0,252.0,24.0,21.0,104.0,70.0,0.0,0.0,0.0,1.0,1.0,215.0,14.0,79.0,104.0,47.0,153.0
571,31.0,359.0,81.0,679.0,11.0,85.0,19.0,7.0,114.0,71.0,10.0,58.0,176.0,286.0,151.0,105.0,16.0,48.0,53.0,33.0,136.0
574,4.0,5.0,20.0,3.0,1.0,10.0,7.0,2.0,27.0,14.0,2.0,1.0,22.0,1.0,0.0,3.0,6.0,23.0,0.0,0.0,0.0
576,1.0,14.0,2.0,0.0,1.0,5.0,3.0,3.0,16.0,5.0,1.0,6.0,1.0,1.0,1.0,2.0,6.0,7.0,2.0,8.0,0.0
578,89.0,661.0,105.0,184.0,160.0,2308.0,6223.0,649.0,2073.0,2424.0,65.0,245.0,113.0,108.0,91.0,2421.0,7205.0,6081.0,604.0,706.0,327.0
58,1.0,1.0,2.0,1.0,2.0,82.0,10.0,137.0,206.0,105.0,0.0,2.0,1.0,0.0,1.0,78.0,62.0,281.0,120.0,61.0,109.0
581,1.0,4.0,4.0,1.0,2.0,9.0,17.0,6.0,34.0,18.0,0.0,5.0,2.0,0.0,1.0,8.0,25.0,34.0,11.0,7.0,0.0
586,8.0,8.0,2.0,21.0,9.0,19.0,2.0,14.0,27.0,8.0,2.0,1.0,8.0,4.0,10.0,9.0,8.0,47.0,9.0,13.0,3.0
588,2.0,2.0,4.0,5.0,3.0,14.0,3.0,16.0,24.0,15.0,2.0,0.0,23.0,0.0,2.0,11.0,7.0,28.0,12.0,25.0,2.0
589,45.0,496.0,756.0,195.0,17.0,3238.0,5259.0,2855.0,2167.0,4265.0,6.0,147.0,439.0,18.0,6.0,2699.0,6032.0,10726.0,1442.0,1969.0,227.0
590,9.0,6.0,15.0,41.0,13.0,11.0,6.0,10.0,34.0,9.0,7.0,19.0,10.0,4.0,3.0,3.0,11.0,23.0,3.0,8.0,4.0
596,1.0,2.0,4.0,4.0,5.0,12.0,9.0,16.0,33.0,21.0,1.0,1.0,4.0,2.0,2.0,10.0,11.0,29.0,22.0,33.0,4.0
598,13232.0,36683.0,31684.0,15410.0,2324.0,3676.0,5508.0,1997.0,3563.0,4899.0,2898.0,30060.0,20103.0,6792.0,2040.0,3056.0,5386.0,9555.0,1243.0,1743.0,243.0
599,75.0,5.0,31.0,98.0,96.0,111.0,5.0,23.0,87.0,53.0,53.0,7.0,61.0,52.0,55.0,67.0,20.0,88.0,34.0,48.0,46.0
599_ref1,3.0,1.0,683.0,13.0,3.0,96.0,16.0,72.0,277.0,2176.0,6.0,0.0,332.0,0.0,0.0,158.0,4.0,228.0,117.0,496.0,470.0
599_ref2,8.0,0.0,185.0,5.0,5.0,45.0,6.0,64.0,133.0,710.0,4.0,1.0,138.0,0.0,0.0,73.0,46.0,135.0,115.0,526.0,412.0
6,5.0,1.0,421.0,8.0,3.0,75.0,5.0,13.0,77.0,90.0,2.0,1.0,1.0,2.0,1.0,109.0,13.0,179.0,31.0,33.0,28.0
60,27.0,1.0,37.0,36.0,29.0,208.0,19.0,19.0,161.0,166.0,34.0,0.0,31.0,32.0,11.0,126.0,43.0,137.0,64.0,42.0,82.0
61,1.0,0.0,2.0,4.0,1.0,1.0,2.0,0.0,11.0,3.0,0.0,0.0,1.0,0.0,0.0,1.0,4.0,2.0,2.0,2.0,0.0
611,4.0,27.0,3.0,5.0,2.0,98.0,21.0,14.0,109.0,129.0,0.0,10.0,11.0,0.0,0.0,89.0,46.0,90.0,37.0,36.0,58.0
616,19.0,18.0,15.0,26.0,34.0,30.0,24.0,19.0,24.0,32.0,13.0,7.0,35.0,6.0,8.0,40.0,18.0,47.0,15.0,37.0,7.0
619,11.0,7.0,12.0,6.0,5.0,14.0,2.0,5.0,24.0,13.0,2.0,1.0,16.0,7.0,4.0,11.0,7.0,17.0,14.0,6.0,2.0
622,8.0,1.0,457.0,15.0,9.0,743.0,240.0,643.0,651.0,572.0,4.0,2.0,334.0,19.0,8.0,626.0,48.0,1045.0,276.0,285.0,105.0
627,4.0,1.0,3.0,4.0,13.0,14.0,3.0,7.0,18.0,5.0,2.0,0.0,7.0,1.0,6.0,8.0,5.0,24.0,11.0,11.0,2.0
631,63.0,22.0,43.0,37.0,38.0,169.0,16.0,55.0,114.0,89.0,20.0,10.0,64.0,28.0,8.0,222.0,40.0,109.0,69.0,100.0,37.0
632,116.0,90.0,96.0,136.0,187.0,29.0,25.0,26.0,51.0,27.0,89.0,181.0,89.0,80.0,88.0,20.0,27.0,103.0,26.0,53.0,8.0
636,7.0,6.0,8.0,7.0,14.0,24.0,11.0,10.0,32.0,18.0,5.0,2.0,11.0,2.0,5.0,24.0,4.0,41.0,17.0,28.0,8.0
638,5.0,6.0,6.0,2.0,3.0,6.0,1.0,3.0,8.0,5.0,0.0,3.0,3.0,0.0,3.0,5.0,3.0,5.0,1.0,2.0,0.0
639,15.0,31.0,33.0,58.0,25.0,268.0,17.0,10.0,67.0,59.0,19.0,29.0,43.0,15.0,16.0,229.0,12.0,101.0,15.0,16.0,65.0
64,24.0,53.0,19.0,58.0,17.0,9.0,15.0,7.0,21.0,33.0,9.0,8.0,9.0,13.0,23.0,9.0,14.0,19.0,6.0,9.0,11.0
640,6.0,11.0,11.0,24.0,11.0,19.0,12.0,4.0,25.0,61.0,4.0,3.0,27.0,2.0,3.0,34.0,18.0,42.0,16.0,14.0,6.0
642,24.0,87.0,24.0,44.0,43.0,20.0,34.0,4.0,34.0,15.0,33.0,49.0,53.0,19.0,21.0,9.0,24.0,43.0,14.0,19.0,3.0
648,481.0,1363.0,1583.0,465.0,190.0,1254.0,371.0,535.0,369.0,822.0,110.0,1795.0,1403.0,145.0,73.0,1426.0,695.0,1518.0,170.0,409.0,153.0
649,98.0,24.0,98.0,231.0,207.0,89.0,2.0,36.0,85.0,77.0,102.0,10.0,209.0,83.0,122.0,74.0,14.0,86.0,41.0,77.0,51.0
65,22.0,20.0,3.0,23.0,14.0,4.0,9.0,5.0,6.0,2.0,1.0,5.0,6.0,14.0,9.0,2.0,8.0,19.0,3.0,5.0,3.0
651,7.0,2.0,13.0,18.0,17.0,13.0,26.0,12.0,11.0,10.0,9.0,1.0,12.0,5.0,11.0,7.0,22.0,15.0,9.0,11.0,5.0
652,30.0,16.0,488.0,51.0,65.0,92.0,20.0,12.0,170.0,76.0,31.0,18.0,203.0,49.0,23.0,141.0,23.0,74.0,90.0,46.0,361.0
653,29.0,221.0,187.0,27.0,36.0,154.0,235.0,228.0,206.0,148.0,14.0,221.0,176.0,2.0,4.0,154.0,185.0,383.0,145.0,81.0,116.0
657,45.0,118.0,27.0,65.0,71.0,37.0,36.0,45.0,57.0,37.0,21.0,48.0,42.0,19.0,29.0,33.0,18.0,91.0,49.0,67.0,16.0
658,18.0,8.0,7.0,10.0,11.0,6.0,0.0,4.0,5.0,4.0,16.0,4.0,9.0,1.0,7.0,4.0,1.0,11.0,0.0,5.0,1.0
66,1.0,1.0,3.0,4.0,2.0,5.0,8.0,4.0,8.0,6.0,5.0,0.0,1.0,0.0,1.0,1.0,8.0,10.0,5.0,5.0,2.0
660,3.0,5.0,3.0,14.0,6.0,4.0,11.0,3.0,10.0,2.0,11.0,8.0,12.0,3.0,8.0,4.0,7.0,11.0,4.0,9.0,2.0
666,17.0,184.0,13.0,18.0,14.0,257.0,113.0,15.0,86.0,88.0,16.0,52.0,11.0,8.0,5.0,172.0,106.0,147.0,24.0,17.0,88.0
667,17.0,33.0,26.0,35.0,41.0,16.0,20.0,8.0,32.0,7.0,12.0,14.0,31.0,20.0,13.0,9.0,14.0,47.0,21.0,21.0,5.0
668,11.0,22.0,1.0,88.0,18.0,11.0,13.0,10.0,17.0,7.0,10.0,9.0,7.0,8.0,3.0,7.0,2.0,21.0,8.0,7.0,3.0
673,655.0,83.0,804.0,1237.0,1382.0,1365.0,57.0,662.0,1565.0,823.0,630.0,27.0,985.0,527.0,715.0,1079.0,104.0,1474.0,1167.0,1191.0,1081.0
674,17.0,74.0,17.0,63.0,28.0,9.0,5.0,9.0,15.0,13.0,11.0,45.0,18.0,18.0,18.0,11.0,9.0,28.0,9.0,26.0,5.0
676,143.0,262.0,192.0,850.0,587.0,297.0,167.0,115.0,534.0,397.0,215.0,120.0,340.0,314.0,227.0,465.0,192.0,466.0,390.0,283.0,383.0
677,1.0,1.0,2.0,3.0,1.0,10.0,4.0,7.0,9.0,9.0,2.0,0.0,1.0,0.0,0.0,5.0,6.0,18.0,11.0,11.0,2.0
683,1.0,1.0,0.0,0.0,1.0,4.0,0.0,3.0,6.0,1.0,2.0,1.0,0.0,1.0,1.0,5.0,2.0,8.0,5.0,3.0,3.0
685,0.0,11.0,1.0,0.0,3.0,31.0,10.0,15.0,37.0,31.0,1.0,1.0,3.0,2.0,0.0,56.0,11.0,49.0,7.0,25.0,36.0
689,23.0,65.0,17.0,13.0,23.0,917.0,1396.0,30.0,134.0,223.0,18.0,25.0,14.0,11.0,12.0,788.0,1511.0,716.0,57.0,43.0,88.0
690,210.0,218.0,265.0,67.0,87.0,53.0,54.0,51.0,56.0,62.0,209.0,454.0,178.0,81.0,19.0,37.0,193.0,275.0,25.0,33.0,8.0
692,0.0,15.0,6.0,1.0,0.0,51.0,11.0,16.0,60.0,56.0,0.0,2.0,4.0,0.0,0.0,84.0,35.0,71.0,29.0,24.0,92.0
693,7.0,24.0,5.0,24.0,12.0,9.0,2.0,0.0,9.0,12.0,13.0,0.0,6.0,9.0,5.0,7.0,7.0,18.0,12.0,8.0,6.0
695,9.0,5.0,49.0,33.0,15.0,2591.0,78.0,1149.0,1389.0,4947.0,12.0,2.0,32.0,15.0,9.0,2416.0,238.0,10671.0,379.0,865.0,205.0
697,21.0,2.0,2.0,6.0,6.0,13.0,3.0,12.0,13.0,6.0,2.0,3.0,3.0,7.0,7.0,12.0,5.0,32.0,20.0,18.0,5.0
7,1.0,1.0,4.0,4.0,6.0,12.0,4.0,3.0,19.0,8.0,2.0,1.0,5.0,2.0,3.0,4.0,6.0,17.0,16.0,5.0,3.0
701,0.0,34.0,8.0,7.0,2.0,496.0,3374.0,68.0,422.0,285.0,0.0,7.0,12.0,2.0,0.0,535.0,3099.0,1025.0,245.0,169.0,136.0
702,1.0,59.0,31.0,10.0,3.0,73.0,27.0,20.0,60.0,35.0,3.0,4.0,16.0,6.0,1.0,72.0,34.0,69.0,44.0,50.0,63.0
703,13.0,5.0,12.0,7.0,10.0,7.0,0.0,2.0,5.0,4.0,19.0,2.0,4.0,6.0,7.0,3.0,16.0,22.0,0.0,6.0,0.0
705,0.0,1.0,3.0,0.0,0.0,26.0,8.0,14.0,25.0,44.0,0.0,0.0,1.0,0.0,0.0,17.0,16.0,39.0,9.0,14.0,10.0
709,5.0,9.0,18.0,9.0,20.0,5.0,0.0,7.0,9.0,7.0,1.0,3.0,7.0,13.0,6.0,5.0,2.0,7.0,7.0,6.0,2.0
711,0.0,1.0,2.0,1.0,2.0,2.0,1.0,1.0,6.0,1.0,1.0,0.0,3.0,1.0,0.0,2.0,1.0,3.0,1.0,3.0,0.0
713,19.0,6.0,7.0,34.0,21.0,11.0,12.0,6.0,25.0,4.0,14.0,1.0,15.0,16.0,6.0,0.0,12.0,8.0,10.0,6.0,33.0
715,1.0,9.0,0.0,0.0,1.0,6.0,6.0,2.0,13.0,0.0,1.0,1.0,1.0,0.0,0.0,7.0,7.0,14.0,10.0,1.0,13.0
717,35.0,13.0,91.0,80.0,35.0,332.0,3.0,20.0,113.0,98.0,26.0,9.0,73.0,56.0,42.0,255.0,16.0,171.0,52.0,39.0,197.0
721,0.0,19.0,3.0,7.0,4.0,11.0,9.0,5.0,5.0,6.0,1.0,7.0,5.0,5.0,3.0,6.0,9.0,6.0,10.0,11.0,0.0
724,2.0,18.0,8.0,16.0,7.0,871.0,27.0,79.0,385.0,258.0,2.0,0.0,7.0,6.0,1.0,884.0,6.0,490.0,155.0,85.0,216.0
727,143.0,55.0,247.0,136.0,102.0,155.0,37.0,71.0,127.0,131.0,136.0,494.0,218.0,54.0,81.0,153.0,62.0,231.0,98.0,105.0,122.0
729,73.0,156.0,69.0,177.0,85.0,98.0,37.0,30.0,69.0,68.0,78.0,109.0,117.0,70.0,66.0,59.0,43.0,86.0,48.0,57.0,66.0
731,29.0,27.0,153.0,67.0,9.0,979.0,215.0,271.0,760.0,640.0,15.0,3.0,84.0,14.0,3.0,768.0,274.0,1014.0,454.0,412.0,793.0
732,3.0,15.0,32.0,8.0,1.0,404.0,209.0,51.0,149.0,159.0,4.0,1.0,12.0,2.0,1.0,319.0,197.0,282.0,88.0,84.0,153.0
734,21.0,18.0,7.0,18.0,41.0,12.0,5.0,6.0,30.0,8.0,26.0,13.0,16.0,21.0,16.0,10.0,8.0,21.0,8.0,18.0,5.0
735,2.0,0.0,5.0,3.0,0.0,9.0,9.0,10.0,20.0,11.0,1.0,2.0,8.0,1.0,0.0,13.0,35.0,42.0,13.0,11.0,6.0
738,5.0,41.0,2.0,4.0,5.0,0.0,7.0,6.0,11.0,5.0,2.0,16.0,7.0,5.0,2.0,3.0,29.0,20.0,7.0,7.0,2.0
739,81.0,17.0,196.0,173.0,112.0,1979.0,126.0,376.0,2402.0,2237.0,157.0,13.0,179.0,103.0,79.0,2289.0,630.0,4608.0,676.0,507.0,2014.0
740,13.0,3.0,8.0,14.0,1.0,20.0,7.0,6.0,29.0,15.0,5.0,0.0,14.0,3.0,2.0,11.0,16.0,36.0,17.0,25.0,8.0
741,8.0,6.0,13.0,28.0,37.0,7.0,1.0,5.0,11.0,5.0,16.0,2.0,22.0,12.0,10.0,6.0,3.0,19.0,9.0,10.0,1.0
742,40.0,46.0,58.0,231.0,42.0,239.0,106.0,70.0,442.0,494.0,32.0,8.0,128.0,28.0,30.0,229.0,308.0,423.0,293.0,218.0,262.0
748,2.0,4.0,352.0,10.0,15.0,198.0,24.0,16.0,124.0,56.0,15.0,4.0,8.0,3.0,6.0,253.0,7.0,90.0,59.0,25.0,232.0
749,24.0,11.0,9.0,16.0,14.0,336.0,8.0,16.0,65.0,73.0,2.0,3.0,4.0,9.0,12.0,222.0,8.0,89.0,24.0,27.0,101.0
754,26.0,23.0,17.0,18.0,23.0,10.0,9.0,11.0,30.0,15.0,9.0,14.0,13.0,17.0,11.0,6.0,23.0,37.0,8.0,6.0,3.0
755,4.0,11.0,3.0,6.0,5.0,5.0,17.0,9.0,11.0,5.0,3.0,2.0,7.0,7.0,2.0,4.0,2.0,27.0,7.0,5.0,1.0
756,135.0,226.0,357.0,894.0,873.0,279.0,175.0,127.0,218.0,234.0,660.0,47.0,364.0,351.0,504.0,221.0,334.0,342.0,210.0,229.0,255.0
760,93559.0,29286.0,10819.0,86453.0,82042.0,337.0,335.0,25.0,121.0,178.0,22854.0,7306.0,5608.0,59994.0,67098.0,248.0,79.0,193.0,38.0,70.0,64.0
77,5.0,2.0,2.0,8.0,5.0,73.0,30.0,45.0,54.0,52.0,6.0,7.0,6.0,2.0,9.0,47.0,163.0,115.0,14.0,58.0,20.0
772,4.0,37.0,3.0,15.0,2.0,1.0,7.0,1.0,15.0,2.0,2.0,39.0,7.0,12.0,3.0,6.0,18.0,21.0,5.0,5.0,2.0
775,4.0,8.0,14.0,13.0,5.0,84.0,23.0,31.0,148.0,74.0,4.0,9.0,17.0,3.0,3.0,109.0,65.0,104.0,100.0,69.0,189.0
778,7.0,6.0,23.0,16.0,9.0,32.0,9.0,37.0,62.0,68.0,10.0,5.0,18.0,8.0,2.0,60.0,32.0,60.0,22.0,48.0,11.0
78,7.0,2.0,0.0,6.0,3.0,2.0,1.0,5.0,21.0,7.0,0.0,0.0,1.0,2.0,0.0,6.0,5.0,15.0,5.0,7.0,0.0
782,0.0,1.0,7.0,0.0,0.0,17.0,20.0,19.0,17.0,10.0,0.0,1.0,4.0,1.0,1.0,13.0,43.0,40.0,10.0,19.0,6.0
783,64.0,679.0,6130.0,69.0,68.0,2223.0,3721.0,354.0,1252.0,3248.0,33.0,2868.0,5564.0,61.0,17.0,1431.0,3074.0,6296.0,285.0,545.0,153.0
784,5.0,16.0,5.0,4.0,5.0,14.0,21.0,4.0,22.0,13.0,2.0,17.0,3.0,3.0,1.0,5.0,27.0,24.0,1.0,7.0,0.0
789,5.0,4.0,12.0,1.0,1.0,30.0,15.0,8.0,85.0,43.0,2.0,1.0,9.0,0.0,0.0,26.0,40.0,44.0,17.0,21.0,76.0
790,6.0,29.0,26.0,41.0,16.0,32.0,16.0,17.0,45.0,27.0,7.0,14.0,24.0,4.0,11.0,20.0,34.0,58.0,16.0,19.0,36.0
791,11.0,34.0,6.0,31.0,32.0,20.0,4.0,4.0,69.0,23.0,8.0,7.0,11.0,13.0,18.0,33.0,13.0,38.0,18.0,19.0,68.0
795,77.0,93.0,238.0,160.0,59.0,3200.0,106.0,2221.0,2298.0,5693.0,41.0,8.0,232.0,73.0,16.0,2882.0,842.0,11372.0,1060.0,1741.0,452.0
796,4.0,114.0,80.0,10.0,4.0,245.0,104.0,77.0,347.0,380.0,3.0,85.0,44.0,10.0,2.0,211.0,112.0,207.0,193.0,203.0,361.0
797,4.0,7.0,1.0,5.0,4.0,6.0,8.0,4.0,8.0,6.0,2.0,9.0,4.0,9.0,1.0,3.0,5.0,10.0,5.0,9.0,0.0
798,2.0,16.0,33.0,15.0,5.0,69.0,40.0,51.0,43.0,90.0,2.0,2.0,9.0,2.0,1.0,83.0,144.0,140.0,67.0,103.0,9.0
800,4.0,10.0,6.0,0.0,1.0,7.0,2.0,4.0,16.0,3.0,0.0,0.0,3.0,0.0,0.0,2.0,5.0,12.0,4.0,5.0,2.0
801,3.0,33.0,1.0,3.0,5.0,3.0,52.0,2.0,13.0,3.0,1.0,31.0,3.0,2.0,0.0,9.0,50.0,8.0,6.0,4.0,23.0
803,1.0,0.0,1.0,0.0,0.0,12.0,0.0,3.0,11.0,9.0,1.0,0.0,1.0,1.0,0.0,5.0,7.0,10.0,4.0,14.0,4.0
804,13.0,201.0,15.0,9.0,4.0,11.0,119.0,10.0,50.0,12.0,6.0,28.0,23.0,7.0,35.0,22.0,129.0,71.0,8.0,14.0,6.0
805,5.0,35.0,8.0,8.0,6.0,6.0,12.0,4.0,16.0,0.0,6.0,13.0,10.0,4.0,4.0,6.0,7.0,9.0,6.0,8.0,1.0
807,1.0,0.0,5.0,2.0,0.0,5.0,3.0,2.0,4.0,7.0,0.0,2.0,0.0,1.0,0.0,6.0,13.0,16.0,4.0,8.0,1.0
808,41.0,93.0,27.0,249.0,19.0,16.0,7.0,8.0,81.0,10.0,4.0,16.0,30.0,15.0,6.0,21.0,9.0,36.0,12.0,7.0,2.0
809,59.0,10.0,70.0,107.0,98.0,26.0,14.0,25.0,40.0,36.0,44.0,6.0,43.0,31.0,28.0,46.0,18.0,168.0,43.0,49.0,2.0
81,32.0,19.0,5.0,22.0,19.0,3.0,0.0,1.0,4.0,7.0,13.0,4.0,6.0,26.0,20.0,1.0,2.0,7.0,2.0,2.0,0.0
811,2.0,24.0,21.0,22.0,7.0,106.0,49.0,18.0,82.0,53.0,16.0,6.0,31.0,5.0,8.0,86.0,75.0,65.0,36.0,31.0,54.0
812,1.0,4.0,5.0,9.0,6.0,9.0,4.0,8.0,11.0,4.0,3.0,1.0,1.0,2.0,1.0,4.0,3.0,16.0,0.0,5.0,4.0
813,35.0,192.0,68.0,222.0,116.0,28.0,16.0,16.0,41.0,19.0,54.0,167.0,88.0,56.0,82.0,23.0,38.0,70.0,32.0,34.0,6.0
819,2.0,9.0,12.0,12.0,11.0,105.0,11.0,35.0,64.0,97.0,1.0,6.0,8.0,2.0,0.0,87.0,26.0,85.0,48.0,84.0,29.0
821,2.0,1.0,0.0,1.0,1.0,153.0,107.0,15.0,56.0,32.0,1.0,0.0,1.0,1.0,0.0,127.0,77.0,65.0,35.0,14.0,46.0
823,16.0,30.0,22.0,39.0,20.0,27.0,27.0,9.0,35.0,42.0,9.0,6.0,27.0,14.0,8.0,20.0,12.0,45.0,26.0,31.0,40.0
830,5.0,2.0,4.0,3.0,0.0,4.0,3.0,4.0,9.0,4.0,1.0,2.0,2.0,1.0,0.0,2.0,9.0,11.0,2.0,3.0,2.0
833,46.0,92.0,85.0,47.0,49.0,13.0,21.0,10.0,30.0,12.0,58.0,85.0,63.0,63.0,20.0,17.0,34.0,71.0,13.0,16.0,27.0
835,11.0,26.0,496.0,18.0,14.0,80.0,18.0,10.0,51.0,82.0,11.0,5.0,452.0,24.0,10.0,98.0,10.0,164.0,14.0,18.0,72.0
837,23.0,5.0,15.0,44.0,27.0,31.0,4.0,10.0,28.0,11.0,31.0,1.0,24.0,17.0,9.0,24.0,8.0,31.0,17.0,27.0,3.0
838,1807.0,1468.0,2698.0,4872.0,3187.0,1769.0,219.0,395.0,1329.0,1133.0,2075.0,1009.0,2536.0,2963.0,2633.0,1260.0,544.0,2072.0,817.0,991.0,1009.0
839,10.0,2.0,3.0,21.0,32.0,16.0,4.0,7.0,14.0,5.0,4.0,0.0,20.0,5.0,4.0,10.0,7.0,13.0,11.0,12.0,2.0
841,4.0,417.0,1091.0,39.0,8.0,383.0,80.0,118.0,704.0,434.0,10.0,455.0,1246.0,10.0,5.0,288.0,85.0,1326.0,219.0,82.0,130.0
842,28.0,443.0,31.0,110.0,71.0,25.0,24.0,11.0,31.0,10.0,19.0,143.0,59.0,48.0,88.0,17.0,69.0,36.0,18.0,15.0,9.0
843,22.0,142.0,35.0,49.0,31.0,170.0,217.0,125.0,147.0,69.0,11.0,75.0,43.0,12.0,20.0,176.0,256.0,250.0,129.0,118.0,128.0
848,0.0,11.0,2.0,3.0,1.0,2.0,6.0,3.0,3.0,3.0,1.0,7.0,3.0,6.0,1.0,4.0,3.0,7.0,6.0,7.0,4.0
850,4.0,48.0,21.0,10.0,8.0,297.0,255.0,66.0,352.0,183.0,3.0,10.0,20.0,3.0,0.0,317.0,367.0,410.0,238.0,148.0,342.0
853,145.0,293.0,72.0,96.0,120.0,94.0,71.0,33.0,128.0,82.0,66.0,53.0,71.0,62.0,47.0,62.0,172.0,169.0,102.0,92.0,171.0
854,3.0,14.0,2.0,1.0,2.0,101.0,90.0,4.0,76.0,43.0,1.0,4.0,4.0,2.0,0.0,93.0,64.0,158.0,23.0,9.0,44.0
857,8.0,245.0,43.0,19.0,4.0,744.0,10248.0,122.0,320.0,277.0,6.0,20.0,53.0,6.0,1.0,289.0,3720.0,1203.0,167.0,161.0,199.0
859,11.0,20.0,12.0,34.0,33.0,12.0,12.0,10.0,22.0,11.0,27.0,6.0,20.0,11.0,6.0,10.0,3.0,24.0,9.0,9.0,4.0
860,21.0,37.0,9.0,57.0,61.0,17.0,10.0,15.0,26.0,12.0,10.0,3.0,33.0,20.0,9.0,7.0,30.0,39.0,16.0,14.0,7.0
862,57.0,28.0,29.0,112.0,105.0,34.0,12.0,26.0,45.0,20.0,27.0,1.0,56.0,31.0,36.0,25.0,9.0,64.0,35.0,40.0,9.0
868,1.0,1.0,7.0,3.0,2.0,1.0,6.0,2.0,26.0,18.0,0.0,0.0,6.0,7.0,0.0,5.0,2.0,4.0,10.0,7.0,38.0
869,13.0,0.0,3.0,5.0,9.0,5.0,3.0,5.0,3.0,4.0,2.0,0.0,6.0,0.0,4.0,5.0,1.0,9.0,7.0,6.0,1.0
87,3.0,24.0,19.0,4.0,5.0,57.0,3.0,3.0,35.0,89.0,2.0,4.0,6.0,3.0,6.0,6.0,8.0,30.0,201.0,9.0,89.0
870,0.0,2.0,2.0,0.0,0.0,1.0,1.0,1.0,0.0,2.0,0.0,0.0,0.0,0.0,1.0,1.0,1.0,0.0,0.0,1.0,0.0
871,0.0,9.0,3.0,2.0,0.0,8.0,2.0,0.0,24.0,6.0,0.0,2.0,1.0,1.0,0.0,3.0,7.0,9.0,3.0,2.0,1.0
879,1.0,3.0,0.0,0.0,0.0,3.0,2.0,0.0,2.0,2.0,0.0,1.0,1.0,0.0,0.0,0.0,1.0,6.0,0.0,1.0,1.0
880,0.0,1.0,0.0,4.0,0.0,0.0,0.0,1.0,2.0,1.0,0.0,0.0,2.0,2.0,0.0,1.0,0.0,2.0,1.0,0.0,0.0
882,0.0,0.0,1.0,2.0,0.0,2.0,0.0,2.0,5.0,0.0,1.0,1.0,1.0,0.0,0.0,0.0,0.0,6.0,1.0,2.0,0.0
887,7.0,1.0,3.0,0.0,0.0,283.0,20.0,47.0,248.0,179.0,0.0,0.0,3.0,0.0,0.0,359.0,17.0,284.0,92.0,42.0,173.0
888,21.0,25.0,20.0,6.0,1.0,156.0,34.0,22.0,111.0,192.0,9.0,3.0,14.0,7.0,8.0,186.0,6.0,101.0,77.0,62.0,84.0
89,17.0,271.0,4.0,37.0,27.0,10.0,21.0,9.0,25.0,8.0,11.0,108.0,8.0,16.0,26.0,3.0,296.0,151.0,1.0,13.0,7.0
892,0.0,0.0,0.0,1.0,1.0,9.0,33.0,3.0,1.0,3.0,0.0,3.0,0.0,0.0,0.0,1.0,88.0,47.0,1.0,4.0,2.0
897,0.0,0.0,0.0,0.0,0.0,1.0,2.0,0.0,3.0,0.0,0.0,0.0,1.0,0.0,0.0,2.0,1.0,3.0,1.0,1.0,0.0
904,1.0,1.0,0.0,0.0,2.0,1.0,5.0,1.0,2.0,5.0,0.0,0.0,0.0,0.0,0.0,3.0,1.0,8.0,6.0,1.0,0.0
91,24.0,488.0,8504.0,39.0,14.0,3538.0,6141.0,3218.0,3799.0,5063.0,8.0,3151.0,6057.0,22.0,12.0,2730.0,5719.0,11859.0,2120.0,2721.0,236.0
911,22.0,11.0,20.0,24.0,6.0,23.0,7.0,11.0,16.0,19.0,14.0,6.0,15.0,14.0,9.0,16.0,16.0,27.0,15.0,14.0,13.0
916,11.0,17.0,178.0,12.0,21.0,19.0,4.0,10.0,42.0,31.0,12.0,9.0,10.0,10.0,8.0,32.0,3.0,21.0,18.0,17.0,20.0
923,3.0,14.0,9.0,5.0,9.0,19.0,26.0,2.0,19.0,5.0,5.0,5.0,5.0,7.0,1.0,10.0,49.0,32.0,4.0,11.0,80.0
924,2.0,3.0,1.0,0.0,1.0,4.0,4.0,2.0,9.0,6.0,0.0,0.0,2.0,0.0,0.0,2.0,10.0,14.0,2.0,2.0,0.0
930,2.0,5.0,5.0,9.0,1.0,3.0,9.0,4.0,27.0,7.0,2.0,1.0,3.0,0.0,0.0,4.0,13.0,11.0,2.0,7.0,2.0
931,14.0,27.0,46.0,17.0,17.0,698.0,407.0,187.0,725.0,448.0,10.0,10.0,31.0,13.0,11.0,745.0,606.0,1560.0,194.0,155.0,193.0
933,4.0,39.0,4.0,11.0,6.0,2.0,2.0,4.0,4.0,1.0,5.0,13.0,8.0,2.0,4.0,3.0,5.0,5.0,3.0,1.0,0.0
936,5.0,26.0,21.0,22.0,13.0,34.0,21.0,17.0,67.0,26.0,5.0,5.0,40.0,8.0,8.0,17.0,38.0,62.0,60.0,36.0,66.0
937,0.0,5.0,9.0,9.0,3.0,1.0,2.0,1.0,11.0,1.0,2.0,3.0,9.0,1.0,2.0,3.0,5.0,4.0,6.0,5.0,2.0
939,18.0,5.0,10.0,26.0,13.0,366.0,50.0,34.0,176.0,139.0,12.0,2.0,13.0,18.0,12.0,374.0,72.0,161.0,92.0,41.0,123.0
94,15.0,55.0,30.0,35.0,29.0,21.0,40.0,22.0,31.0,15.0,19.0,45.0,44.0,24.0,16.0,23.0,125.0,88.0,5.0,21.0,2.0
941,4.0,0.0,1.0,4.0,3.0,3.0,3.0,0.0,6.0,1.0,2.0,0.0,4.0,6.0,3.0,4.0,2.0,3.0,0.0,3.0,2.0
942,2.0,0.0,1.0,2.0,6.0,2.0,0.0,5.0,2.0,3.0,1.0,0.0,3.0,5.0,3.0,1.0,2.0,7.0,5.0,3.0,0.0
943,1.0,6.0,5.0,3.0,2.0,112.0,93.0,14.0,102.0,49.0,0.0,2.0,1.0,0.0,1.0,101.0,28.0,159.0,29.0,16.0,37.0
945,6.0,9.0,12.0,64.0,4.0,1.0,13.0,0.0,10.0,4.0,1.0,2.0,1.0,5.0,4.0,2.0,6.0,4.0,1.0,3.0,0.0
946,4.0,4.0,1.0,10.0,1.0,2.0,5.0,0.0,5.0,0.0,0.0,1.0,1.0,2.0,0.0,2.0,5.0,7.0,1.0,1.0,1.0
953,4.0,9.0,1.0,3.0,7.0,6.0,2.0,3.0,2.0,3.0,9.0,2.0,17.0,2.0,4.0,2.0,2.0,10.0,6.0,2.0,3.0
957,8.0,10.0,6.0,23.0,19.0,5.0,0.0,5.0,5.0,5.0,6.0,1.0,10.0,17.0,6.0,3.0,2.0,5.0,4.0,5.0,2.0
959,2.0,4.0,15.0,16.0,7.0,97.0,187.0,185.0,154.0,104.0,4.0,2.0,12.0,5.0,0.0,63.0,40.0,361.0,165.0,65.0,9.0
960,37.0,1.0,90.0,40.0,48.0,19.0,6.0,13.0,21.0,9.0,16.0,6.0,46.0,36.0,33.0,9.0,6.0,19.0,20.0,22.0,0.0
962,0.0,13.0,2.0,4.0,1.0,3.0,2.0,1.0,12.0,2.0,0.0,0.0,2.0,0.0,1.0,6.0,4.0,3.0,3.0,8.0,1.0
966,1.0,0.0,0.0,0.0,1.0,10.0,1.0,6.0,16.0,6.0,0.0,0.0,2.0,0.0,1.0,5.0,5.0,6.0,5.0,7.0,2.0
967,5.0,4.0,13.0,12.0,10.0,9.0,10.0,14.0,22.0,13.0,3.0,5.0,25.0,3.0,2.0,8.0,17.0,31.0,15.0,16.0,5.0
972,16.0,161.0,30.0,24.0,34.0,68.0,161.0,8.0,102.0,86.0,11.0,77.0,31.0,15.0,12.0,92.0,101.0,97.0,51.0,36.0,77.0
973,0.0,9.0,6.0,1.0,0.0,3.0,12.0,5.0,20.0,10.0,0.0,3.0,2.0,0.0,1.0,8.0,9.0,30.0,4.0,12.0,2.0
976,1.0,12.0,3.0,1.0,0.0,3.0,0.0,0.0,5.0,2.0,1.0,6.0,4.0,0.0,0.0,2.0,1.0,3.0,3.0,5.0,1.0
980,0.0,22.0,1.0,3.0,1.0,3.0,10.0,2.0,7.0,8.0,0.0,6.0,1.0,1.0,0.0,3.0,12.0,5.0,3.0,6.0,2.0
983,7.0,49.0,3.0,20.0,16.0,3.0,0.0,4.0,1.0,2.0,6.0,54.0,9.0,4.0,15.0,6.0,3.0,4.0,2.0,2.0,0.0
984,35.0,3.0,114.0,312.0,66.0,10.0,4.0,22.0,13.0,9.0,19.0,1.0,85.0,76.0,30.0,3.0,3.0,17.0,15.0,20.0,0.0
985,0.0,1.0,3.0,0.0,1.0,2.0,1.0,6.0,6.0,1.0,0.0,1.0,5.0,0.0,0.0,4.0,3.0,2.0,3.0,0.0,0.0
987,34.0,3.0,117.0,7.0,8.0,18.0,38.0,9.0,28.0,8.0,4.0,0.0,184.0,8.0,5.0,8.0,2.0,64.0,3.0,6.0,3.0
99,8.0,1.0,17.0,11.0,22.0,7.0,1.0,9.0,20.0,14.0,2.0,19.0,25.0,7.0,4.0,9.0,15.0,33.0,5.0,8.0,0.0
991,2.0,1.0,3.0,0.0,2.0,252.0,52.0,28.0,89.0,88.0,1.0,2.0,1.0,0.0,0.0,175.0,120.0,138.0,40.0,36.0,60.0
992,0.0,1.0,2.0,2.0,0.0,370.0,1223.0,38.0,126.0,109.0,0.0,1.0,0.0,0.0,0.0,345.0,1035.0,416.0,54.0,64.0,51.0
996,1116.0,342.0,4724.0,2378.0,240.0,887.0,2192.0,314.0,837.0,860.0,194.0,1657.0,3310.0,1465.0,218.0,1097.0,2926.0,2366.0,262.0,355.0,374.0
998,0.0,16.0,2.0,3.0,1.0,11.0,11.0,2.0,18.0,9.0,1.0,11.0,0.0,0.0,0.0,5.0,9.0,11.0,1.0,6.0,3.0
999,0.0,0.0,0.0,8.0,4.0,1.0,1.0,3.0,4.0,0.0,0.0,6.0,2.0,1.0,2.0,1.0,3.0,3.0,1.0,2.0,0.0
1052,0.0,2.0,1.0,0.0,0.0,3.0,2.0,0.0,6.0,1.0,0.0,1.0,1.0,0.0,0.0,1.0,1.0,3.0,0.0,1.0,0.0
17_2,0.0,0.0,1.0,0.0,0.0,1.0,1.0,0.0,2.0,3.0,0.0,0.0,0.0,0.0,0.0,0.0,0.0,0.0,0.0,0.0,1.0
217,1.0,0.0,0.0,0.0,0.0,0.0,1.0,0.0,1.0,0.0,0.0,0.0,0.0,0.0,0.0,0.0,1.0,1.0,2.0,0.0,1.0
22,0.0,2.0,0.0,1.0,0.0,0.0,0.0,0.0,1.0,0.0,0.0,1.0,0.0,0.0,0.0,0.0,1.0,3.0,0.0,1.0,0.0
292,5.0,2.0,0.0,2.0,2.0,3.0,2.0,1.0,2.0,2.0,1.0,0.0,1.0,1.0,0.0,2.0,1.0,3.0,0.0,1.0,1.0
387,2.0,3.0,1.0,0.0,0.0,1.0,3.0,0.0,10.0,1.0,0.0,0.0,1.0,0.0,0.0,2.0,2.0,3.0,0.0,2.0,0.0
411,1.0,0.0,4.0,1.0,0.0,4.0,4.0,0.0,2.0,1.0,0.0,0.0,0.0,0.0,0.0,1.0,4.0,3.0,3.0,3.0,0.0
44,0.0,0.0,0.0,0.0,0.0,0.0,1.0,0.0,1.0,0.0,0.0,0.0,0.0,0.0,0.0,0.0,1.0,5.0,1.0,0.0,0.0
501,3.0,6.0,3.0,1.0,1.0,1.0,0.0,1.0,0.0,0.0,5.0,7.0,6.0,1.0,0.0,0.0,3.0,2.0,0.0,1.0,0.0
506,1.0,0.0,0.0,1.0,1.0,1.0,0.0,0.0,1.0,0.0,0.0,0.0,1.0,0.0,0.0,1.0,2.0,0.0,0.0,0.0,0.0
59,0.0,0.0,0.0,0.0,0.0,3.0,2.0,2.0,4.0,0.0,0.0,0.0,0.0,0.0,0.0,3.0,1.0,5.0,0.0,1.0,1.0
607,2.0,1.0,0.0,0.0,0.0,4.0,2.0,2.0,9.0,6.0,3.0,0.0,0.0,0.0,0.0,5.0,1.0,5.0,1.0,3.0,0.0
643,0.0,1.0,0.0,1.0,0.0,3.0,5.0,3.0,3.0,2.0,0.0,0.0,1.0,2.0,0.0,2.0,3.0,6.0,0.0,4.0,0.0
753,6.0,22.0,29.0,16.0,10.0,11.0,23.0,6.0,17.0,12.0,10.0,6.0,16.0,12.0,4.0,9.0,47.0,22.0,6.0,6.0,2.0
79,3.0,0.0,0.0,4.0,1.0,2.0,4.0,9.0,5.0,3.0,1.0,0.0,7.0,3.0,2.0,5.0,0.0,7.0,4.0,2.0,0.0
917,1.0,2.0,0.0,1.0,0.0,1.0,0.0,1.0,1.0,0.0,0.0,1.0,1.0,1.0,0.0,0.0,0.0,2.0,4.0,2.0,2.0
956,1.0,3.0,5.0,26.0,14.0,4.0,0.0,1.0,6.0,2.0,4.0,0.0,2.0,5.0,0.0,4.0,1.0,4.0,5.0,2.0,0.0
454,0.0,0.0,1.0,0.0,0.0,1.0,0.0,0.0,1.0,0.0,0.0,0.0,0.0,0.0,0.0,2.0,1.0,0.0,1.0,0.0,1.0
932,1.0,6.0,1.0,3.0,2.0,4.0,0.0,0.0,2.0,2.0,2.0,4.0,2.0,1.0,3.0,0.0,2.0,3.0,3.0,0.0,0.0
