strain_id,A_MTX_5-FC.ADE17_PGM2,A_MTX_Fluconazole.ADE17_PGM2,A_MTX_Metformin.ADE17_PGM2,A_MTX_Trifluoperazine.ADE17_PGM2,A_MTX_noDrug.ADE17_PGM2,A_noMTX_5-FC.ADE17_PGM2,A_noMTX_Fluconazole.ADE17_PGM2,A_noMTX_Metformin.ADE17_PGM2,A_noMTX_Trifluoperazine.ADE17_PGM2,A_noMTX_noDrug.ADE17_PGM2,B_MTX_5-FC.ADE17_PGM2,B_MTX_Fluconazole.ADE17_PGM2,B_MTX_Metformin.ADE17_PGM2,B_MTX_Trifluoperazine.ADE17_PGM2,B_MTX_noDrug.ADE17_PGM2,B_noMTX_5-FC.ADE17_PGM2,B_noMTX_Fluconazole.ADE17_PGM2,B_noMTX_Metformin.ADE17_PGM2,B_noMTX_Trifluoperazine.ADE17_PGM2,B_noMTX_noDrug.ADE17_PGM2,T0_noMTX_noDrug.ADE17_PGM2
1005,1.0,1.0,2.0,0.0,1.0,10.0,9.0,2.0,3.0,4.0,0.0,0.0,0.0,0.0,0.0,3.0,8.0,3.0,7.0,5.0,1.0
1007,3.0,1.0,3.0,1.0,0.0,187.0,24.0,81.0,273.0,87.0,2.0,3.0,0.0,1.0,0.0,139.0,2.0,331.0,303.0,120.0,64.0
1013,1.0,1.0,1.0,0.0,3.0,54.0,1.0,1.0,0.0,7.0,2.0,0.0,2.0,4.0,0.0,0.0,1.0,168.0,19.0,4.0,14.0
1016,12.0,1.0,3.0,5.0,18.0,14.0,21.0,11.0,9.0,11.0,0.0,0.0,2.0,1.0,0.0,8.0,6.0,16.0,13.0,12.0,12.0
1018,23.0,5.0,46.0,46.0,84.0,96.0,20.0,26.0,94.0,29.0,31.0,1.0,34.0,91.0,35.0,135.0,9.0,169.0,70.0,24.0,38.0
1020,36.0,1.0,38.0,27.0,62.0,118.0,15.0,150.0,183.0,176.0,21.0,5.0,46.0,89.0,50.0,142.0,10.0,518.0,306.0,133.0,58.0
1025,3.0,2.0,15.0,5.0,3.0,40.0,60.0,14.0,20.0,38.0,3.0,0.0,9.0,4.0,1.0,31.0,69.0,46.0,35.0,16.0,20.0
1027,0.0,33.0,4.0,1.0,0.0,81.0,556.0,15.0,26.0,40.0,1.0,1.0,0.0,0.0,1.0,33.0,114.0,152.0,101.0,23.0,9.0
1035,6.0,10.0,9.0,25.0,28.0,2.0,1.0,2.0,2.0,3.0,11.0,11.0,14.0,7.0,5.0,4.0,2.0,8.0,6.0,4.0,2.0
1038,15.0,0.0,10.0,11.0,54.0,530.0,26.0,771.0,2008.0,491.0,17.0,1.0,96.0,17.0,5.0,693.0,1.0,2955.0,899.0,465.0,250.0
1040,4.0,1.0,31.0,37.0,20.0,298.0,9.0,116.0,235.0,191.0,1.0,1.0,11.0,26.0,1.0,170.0,20.0,169.0,283.0,313.0,44.0
1046,0.0,1.0,1.0,0.0,0.0,114.0,15.0,60.0,221.0,48.0,0.0,1.0,0.0,0.0,0.0,152.0,8.0,290.0,427.0,57.0,112.0
1050,9.0,0.0,11.0,2.0,4.0,38.0,2.0,50.0,78.0,53.0,3.0,0.0,1.0,2.0,2.0,21.0,3.0,85.0,31.0,35.0,7.0
1065,2.0,18.0,1.0,2.0,5.0,0.0,0.0,0.0,0.0,1.0,1.0,15.0,1.0,0.0,0.0,0.0,1.0,0.0,1.0,0.0,1.0
1069,218.0,32128.0,647.0,209.0,380.0,1290.0,221.0,1365.0,1715.0,1107.0,180.0,18459.0,1941.0,528.0,191.0,1529.0,120.0,5121.0,2811.0,1232.0,795.0
107,0.0,4.0,1.0,0.0,0.0,126.0,22.0,44.0,53.0,86.0,0.0,3.0,1.0,1.0,0.0,94.0,18.0,379.0,190.0,67.0,46.0
113,18.0,5.0,2.0,4.0,1.0,2.0,6.0,0.0,5.0,2.0,6.0,1.0,1.0,1.0,3.0,1.0,9.0,4.0,2.0,3.0,1.0
119,1.0,7.0,2.0,4.0,1.0,0.0,3.0,3.0,2.0,0.0,0.0,2.0,2.0,3.0,1.0,1.0,9.0,6.0,0.0,0.0,2.0
124,6.0,2.0,1.0,4.0,4.0,0.0,6.0,2.0,6.0,2.0,4.0,1.0,3.0,14.0,1.0,6.0,5.0,3.0,5.0,4.0,3.0
128,3.0,0.0,1.0,0.0,2.0,110.0,12.0,61.0,112.0,106.0,0.0,1.0,3.0,2.0,0.0,121.0,119.0,224.0,242.0,92.0,83.0
132,0.0,0.0,7.0,4.0,2.0,305.0,16.0,498.0,753.0,472.0,1.0,10.0,4.0,0.0,0.0,356.0,11.0,1726.0,1477.0,487.0,118.0
133,1.0,1.0,5.0,0.0,3.0,14.0,8.0,5.0,15.0,19.0,12.0,2.0,0.0,0.0,1.0,13.0,8.0,27.0,12.0,6.0,4.0
136,0.0,1.0,0.0,1.0,0.0,2.0,1.0,3.0,9.0,5.0,0.0,0.0,0.0,0.0,0.0,0.0,7.0,4.0,6.0,3.0,4.0
14,34.0,684.0,40.0,25.0,66.0,183.0,863.0,382.0,1299.0,160.0,22.0,4026.0,176.0,41.0,22.0,155.0,27.0,2885.0,369.0,245.0,120.0
146,99.0,31.0,154.0,133.0,93.0,753.0,179.0,474.0,1149.0,678.0,57.0,42.0,183.0,96.0,44.0,896.0,137.0,2121.0,1456.0,776.0,761.0
15,4.0,2.0,4.0,12.0,25.0,4.0,16.0,4.0,12.0,3.0,8.0,16.0,2.0,6.0,5.0,1.0,2.0,42.0,6.0,7.0,1.0
151,1.0,1.0,2.0,4.0,3.0,6.0,5.0,6.0,11.0,9.0,3.0,1.0,1.0,0.0,2.0,2.0,8.0,10.0,34.0,8.0,49.0
153,3.0,5.0,3.0,4.0,1.0,5.0,26.0,6.0,7.0,1.0,2.0,1.0,1.0,2.0,1.0,7.0,43.0,11.0,2.0,3.0,3.0
17,0.0,2.0,1.0,2.0,0.0,1.0,0.0,0.0,1.0,1.0,2.0,3.0,0.0,2.0,0.0,1.0,1.0,4.0,1.0,3.0,0.0
171,7.0,1.0,4.0,5.0,6.0,3.0,16.0,3.0,8.0,6.0,3.0,5.0,7.0,3.0,1.0,4.0,5.0,17.0,2.0,5.0,1.0
175,0.0,1.0,0.0,0.0,0.0,1.0,2.0,1.0,1.0,2.0,1.0,0.0,0.0,0.0,0.0,4.0,1.0,3.0,1.0,2.0,0.0
180,0.0,1.0,1.0,0.0,1.0,7.0,8.0,3.0,3.0,4.0,5.0,0.0,0.0,1.0,2.0,10.0,2.0,8.0,7.0,5.0,2.0
180_2,12.0,20.0,2.0,5.0,7.0,8.0,21.0,8.0,5.0,10.0,13.0,6.0,3.0,4.0,1.0,6.0,12.0,12.0,7.0,13.0,6.0
185,1.0,0.0,0.0,3.0,2.0,3.0,3.0,2.0,3.0,4.0,0.0,0.0,1.0,1.0,3.0,2.0,2.0,11.0,2.0,2.0,1.0
187,0.0,0.0,1.0,0.0,2.0,113.0,8.0,123.0,32.0,148.0,0.0,0.0,0.0,1.0,0.0,101.0,8.0,551.0,317.0,104.0,93.0
188,3.0,27.0,5.0,4.0,3.0,10.0,1.0,6.0,10.0,4.0,1.0,10.0,4.0,2.0,2.0,7.0,2.0,21.0,23.0,10.0,3.0
192,9.0,55.0,13.0,16.0,20.0,6.0,13.0,4.0,7.0,5.0,1.0,12.0,1.0,11.0,6.0,7.0,22.0,6.0,3.0,2.0,5.0
20,0.0,0.0,0.0,3.0,1.0,2.0,0.0,2.0,3.0,0.0,0.0,5.0,1.0,4.0,2.0,2.0,0.0,15.0,9.0,2.0,1.0
209,1.0,6.0,3.0,0.0,0.0,12.0,28.0,19.0,78.0,18.0,1.0,2.0,1.0,2.0,0.0,30.0,11.0,46.0,75.0,33.0,69.0
210,0.0,0.0,3.0,2.0,2.0,7.0,6.0,1.0,14.0,6.0,1.0,2.0,2.0,0.0,0.0,3.0,5.0,17.0,9.0,6.0,4.0
226,4.0,0.0,1.0,4.0,1.0,4.0,4.0,1.0,8.0,4.0,4.0,1.0,7.0,15.0,3.0,1.0,2.0,7.0,6.0,2.0,10.0
235,1.0,0.0,0.0,0.0,2.0,1.0,2.0,0.0,1.0,2.0,0.0,0.0,1.0,2.0,0.0,1.0,0.0,2.0,2.0,1.0,1.0
240,9.0,0.0,4.0,8.0,1.0,3.0,2.0,1.0,1.0,1.0,10.0,0.0,2.0,4.0,5.0,1.0,0.0,2.0,2.0,1.0,1.0
248,4.0,0.0,254.0,16.0,20.0,173.0,2.0,357.0,364.0,196.0,1.0,0.0,89.0,214.0,6.0,255.0,2.0,524.0,343.0,239.0,30.0
250,1.0,3.0,0.0,0.0,0.0,2.0,5.0,1.0,2.0,0.0,0.0,0.0,0.0,0.0,0.0,1.0,1.0,1.0,1.0,0.0,0.0
252,3.0,22.0,4.0,5.0,3.0,57.0,42.0,35.0,89.0,23.0,0.0,16.0,5.0,3.0,4.0,77.0,6.0,141.0,74.0,30.0,20.0
253,3.0,8.0,21.0,4.0,5.0,17.0,79.0,30.0,24.0,15.0,1.0,4.0,9.0,4.0,3.0,29.0,41.0,97.0,41.0,37.0,8.0
254,0.0,1.0,1.0,0.0,1.0,3.0,49.0,6.0,17.0,6.0,0.0,1.0,0.0,0.0,0.0,5.0,19.0,16.0,10.0,9.0,1.0
257,4.0,0.0,2.0,6.0,1.0,590.0,13.0,265.0,628.0,279.0,1.0,20.0,12.0,5.0,1.0,591.0,4.0,1641.0,725.0,366.0,244.0
258,16.0,6.0,21.0,7.0,84.0,272.0,17.0,172.0,234.0,194.0,38.0,96.0,52.0,24.0,5.0,397.0,5.0,798.0,520.0,235.0,134.0
27,2.0,0.0,5.0,2.0,2.0,3.0,7.0,0.0,6.0,1.0,3.0,1.0,0.0,2.0,2.0,3.0,5.0,3.0,2.0,1.0,2.0
270,0.0,0.0,0.0,0.0,0.0,1.0,6.0,1.0,1.0,4.0,0.0,0.0,0.0,0.0,0.0,1.0,4.0,7.0,0.0,2.0,2.0
271,0.0,0.0,1.0,0.0,1.0,7.0,10.0,3.0,6.0,8.0,7.0,0.0,1.0,0.0,0.0,7.0,12.0,3.0,8.0,9.0,1.0
272,0.0,0.0,0.0,2.0,1.0,10.0,0.0,3.0,19.0,2.0,1.0,0.0,1.0,0.0,1.0,2.0,0.0,2.0,4.0,3.0,2.0
277,0.0,2.0,0.0,0.0,0.0,5.0,3.0,0.0,2.0,2.0,0.0,0.0,0.0,0.0,0.0,1.0,4.0,3.0,4.0,0.0,1.0
286,1.0,5.0,2.0,3.0,2.0,0.0,9.0,1.0,3.0,0.0,1.0,3.0,4.0,8.0,1.0,3.0,2.0,6.0,4.0,1.0,0.0
289,1.0,2.0,3.0,0.0,0.0,2.0,22.0,1.0,4.0,5.0,1.0,1.0,2.0,0.0,0.0,3.0,4.0,9.0,7.0,12.0,4.0
29,0.0,29.0,1.0,1.0,0.0,1.0,2.0,4.0,9.0,1.0,1.0,7.0,1.0,0.0,3.0,1.0,1.0,7.0,7.0,2.0,3.0
291,0.0,0.0,0.0,0.0,1.0,0.0,1.0,1.0,0.0,0.0,0.0,0.0,0.0,1.0,0.0,3.0,2.0,4.0,3.0,1.0,2.0
294,5.0,6.0,7.0,3.0,6.0,5.0,7.0,0.0,9.0,6.0,3.0,3.0,13.0,3.0,1.0,3.0,5.0,7.0,4.0,3.0,2.0
296,1.0,7.0,1.0,0.0,1.0,3.0,29.0,9.0,12.0,7.0,0.0,0.0,0.0,0.0,0.0,8.0,37.0,24.0,7.0,12.0,4.0
299,2.0,0.0,6.0,1.0,4.0,29.0,101.0,15.0,37.0,11.0,0.0,0.0,1.0,0.0,0.0,38.0,7.0,50.0,41.0,18.0,18.0
307,2.0,9.0,6.0,1.0,3.0,6.0,7.0,3.0,4.0,0.0,2.0,9.0,2.0,0.0,0.0,3.0,6.0,14.0,6.0,3.0,1.0
308,1.0,3.0,3.0,1.0,4.0,1.0,6.0,2.0,8.0,1.0,0.0,4.0,1.0,0.0,0.0,6.0,0.0,8.0,4.0,2.0,0.0
31,3.0,0.0,2.0,0.0,0.0,3.0,0.0,4.0,2.0,3.0,3.0,1.0,1.0,3.0,1.0,1.0,1.0,4.0,3.0,0.0,0.0
311,0.0,1.0,0.0,0.0,0.0,1.0,2.0,1.0,2.0,4.0,0.0,0.0,1.0,1.0,0.0,4.0,2.0,10.0,3.0,2.0,1.0
312,7.0,0.0,10.0,8.0,14.0,6.0,9.0,3.0,4.0,1.0,5.0,7.0,4.0,1.0,1.0,6.0,5.0,21.0,4.0,7.0,1.0
32,0.0,1.0,0.0,0.0,0.0,1.0,2.0,1.0,0.0,1.0,0.0,0.0,0.0,0.0,0.0,1.0,0.0,0.0,1.0,1.0,0.0
320,67.0,17.0,154.0,34.0,163.0,22.0,58.0,20.0,34.0,27.0,60.0,11.0,65.0,28.0,42.0,24.0,36.0,64.0,53.0,39.0,7.0
323,62.0,1.0,10.0,177.0,22.0,4.0,0.0,1.0,3.0,2.0,25.0,4.0,7.0,12.0,9.0,0.0,2.0,4.0,3.0,1.0,1.0
325,8.0,7.0,10.0,2.0,5.0,9.0,4.0,4.0,0.0,1.0,9.0,0.0,6.0,9.0,2.0,7.0,4.0,12.0,6.0,7.0,2.0
33,0.0,0.0,0.0,0.0,1.0,8.0,2.0,7.0,16.0,11.0,0.0,0.0,0.0,0.0,0.0,4.0,7.0,12.0,28.0,5.0,19.0
335,6.0,0.0,11.0,4.0,2.0,1.0,2.0,0.0,1.0,6.0,5.0,1.0,4.0,3.0,3.0,4.0,1.0,7.0,8.0,2.0,1.0
336,6.0,2.0,4.0,2.0,9.0,0.0,5.0,4.0,4.0,0.0,10.0,3.0,3.0,19.0,0.0,3.0,1.0,13.0,2.0,2.0,0.0
337,0.0,2.0,7.0,2.0,2.0,17.0,27.0,9.0,3.0,3.0,1.0,3.0,3.0,3.0,0.0,11.0,20.0,10.0,12.0,13.0,4.0
339,2.0,2.0,3.0,0.0,1.0,1.0,15.0,4.0,2.0,3.0,3.0,4.0,2.0,5.0,2.0,2.0,6.0,4.0,2.0,3.0,1.0
347,0.0,2.0,1.0,0.0,3.0,6.0,3.0,1.0,2.0,1.0,1.0,0.0,2.0,1.0,0.0,2.0,1.0,1.0,3.0,4.0,0.0
348,1.0,1.0,1.0,0.0,3.0,7.0,4.0,0.0,3.0,3.0,2.0,2.0,0.0,0.0,0.0,1.0,0.0,2.0,2.0,4.0,48.0
350,34.0,16.0,34.0,20.0,23.0,187.0,35.0,104.0,203.0,92.0,19.0,16.0,62.0,16.0,19.0,163.0,16.0,381.0,140.0,161.0,58.0
354,2.0,0.0,2.0,1.0,2.0,4.0,3.0,5.0,4.0,3.0,0.0,0.0,0.0,2.0,1.0,3.0,1.0,6.0,11.0,4.0,0.0
358,0.0,0.0,1.0,1.0,4.0,0.0,5.0,0.0,0.0,1.0,2.0,0.0,0.0,1.0,0.0,1.0,0.0,1.0,0.0,1.0,1.0
359,8.0,6.0,16.0,29.0,205.0,2.0,7.0,3.0,4.0,1.0,35.0,3.0,5.0,46.0,15.0,1.0,2.0,6.0,3.0,0.0,1.0
36,0.0,2.0,0.0,0.0,0.0,1.0,0.0,0.0,3.0,0.0,0.0,0.0,0.0,0.0,0.0,0.0,0.0,2.0,2.0,1.0,0.0
364,1.0,9.0,3.0,2.0,12.0,4.0,3.0,1.0,2.0,2.0,2.0,1.0,0.0,3.0,3.0,1.0,11.0,3.0,5.0,2.0,0.0
375,8.0,0.0,16.0,4.0,7.0,2.0,76.0,6.0,4.0,2.0,7.0,4.0,5.0,1.0,4.0,4.0,0.0,8.0,4.0,6.0,3.0
383,0.0,4.0,6.0,4.0,2.0,183.0,432.0,53.0,198.0,60.0,0.0,0.0,2.0,0.0,0.0,183.0,64.0,429.0,229.0,115.0,58.0
385,3.0,19.0,3.0,3.0,6.0,0.0,3.0,0.0,0.0,1.0,0.0,2.0,0.0,0.0,2.0,3.0,1.0,5.0,4.0,1.0,2.0
392,0.0,0.0,6.0,1.0,15.0,6.0,15.0,4.0,4.0,7.0,0.0,1.0,1.0,1.0,1.0,9.0,5.0,10.0,8.0,8.0,5.0
397,1.0,2.0,2.0,0.0,0.0,4.0,5.0,2.0,3.0,3.0,1.0,0.0,1.0,0.0,0.0,4.0,3.0,3.0,2.0,3.0,0.0
399,12.0,88.0,7.0,7.0,5.0,19.0,53.0,6.0,25.0,20.0,6.0,32.0,2.0,0.0,5.0,29.0,26.0,36.0,30.0,25.0,5.0
40,0.0,0.0,0.0,1.0,1.0,0.0,1.0,0.0,0.0,0.0,1.0,0.0,0.0,0.0,0.0,1.0,0.0,1.0,1.0,0.0,0.0
400,11.0,1.0,34.0,13.0,27.0,480.0,39.0,494.0,1604.0,546.0,12.0,0.0,80.0,33.0,14.0,555.0,6.0,1441.0,1602.0,1005.0,180.0
406,0.0,1.0,2.0,0.0,1.0,8.0,148.0,32.0,28.0,27.0,0.0,4.0,2.0,0.0,1.0,18.0,22.0,51.0,45.0,32.0,5.0
408,0.0,1.0,1.0,0.0,0.0,110.0,28.0,46.0,187.0,62.0,0.0,1.0,8.0,0.0,0.0,141.0,4.0,303.0,120.0,101.0,34.0
409,823.0,3.0,18.0,25.0,91.0,99.0,47.0,27.0,222.0,28.0,250.0,5.0,7.0,28.0,17.0,85.0,12.0,50.0,106.0,20.0,25.0
40_2,0.0,0.0,0.0,3.0,0.0,1.0,1.0,2.0,0.0,0.0,0.0,0.0,1.0,1.0,0.0,0.0,4.0,0.0,1.0,1.0,0.0
412,0.0,4.0,0.0,0.0,0.0,10.0,6.0,11.0,36.0,1.0,13.0,0.0,4.0,0.0,0.0,17.0,2.0,5.0,48.0,14.0,9.0
418,16.0,0.0,1.0,0.0,1.0,1.0,2.0,0.0,3.0,0.0,2.0,0.0,0.0,0.0,0.0,0.0,2.0,3.0,3.0,2.0,0.0
419,1.0,0.0,0.0,0.0,1.0,8.0,18.0,1.0,2.0,1.0,0.0,0.0,1.0,2.0,0.0,9.0,5.0,15.0,2.0,5.0,3.0
420,1.0,2.0,0.0,0.0,1.0,1.0,8.0,0.0,0.0,2.0,0.0,0.0,0.0,0.0,0.0,4.0,0.0,1.0,6.0,4.0,1.0
421,35638.0,266.0,11429.0,17879.0,14938.0,59.0,75.0,45.0,149.0,37.0,37296.0,5488.0,17291.0,20021.0,14509.0,84.0,5.0,115.0,131.0,33.0,8.0
426,16.0,1.0,21.0,28.0,30.0,4.0,2.0,6.0,5.0,3.0,27.0,1.0,6.0,19.0,15.0,3.0,2.0,7.0,3.0,2.0,0.0
43,0.0,0.0,0.0,0.0,0.0,0.0,1.0,3.0,8.0,4.0,1.0,0.0,0.0,0.0,0.0,3.0,2.0,2.0,35.0,5.0,14.0
431,3.0,0.0,2.0,2.0,1.0,5.0,3.0,8.0,1.0,8.0,2.0,1.0,7.0,7.0,2.0,3.0,12.0,10.0,4.0,10.0,1.0
433,1.0,2.0,14.0,10.0,8.0,5.0,11.0,2.0,0.0,3.0,2.0,2.0,9.0,2.0,0.0,3.0,5.0,5.0,2.0,2.0,7.0
434,29.0,5.0,44.0,15.0,62.0,5.0,13.0,7.0,10.0,8.0,50.0,11.0,25.0,18.0,11.0,12.0,5.0,17.0,14.0,15.0,3.0
437,4.0,5.0,12.0,8.0,10.0,11.0,6.0,4.0,6.0,3.0,7.0,2.0,10.0,4.0,2.0,7.0,5.0,13.0,7.0,5.0,1.0
438,0.0,4.0,0.0,0.0,0.0,99.0,58.0,31.0,92.0,31.0,0.0,1.0,2.0,0.0,0.0,83.0,10.0,212.0,93.0,29.0,44.0
439,6.0,3.0,5.0,2.0,2.0,167.0,19739.0,913.0,2651.0,331.0,5.0,4.0,13.0,3.0,0.0,292.0,65.0,3377.0,1259.0,677.0,60.0
43_ref1,1.0,1.0,1.0,1.0,1.0,0.0,238.0,1.0,220.0,12.0,1.0,2.0,0.0,0.0,0.0,8.0,59.0,20.0,36.0,12.0,139.0
43_ref2,2.0,0.0,2.0,3.0,10.0,21.0,15.0,108.0,682.0,189.0,6.0,1.0,2.0,2.0,1.0,22.0,2.0,135.0,637.0,314.0,236.0
442,9.0,2.0,9.0,13.0,20.0,7.0,5.0,3.0,3.0,6.0,4.0,1.0,11.0,5.0,3.0,8.0,5.0,7.0,6.0,3.0,3.0
444,0.0,0.0,0.0,0.0,2.0,1.0,2.0,1.0,0.0,0.0,1.0,0.0,0.0,0.0,0.0,3.0,1.0,5.0,3.0,1.0,0.0
446,4.0,6.0,1.0,2.0,2.0,3.0,12.0,2.0,1.0,3.0,1.0,0.0,0.0,0.0,0.0,0.0,11.0,2.0,4.0,3.0,2.0
45,2.0,2.0,0.0,1.0,1.0,5.0,1.0,6.0,1.0,6.0,0.0,0.0,0.0,1.0,1.0,3.0,9.0,20.0,7.0,5.0,3.0
450,5.0,8.0,1.0,1.0,5.0,5.0,18.0,8.0,5.0,14.0,3.0,2.0,2.0,4.0,5.0,2.0,7.0,4.0,8.0,5.0,1.0
452,7.0,0.0,2.0,2.0,12.0,2.0,6.0,0.0,4.0,2.0,8.0,0.0,3.0,1.0,0.0,5.0,4.0,4.0,9.0,0.0,0.0
458,1.0,1.0,3.0,2.0,0.0,7.0,19.0,7.0,6.0,3.0,0.0,2.0,2.0,0.0,0.0,5.0,9.0,7.0,7.0,6.0,8.0
459,8.0,0.0,7.0,4.0,6.0,310.0,57.0,208.0,1263.0,209.0,4.0,47.0,15.0,3.0,0.0,539.0,1.0,1066.0,500.0,240.0,113.0
460,27.0,28473.0,133.0,25.0,73.0,236.0,81.0,158.0,315.0,211.0,14.0,221.0,179.0,316.0,19.0,320.0,40.0,533.0,318.0,231.0,82.0
466,7.0,1.0,6.0,1.0,7.0,3.0,12.0,3.0,3.0,4.0,1.0,1.0,2.0,1.0,1.0,6.0,4.0,14.0,11.0,4.0,2.0
468,82.0,6.0,28.0,52.0,106.0,20.0,43.0,18.0,18.0,28.0,34.0,3.0,18.0,80.0,16.0,21.0,18.0,33.0,19.0,14.0,12.0
470,280.0,12.0,25.0,18.0,156.0,377.0,30.0,84.0,270.0,114.0,80.0,7.0,43.0,29.0,16.0,285.0,21.0,458.0,146.0,143.0,45.0
473,6.0,5.0,3.0,3.0,4.0,6.0,14.0,7.0,16.0,14.0,5.0,19.0,2.0,2.0,1.0,7.0,13.0,47.0,16.0,15.0,9.0
475,27.0,22879.0,2130.0,1879.0,58.0,4003.0,610.0,8140.0,5644.0,5754.0,40.0,189179.0,689.0,1161.0,81.0,4922.0,227.0,18986.0,8366.0,7892.0,1496.0
476,8.0,9.0,17.0,5.0,3.0,193.0,356.0,161.0,83.0,142.0,9.0,22.0,16.0,2.0,2.0,113.0,115.0,344.0,251.0,89.0,128.0
48,5.0,24.0,7.0,4.0,3.0,4.0,9.0,2.0,4.0,9.0,7.0,17.0,5.0,5.0,6.0,5.0,15.0,20.0,6.0,5.0,0.0
485,4.0,2.0,0.0,0.0,4.0,2.0,0.0,1.0,4.0,3.0,8.0,4.0,2.0,1.0,1.0,0.0,2.0,0.0,1.0,1.0,2.0
486,5.0,6.0,23.0,8.0,14.0,12.0,13.0,14.0,5.0,8.0,2.0,74.0,21.0,14.0,1.0,5.0,6.0,20.0,10.0,12.0,1.0
491,22.0,1.0,43.0,41.0,42.0,15.0,9.0,15.0,32.0,16.0,30.0,9.0,74.0,39.0,9.0,19.0,4.0,59.0,30.0,38.0,24.0
493,7.0,8.0,7.0,10.0,4.0,4.0,9.0,9.0,3.0,3.0,12.0,16.0,17.0,11.0,7.0,5.0,10.0,15.0,5.0,2.0,3.0
495,4.0,3.0,12.0,5.0,2.0,1734.0,114.0,553.0,1437.0,588.0,4.0,0.0,5.0,8.0,1.0,1507.0,83.0,2449.0,1407.0,841.0,155.0
50,10.0,13.0,15.0,6.0,10.0,4.0,14.0,1.0,11.0,7.0,3.0,5.0,10.0,11.0,5.0,2.0,4.0,18.0,8.0,3.0,3.0
503,0.0,9.0,0.0,0.0,3.0,24.0,71.0,27.0,98.0,31.0,0.0,1.0,0.0,1.0,0.0,25.0,11.0,35.0,161.0,28.0,42.0
507,0.0,2.0,0.0,2.0,0.0,4.0,20.0,3.0,10.0,6.0,0.0,0.0,1.0,0.0,0.0,8.0,1.0,8.0,14.0,10.0,17.0
508,1.0,16.0,3.0,0.0,5.0,5.0,9.0,7.0,3.0,6.0,0.0,7.0,0.0,5.0,0.0,10.0,9.0,12.0,7.0,8.0,4.0
52,0.0,0.0,7.0,4.0,1.0,10.0,57.0,2.0,12.0,7.0,5.0,46.0,29.0,2.0,0.0,3.0,14.0,44.0,8.0,9.0,4.0
520,2.0,5.0,3.0,2.0,20.0,3.0,2.0,2.0,9.0,5.0,2.0,1.0,4.0,0.0,0.0,3.0,0.0,4.0,5.0,3.0,1.0
521,14.0,1.0,17.0,5.0,2.0,16.0,28.0,23.0,35.0,17.0,11.0,21.0,43.0,8.0,10.0,16.0,11.0,87.0,41.0,25.0,6.0
522,18.0,17.0,56.0,21.0,8.0,401.0,11.0,712.0,1330.0,365.0,25.0,414.0,147.0,2.0,2.0,501.0,16.0,2855.0,544.0,381.0,68.0
523,1259.0,400.0,7131.0,180.0,113.0,1204.0,6892.0,3516.0,7206.0,1918.0,559.0,13427.0,19059.0,257.0,76.0,1588.0,503.0,10295.0,3241.0,3705.0,123.0
524,6.0,7.0,7.0,14.0,11.0,7.0,32.0,3.0,9.0,6.0,12.0,2.0,3.0,19.0,5.0,3.0,15.0,42.0,16.0,7.0,5.0
525,54.0,8.0,73.0,33.0,92.0,1306.0,21.0,1548.0,2328.0,935.0,80.0,15.0,253.0,48.0,49.0,2053.0,11.0,3772.0,2302.0,1387.0,364.0
531,3.0,8.0,4.0,3.0,4.0,2.0,6.0,0.0,3.0,4.0,8.0,29.0,3.0,0.0,2.0,3.0,7.0,3.0,4.0,4.0,0.0
532,5.0,6.0,2.0,1.0,9.0,5.0,4.0,1.0,4.0,5.0,1.0,4.0,3.0,2.0,1.0,0.0,4.0,9.0,3.0,5.0,2.0
535,145.0,213.0,45.0,65.0,319.0,471.0,140.0,73.0,633.0,152.0,313.0,76.0,34.0,48.0,72.0,736.0,36.0,581.0,326.0,185.0,141.0
538,37507.0,740.0,18020.0,17394.0,15264.0,2151.0,6605.0,4470.0,7311.0,2873.0,37856.0,51001.0,36268.0,21025.0,20158.0,2207.0,433.0,13487.0,5454.0,4918.0,301.0
539,64.0,159.0,120.0,60.0,52.0,22.0,45.0,15.0,14.0,36.0,34.0,32.0,63.0,50.0,18.0,25.0,40.0,59.0,11.0,28.0,4.0
540,570.0,127.0,79.0,221.0,544.0,411.0,113.0,329.0,325.0,391.0,147.0,58.0,137.0,414.0,194.0,490.0,34.0,1208.0,888.0,291.0,300.0
541,8.0,13.0,4.0,3.0,3.0,2.0,19.0,7.0,3.0,1.0,4.0,5.0,4.0,1.0,1.0,2.0,12.0,19.0,5.0,1.0,0.0
543,4.0,3.0,6.0,3.0,6.0,2.0,39.0,0.0,0.0,0.0,0.0,2.0,9.0,3.0,0.0,1.0,29.0,8.0,0.0,1.0,4.0
545,12.0,263.0,5.0,8.0,28.0,9.0,42.0,4.0,4.0,10.0,18.0,323.0,11.0,31.0,9.0,9.0,32.0,5.0,7.0,5.0,4.0
546,7.0,4.0,12.0,2.0,8.0,22.0,39.0,9.0,18.0,28.0,0.0,6.0,2.0,1.0,2.0,25.0,32.0,65.0,28.0,19.0,7.0
557,6.0,1.0,2.0,7.0,17.0,70.0,12.0,87.0,125.0,90.0,8.0,0.0,4.0,1.0,2.0,64.0,6.0,129.0,220.0,87.0,21.0
559,5.0,6.0,5.0,4.0,15.0,10.0,7.0,7.0,11.0,6.0,4.0,19.0,10.0,4.0,3.0,4.0,2.0,28.0,11.0,7.0,1.0
564,24.0,42.0,134.0,9.0,45.0,11.0,11.0,9.0,21.0,7.0,9.0,185.0,234.0,21.0,9.0,6.0,7.0,38.0,15.0,11.0,6.0
567,12.0,10.0,10.0,3.0,5.0,4.0,17.0,10.0,8.0,16.0,14.0,8.0,11.0,39.0,4.0,8.0,5.0,28.0,5.0,16.0,4.0
57,0.0,1.0,0.0,0.0,1.0,10.0,14.0,7.0,24.0,6.0,7.0,27.0,4.0,0.0,0.0,7.0,5.0,30.0,8.0,6.0,9.0
571,8.0,4.0,14.0,13.0,7.0,208.0,27.0,116.0,309.0,209.0,14.0,4.0,62.0,19.0,6.0,258.0,7.0,520.0,441.0,229.0,148.0
574,0.0,5.0,3.0,0.0,0.0,3.0,5.0,2.0,2.0,2.0,0.0,0.0,0.0,0.0,0.0,1.0,2.0,6.0,3.0,2.0,2.0
576,0.0,7.0,1.0,2.0,4.0,1.0,11.0,0.0,2.0,2.0,1.0,5.0,1.0,1.0,0.0,0.0,5.0,4.0,2.0,0.0,0.0
578,104.0,450.0,81.0,93.0,220.0,90.0,195.0,75.0,180.0,110.0,90.0,344.0,55.0,144.0,67.0,107.0,101.0,192.0,209.0,134.0,63.0
58,2.0,0.0,10.0,3.0,0.0,185.0,851.0,933.0,4208.0,204.0,0.0,2.0,64.0,1.0,0.0,304.0,52.0,3254.0,1376.0,380.0,202.0
581,0.0,3.0,3.0,1.0,0.0,3.0,5.0,4.0,2.0,4.0,0.0,0.0,1.0,0.0,1.0,2.0,1.0,4.0,9.0,5.0,0.0
586,200.0,13.0,13.0,14.0,79.0,117.0,11.0,44.0,127.0,61.0,2.0,6.0,181.0,12.0,10.0,111.0,4.0,170.0,160.0,174.0,31.0
588,2.0,2.0,6.0,4.0,7.0,6.0,0.0,5.0,9.0,8.0,3.0,1.0,3.0,4.0,0.0,8.0,0.0,10.0,5.0,10.0,1.0
589,141.0,361.0,26.0,7.0,6.0,148.0,700.0,325.0,790.0,162.0,30.0,2900.0,149.0,4.0,4.0,176.0,70.0,1609.0,314.0,235.0,68.0
590,11.0,6.0,8.0,9.0,11.0,3.0,14.0,8.0,22.0,8.0,9.0,19.0,7.0,5.0,3.0,4.0,18.0,36.0,16.0,5.0,1.0
596,0.0,1.0,2.0,2.0,3.0,16.0,15.0,11.0,83.0,26.0,0.0,4.0,0.0,1.0,1.0,20.0,11.0,37.0,98.0,39.0,85.0
598,136.0,165.0,216.0,93.0,29.0,612.0,72.0,348.0,1160.0,282.0,28.0,169.0,89.0,52.0,15.0,694.0,42.0,1183.0,901.0,464.0,129.0
599,63.0,2.0,52.0,34.0,123.0,292.0,18.0,292.0,436.0,228.0,85.0,1.0,91.0,102.0,23.0,450.0,18.0,900.0,349.0,306.0,64.0
599_ref1,169.0,0.0,696.0,5.0,4.0,318.0,5.0,1289.0,1166.0,1714.0,6.0,1.0,839.0,11.0,5.0,387.0,2.0,1261.0,1325.0,2724.0,332.0
599_ref2,76.0,2.0,407.0,4.0,1.0,223.0,25.0,589.0,962.0,987.0,14.0,1.0,335.0,1.0,1.0,260.0,1.0,741.0,603.0,1845.0,263.0
6,1.0,13.0,11.0,28.0,10.0,10.0,9.0,5.0,6.0,5.0,0.0,37.0,3.0,8.0,4.0,3.0,6.0,31.0,14.0,17.0,6.0
60,18.0,0.0,15.0,10.0,6.0,348.0,34.0,226.0,287.0,282.0,9.0,8.0,22.0,2.0,0.0,348.0,11.0,927.0,1165.0,336.0,81.0
61,0.0,0.0,1.0,0.0,0.0,3.0,1.0,0.0,1.0,2.0,0.0,0.0,0.0,0.0,0.0,0.0,0.0,7.0,3.0,1.0,0.0
611,21.0,2.0,2.0,0.0,0.0,98.0,10.0,185.0,171.0,151.0,5.0,3.0,1.0,0.0,4.0,162.0,22.0,309.0,228.0,177.0,50.0
616,13.0,11.0,8.0,3.0,32.0,11.0,17.0,5.0,2.0,6.0,14.0,4.0,9.0,10.0,4.0,1.0,14.0,9.0,7.0,11.0,2.0
619,59.0,2.0,5.0,4.0,11.0,4.0,1.0,2.0,12.0,5.0,29.0,1.0,6.0,0.0,5.0,4.0,8.0,4.0,8.0,10.0,4.0
622,5.0,0.0,8.0,4.0,19.0,27.0,6.0,11.0,13.0,12.0,10.0,2.0,12.0,2.0,5.0,17.0,18.0,16.0,21.0,13.0,10.0
627,2.0,1.0,3.0,2.0,8.0,8.0,6.0,6.0,7.0,11.0,1.0,2.0,4.0,0.0,6.0,6.0,4.0,5.0,14.0,9.0,5.0
631,141.0,9.0,63.0,172.0,36.0,1404.0,47.0,395.0,1273.0,406.0,35.0,34.0,47.0,27.0,26.0,1153.0,26.0,1705.0,796.0,423.0,78.0
632,66.0,16.0,101.0,86.0,130.0,23.0,20.0,21.0,28.0,20.0,33.0,37.0,68.0,53.0,41.0,25.0,20.0,99.0,30.0,25.0,6.0
636,3.0,2.0,10.0,6.0,6.0,406.0,19.0,221.0,222.0,274.0,10.0,2.0,3.0,2.0,3.0,276.0,8.0,661.0,538.0,256.0,76.0
638,19.0,3.0,4.0,3.0,12.0,5.0,13.0,3.0,19.0,9.0,7.0,2.0,2.0,2.0,4.0,3.0,3.0,19.0,42.0,5.0,87.0
639,20.0,12.0,38.0,32.0,41.0,10.0,3.0,6.0,3.0,5.0,13.0,9.0,28.0,16.0,11.0,9.0,6.0,15.0,9.0,9.0,3.0
64,9.0,5.0,8.0,41.0,63.0,22.0,41.0,20.0,71.0,26.0,32.0,1.0,14.0,97.0,27.0,39.0,9.0,141.0,81.0,70.0,32.0
640,2.0,5.0,9.0,3.0,11.0,234.0,37.0,127.0,116.0,108.0,6.0,5.0,8.0,14.0,2.0,179.0,14.0,504.0,281.0,79.0,38.0
642,29.0,17.0,39.0,40.0,59.0,105.0,29.0,89.0,81.0,94.0,24.0,7.0,53.0,41.0,16.0,86.0,15.0,256.0,254.0,60.0,30.0
648,289.0,128.0,40.0,36.0,168.0,232.0,274.0,92.0,340.0,101.0,106.0,68.0,51.0,87.0,26.0,310.0,164.0,597.0,173.0,100.0,74.0
649,56.0,5.0,106.0,135.0,307.0,37.0,10.0,22.0,27.0,19.0,103.0,2.0,120.0,178.0,59.0,37.0,7.0,37.0,27.0,27.0,11.0
65,2.0,3.0,3.0,7.0,5.0,0.0,4.0,1.0,0.0,1.0,1.0,0.0,0.0,3.0,0.0,0.0,3.0,5.0,5.0,2.0,0.0
651,3.0,0.0,6.0,1.0,17.0,12.0,27.0,2.0,9.0,7.0,9.0,0.0,9.0,14.0,4.0,9.0,5.0,11.0,25.0,11.0,7.0
652,34.0,41.0,41.0,43.0,123.0,48.0,17.0,59.0,102.0,42.0,38.0,76.0,66.0,30.0,14.0,55.0,11.0,66.0,165.0,48.0,106.0
653,28.0,95.0,53.0,19.0,52.0,79.0,69.0,93.0,185.0,93.0,17.0,154.0,53.0,13.0,23.0,139.0,28.0,400.0,184.0,126.0,130.0
657,66.0,44.0,33.0,26.0,60.0,49.0,30.0,14.0,36.0,21.0,34.0,39.0,23.0,14.0,10.0,36.0,29.0,100.0,53.0,34.0,18.0
658,17.0,16.0,11.0,4.0,33.0,0.0,1.0,1.0,0.0,4.0,32.0,8.0,5.0,9.0,6.0,2.0,0.0,8.0,2.0,2.0,1.0
66,1.0,4.0,2.0,1.0,3.0,3.0,8.0,2.0,2.0,0.0,0.0,2.0,2.0,2.0,0.0,1.0,2.0,10.0,0.0,3.0,11.0
660,17.0,12.0,9.0,9.0,14.0,4.0,14.0,3.0,5.0,3.0,5.0,8.0,6.0,0.0,5.0,7.0,7.0,15.0,7.0,4.0,4.0
666,39.0,148.0,13.0,9.0,21.0,36.0,31.0,43.0,58.0,46.0,27.0,107.0,18.0,23.0,7.0,57.0,14.0,81.0,127.0,82.0,62.0
667,29.0,24.0,21.0,18.0,19.0,95.0,19.0,38.0,84.0,69.0,2.0,13.0,30.0,17.0,3.0,64.0,14.0,147.0,116.0,118.0,44.0
668,14.0,12.0,4.0,10.0,40.0,94.0,11.0,67.0,292.0,52.0,13.0,1.0,3.0,8.0,6.0,118.0,11.0,310.0,192.0,58.0,59.0
673,580.0,23.0,594.0,485.0,2155.0,1622.0,128.0,723.0,1878.0,970.0,645.0,19.0,521.0,370.0,334.0,1541.0,80.0,1940.0,2026.0,1246.0,772.0
674,10.0,19.0,13.0,22.0,20.0,11.0,19.0,12.0,26.0,11.0,17.0,91.0,36.0,41.0,11.0,12.0,12.0,38.0,14.0,27.0,4.0
676,4916.0,4995.0,2543.0,85810.0,38977.0,1176.0,274.0,1468.0,3597.0,1580.0,6260.0,21511.0,1646.0,56141.0,23796.0,2038.0,149.0,4261.0,4434.0,2485.0,878.0
677,4.0,2.0,2.0,21.0,2.0,10.0,14.0,13.0,7.0,9.0,3.0,21.0,12.0,1.0,4.0,12.0,10.0,31.0,25.0,13.0,10.0
683,1.0,1.0,1.0,0.0,0.0,5.0,3.0,2.0,4.0,5.0,2.0,0.0,0.0,0.0,1.0,3.0,2.0,11.0,5.0,3.0,4.0
685,1.0,4.0,5.0,9.0,5.0,55.0,25.0,51.0,33.0,58.0,6.0,22.0,5.0,11.0,1.0,52.0,9.0,129.0,93.0,66.0,54.0
689,24.0,28.0,6.0,7.0,11.0,6.0,11.0,4.0,5.0,3.0,13.0,20.0,6.0,7.0,7.0,6.0,10.0,30.0,4.0,7.0,4.0
690,5199.0,1043.0,13145.0,329.0,72.0,5847.0,3949.0,6732.0,1161.0,2625.0,4445.0,151699.0,65010.0,1186.0,40.0,5484.0,5037.0,29061.0,3272.0,2605.0,143.0
692,2.0,4.0,6.0,2.0,0.0,23.0,45.0,22.0,7.0,9.0,2.0,16.0,7.0,2.0,0.0,15.0,26.0,38.0,24.0,10.0,14.0
693,4.0,4.0,4.0,4.0,2.0,1.0,4.0,4.0,5.0,6.0,8.0,1.0,3.0,5.0,2.0,4.0,2.0,20.0,7.0,9.0,5.0
695,23.0,5.0,52.0,142.0,66.0,103.0,48.0,109.0,122.0,93.0,40.0,59.0,60.0,182.0,32.0,118.0,23.0,358.0,160.0,70.0,33.0
697,5.0,2.0,2.0,0.0,4.0,20.0,9.0,9.0,7.0,12.0,3.0,3.0,3.0,7.0,3.0,11.0,15.0,29.0,20.0,5.0,7.0
7,4.0,0.0,6.0,2.0,2.0,10.0,7.0,3.0,3.0,2.0,7.0,3.0,2.0,2.0,3.0,7.0,7.0,11.0,6.0,6.0,3.0
701,2.0,12.0,12.0,9.0,5.0,1334.0,1680.0,1504.0,3404.0,1249.0,0.0,4.0,13.0,1.0,1.0,1578.0,144.0,3207.0,3670.0,2000.0,234.0
702,4.0,37.0,17.0,3.0,12.0,170.0,83.0,139.0,280.0,79.0,3.0,30.0,11.0,4.0,1.0,186.0,24.0,321.0,249.0,164.0,56.0
703,3.0,2.0,5.0,2.0,6.0,0.0,0.0,1.0,2.0,2.0,1.0,0.0,2.0,1.0,0.0,6.0,0.0,0.0,2.0,4.0,1.0
705,0.0,0.0,3.0,0.0,0.0,17.0,8.0,18.0,45.0,28.0,0.0,0.0,1.0,0.0,0.0,30.0,6.0,49.0,54.0,46.0,10.0
709,5.0,8.0,5.0,2.0,5.0,7.0,6.0,4.0,8.0,3.0,1.0,4.0,1.0,7.0,0.0,4.0,4.0,8.0,13.0,8.0,4.0
711,2.0,1.0,4.0,1.0,0.0,0.0,2.0,1.0,1.0,1.0,0.0,7.0,12.0,0.0,0.0,4.0,3.0,8.0,2.0,2.0,1.0
713,37.0,0.0,40.0,48.0,47.0,9.0,19.0,19.0,25.0,12.0,18.0,2.0,33.0,60.0,18.0,18.0,12.0,70.0,101.0,31.0,25.0
715,0.0,11.0,1.0,0.0,1.0,8.0,15.0,13.0,20.0,13.0,2.0,4.0,0.0,0.0,2.0,17.0,3.0,24.0,38.0,8.0,48.0
717,62.0,2.0,42.0,37.0,37.0,15.0,37.0,8.0,23.0,5.0,34.0,10.0,38.0,168.0,20.0,15.0,7.0,23.0,40.0,12.0,28.0
721,3.0,0.0,5.0,6.0,3.0,8.0,36.0,9.0,13.0,11.0,1.0,3.0,6.0,11.0,2.0,7.0,31.0,27.0,19.0,12.0,2.0
724,8.0,20.0,6.0,3.0,13.0,534.0,10.0,302.0,869.0,245.0,9.0,4.0,3.0,6.0,5.0,705.0,4.0,1760.0,729.0,399.0,117.0
727,5215.0,1790.0,21032.0,468.0,101.0,5981.0,4970.0,8229.0,7751.0,2897.0,4602.0,154414.0,68425.0,920.0,85.0,8472.0,5077.0,29907.0,3064.0,5119.0,286.0
729,58.0,109.0,74.0,68.0,69.0,274.0,59.0,83.0,289.0,154.0,73.0,115.0,114.0,205.0,49.0,292.0,23.0,421.0,242.0,194.0,117.0
731,9.0,3.0,51.0,17.0,5.0,997.0,336.0,1399.0,2456.0,827.0,9.0,1.0,13.0,1.0,0.0,1063.0,123.0,2810.0,2307.0,1536.0,448.0
732,1.0,7.0,22.0,2.0,6.0,22.0,58.0,24.0,20.0,30.0,7.0,7.0,7.0,3.0,3.0,28.0,21.0,75.0,20.0,46.0,5.0
734,105.0,9.0,12.0,45.0,292.0,15.0,13.0,15.0,45.0,17.0,74.0,1.0,10.0,94.0,72.0,22.0,5.0,46.0,25.0,11.0,13.0
735,2.0,0.0,2.0,1.0,0.0,332.0,44.0,734.0,619.0,472.0,0.0,5.0,1.0,2.0,0.0,354.0,38.0,3832.0,733.0,345.0,54.0
738,6.0,16.0,30.0,1.0,5.0,8.0,13.0,12.0,6.0,5.0,23.0,307.0,129.0,2.0,4.0,8.0,26.0,138.0,7.0,9.0,6.0
739,34.0,7.0,194.0,60.0,46.0,243.0,84.0,254.0,695.0,360.0,37.0,21.0,69.0,308.0,17.0,321.0,72.0,766.0,2177.0,367.0,1241.0
740,1.0,1.0,5.0,2.0,4.0,10.0,8.0,17.0,15.0,11.0,2.0,0.0,2.0,2.0,1.0,15.0,8.0,56.0,33.0,11.0,3.0
741,23.0,14.0,27.0,16.0,22.0,19.0,11.0,8.0,19.0,9.0,51.0,32.0,31.0,12.0,11.0,18.0,12.0,89.0,12.0,19.0,4.0
742,52.0,14.0,48.0,26.0,56.0,1198.0,156.0,1521.0,3253.0,1475.0,17.0,14.0,16.0,24.0,23.0,1475.0,66.0,5254.0,3970.0,2579.0,694.0
748,3.0,5.0,5.0,4.0,6.0,7.0,11.0,12.0,38.0,11.0,4.0,5.0,3.0,1.0,0.0,16.0,5.0,43.0,44.0,26.0,42.0
749,6.0,1.0,4.0,1.0,1.0,18.0,8.0,6.0,7.0,1.0,1.0,0.0,0.0,2.0,0.0,9.0,9.0,7.0,8.0,8.0,2.0
754,3.0,2.0,7.0,2.0,2.0,4.0,6.0,6.0,4.0,6.0,1.0,3.0,5.0,1.0,1.0,4.0,13.0,13.0,15.0,1.0,1.0
755,1.0,1.0,5.0,1.0,3.0,1.0,1.0,0.0,3.0,0.0,1.0,3.0,0.0,3.0,1.0,3.0,2.0,14.0,0.0,0.0,1.0
756,82.0,34.0,45.0,66.0,115.0,177.0,46.0,71.0,202.0,70.0,75.0,23.0,33.0,135.0,73.0,176.0,25.0,316.0,241.0,89.0,141.0
760,813.0,165.0,205.0,426.0,467.0,29.0,32.0,12.0,28.0,21.0,145.0,54.0,107.0,307.0,269.0,21.0,18.0,33.0,17.0,25.0,7.0
77,3.0,3.0,4.0,0.0,2.0,16.0,62.0,29.0,19.0,28.0,0.0,6.0,0.0,2.0,1.0,15.0,83.0,45.0,9.0,60.0,2.0
772,3.0,28.0,3.0,13.0,46.0,6.0,9.0,7.0,7.0,7.0,2.0,58.0,3.0,11.0,8.0,10.0,5.0,18.0,10.0,8.0,4.0
775,2.0,8.0,4.0,7.0,3.0,23.0,61.0,22.0,107.0,26.0,3.0,3.0,5.0,4.0,1.0,25.0,51.0,70.0,77.0,41.0,56.0
778,10.0,3.0,10.0,10.0,18.0,524.0,37.0,254.0,845.0,247.0,5.0,4.0,14.0,40.0,10.0,557.0,15.0,1025.0,776.0,435.0,82.0
78,1.0,0.0,2.0,2.0,0.0,7.0,6.0,2.0,1.0,4.0,1.0,0.0,1.0,0.0,0.0,3.0,3.0,7.0,0.0,3.0,1.0
782,1.0,0.0,2.0,0.0,0.0,6.0,4.0,16.0,5.0,3.0,0.0,3.0,1.0,0.0,0.0,9.0,5.0,6.0,5.0,8.0,4.0
783,36.0,50.0,45.0,9.0,28.0,21.0,70.0,8.0,11.0,31.0,28.0,79.0,29.0,76.0,6.0,12.0,230.0,93.0,14.0,10.0,3.0
784,5.0,23.0,5.0,1.0,12.0,6.0,8.0,3.0,2.0,1.0,0.0,32.0,2.0,4.0,0.0,4.0,7.0,19.0,3.0,7.0,1.0
789,2.0,4.0,2.0,0.0,3.0,5.0,9.0,10.0,7.0,3.0,0.0,4.0,2.0,1.0,0.0,2.0,8.0,33.0,12.0,6.0,6.0
790,20.0,10.0,11.0,17.0,24.0,288.0,46.0,267.0,710.0,248.0,11.0,3.0,14.0,13.0,8.0,394.0,48.0,1284.0,804.0,377.0,274.0
791,26.0,32.0,22.0,31.0,91.0,12.0,9.0,20.0,16.0,11.0,8.0,9.0,13.0,26.0,17.0,11.0,6.0,79.0,50.0,15.0,38.0
795,19.0,62.0,181.0,42.0,35.0,1179.0,193.0,1054.0,1751.0,1024.0,18.0,5.0,72.0,27.0,8.0,1324.0,58.0,3067.0,1717.0,1341.0,182.0
796,39.0,755.0,189.0,6.0,12.0,479.0,138.0,480.0,2565.0,1019.0,71.0,16340.0,916.0,171.0,8.0,641.0,175.0,1050.0,1294.0,1772.0,286.0
797,3.0,5.0,5.0,15.0,8.0,14.0,11.0,5.0,13.0,6.0,6.0,20.0,12.0,5.0,5.0,11.0,26.0,29.0,13.0,4.0,5.0
798,5.0,8.0,13.0,11.0,4.0,76.0,188.0,67.0,41.0,81.0,0.0,18.0,15.0,2.0,0.0,81.0,91.0,103.0,110.0,132.0,15.0
800,14.0,1.0,2.0,0.0,0.0,2.0,4.0,1.0,6.0,3.0,2.0,1.0,1.0,0.0,0.0,2.0,7.0,9.0,5.0,4.0,2.0
801,4.0,10.0,4.0,4.0,7.0,7.0,679.0,4.0,111.0,3.0,3.0,6.0,11.0,1.0,1.0,16.0,70.0,48.0,67.0,10.0,140.0
803,1.0,0.0,0.0,1.0,0.0,2.0,5.0,1.0,6.0,4.0,0.0,0.0,0.0,0.0,0.0,6.0,2.0,9.0,3.0,2.0,2.0
804,28.0,118.0,26.0,6.0,9.0,25.0,22.0,19.0,8.0,27.0,11.0,37.0,142.0,6.0,4044.0,8.0,27.0,22.0,11.0,9.0,4.0
805,4.0,8.0,10.0,5.0,7.0,9.0,14.0,5.0,4.0,2.0,5.0,9.0,12.0,10.0,1.0,6.0,33.0,36.0,9.0,4.0,3.0
807,0.0,5.0,3.0,0.0,1.0,4.0,9.0,3.0,2.0,4.0,0.0,2.0,2.0,0.0,0.0,6.0,10.0,13.0,3.0,6.0,1.0
808,200.0,4.0,11.0,9.0,8.0,16.0,4.0,2.0,11.0,12.0,33.0,5.0,6.0,7.0,11.0,2.0,10.0,25.0,10.0,10.0,2.0
809,36.0,8.0,50.0,39.0,146.0,14.0,32.0,17.0,14.0,13.0,64.0,5.0,26.0,40.0,25.0,14.0,29.0,44.0,33.0,30.0,5.0
81,11.0,15.0,3.0,3.0,3.0,3.0,2.0,2.0,2.0,5.0,5.0,4.0,1.0,4.0,4.0,4.0,2.0,3.0,3.0,2.0,3.0
811,10.0,77.0,72.0,15.0,12.0,27.0,76.0,60.0,98.0,44.0,8.0,132.0,120.0,7.0,13.0,37.0,23.0,145.0,213.0,54.0,159.0
812,50.0,7.0,19.0,773.0,47.0,5.0,16.0,8.0,18.0,4.0,21.0,17.0,35.0,45.0,16.0,2.0,11.0,43.0,9.0,7.0,0.0
813,22.0,25.0,71.0,144.0,170.0,31.0,24.0,25.0,31.0,27.0,28.0,60.0,89.0,55.0,38.0,31.0,35.0,96.0,43.0,24.0,9.0
819,5.0,6.0,10.0,3.0,5.0,41.0,42.0,40.0,48.0,51.0,5.0,18.0,16.0,4.0,3.0,62.0,28.0,71.0,47.0,71.0,9.0
821,3.0,1.0,4.0,2.0,1.0,5.0,16.0,4.0,6.0,2.0,3.0,1.0,0.0,1.0,3.0,5.0,13.0,16.0,7.0,4.0,4.0
823,9.0,8.0,20.0,19.0,40.0,16.0,56.0,7.0,9.0,16.0,4.0,2.0,12.0,9.0,6.0,8.0,16.0,20.0,19.0,16.0,7.0
830,20.0,5.0,13.0,4.0,6.0,9.0,19.0,5.0,8.0,2.0,3.0,8.0,20.0,4.0,1.0,3.0,10.0,47.0,2.0,4.0,2.0
833,35.0,28.0,89.0,32.0,27.0,17.0,14.0,10.0,14.0,12.0,20.0,26.0,37.0,46.0,16.0,17.0,26.0,73.0,17.0,14.0,7.0
835,18.0,16.0,713.0,9.0,15.0,60.0,27.0,269.0,58.0,112.0,10.0,23.0,2065.0,119.0,9.0,80.0,5.0,858.0,392.0,107.0,56.0
837,82.0,2.0,21.0,28.0,35.0,22.0,10.0,16.0,25.0,11.0,33.0,0.0,3.0,40.0,16.0,18.0,15.0,28.0,25.0,7.0,7.0
838,1651.0,421.0,2132.0,2679.0,2966.0,3975.0,322.0,2554.0,2654.0,3609.0,1226.0,270.0,2887.0,6724.0,1441.0,3267.0,286.0,9147.0,6164.0,3488.0,2132.0
839,11.0,0.0,16.0,11.0,14.0,13.0,6.0,6.0,7.0,6.0,9.0,0.0,6.0,7.0,4.0,7.0,6.0,17.0,14.0,11.0,4.0
841,61.0,2848.0,59.0,21.0,12.0,9.0,287.0,3.0,11.0,7.0,49.0,16928.0,107.0,13.0,3.0,7.0,97.0,40.0,20.0,5.0,15.0
842,38.0,332.0,69.0,93.0,287.0,17.0,50.0,18.0,20.0,17.0,27.0,268.0,36.0,178.0,93.0,18.0,33.0,54.0,33.0,16.0,14.0
843,16.0,33.0,26.0,9.0,34.0,256.0,423.0,182.0,684.0,145.0,12.0,32.0,17.0,11.0,8.0,336.0,311.0,746.0,426.0,217.0,278.0
848,1.0,6.0,0.0,0.0,2.0,4.0,7.0,1.0,6.0,2.0,0.0,5.0,1.0,0.0,1.0,2.0,11.0,2.0,3.0,1.0,1.0
850,4.0,36.0,18.0,9.0,9.0,372.0,545.0,268.0,859.0,339.0,0.0,17.0,9.0,3.0,2.0,434.0,87.0,841.0,898.0,451.0,211.0
853,86.0,105.0,45.0,34.0,220.0,570.0,154.0,365.0,1525.0,416.0,76.0,81.0,155.0,50.0,26.0,712.0,96.0,1544.0,1117.0,474.0,933.0
854,3.0,17.0,12.0,2.0,2.0,22.0,28.0,17.0,12.0,13.0,3.0,40.0,3.0,1.0,0.0,11.0,34.0,101.0,21.0,14.0,15.0
857,6.0,139.0,24.0,9.0,5.0,132.0,363.0,144.0,93.0,99.0,7.0,48.0,16.0,1.0,2.0,71.0,426.0,233.0,159.0,145.0,54.0
859,32.0,29.0,14.0,12.0,58.0,3.0,12.0,2.0,2.0,5.0,29.0,16.0,4.0,16.0,12.0,6.0,4.0,11.0,9.0,3.0,2.0
860,25.0,28.0,47.0,50.0,55.0,21.0,26.0,12.0,16.0,20.0,11.0,6.0,11.0,22.0,23.0,17.0,19.0,32.0,24.0,15.0,10.0
862,87.0,0.0,38.0,41.0,70.0,38.0,10.0,23.0,33.0,16.0,37.0,0.0,27.0,23.0,5.0,21.0,19.0,62.0,56.0,25.0,20.0
868,1.0,2.0,2.0,14.0,10.0,55.0,7.0,51.0,144.0,51.0,2.0,2.0,5.0,2.0,3.0,72.0,3.0,220.0,129.0,51.0,30.0
869,2302.0,0.0,217.0,237.0,294.0,464.0,13.0,335.0,196.0,334.0,2.0,0.0,526.0,14.0,330.0,382.0,3.0,483.0,531.0,453.0,36.0
87,0.0,12.0,17.0,2.0,5.0,19.0,22.0,2.0,127.0,3.0,0.0,6.0,1.0,1.0,0.0,0.0,11.0,10.0,232.0,3.0,19.0
870,0.0,0.0,2.0,0.0,0.0,4.0,5.0,1.0,0.0,1.0,0.0,0.0,0.0,0.0,0.0,0.0,1.0,3.0,0.0,0.0,1.0
871,1.0,5.0,4.0,7.0,1.0,3.0,4.0,4.0,3.0,4.0,2.0,15.0,15.0,5.0,1.0,4.0,8.0,27.0,2.0,2.0,1.0
879,0.0,1.0,0.0,0.0,1.0,3.0,3.0,3.0,0.0,3.0,0.0,6.0,1.0,0.0,0.0,2.0,0.0,5.0,3.0,1.0,4.0
880,0.0,0.0,0.0,1.0,1.0,1.0,0.0,1.0,16.0,0.0,0.0,0.0,0.0,0.0,0.0,0.0,0.0,2.0,9.0,4.0,2.0
882,0.0,1.0,8.0,17.0,1.0,3.0,1.0,2.0,6.0,4.0,1.0,13.0,3.0,3.0,2.0,2.0,0.0,18.0,7.0,0.0,1.0
887,0.0,2.0,3.0,1.0,0.0,6.0,18.0,4.0,14.0,7.0,0.0,1.0,0.0,2.0,0.0,10.0,8.0,8.0,20.0,8.0,6.0
888,6.0,10.0,8.0,3.0,0.0,197.0,6.0,207.0,341.0,228.0,4.0,1.0,31.0,7.0,2.0,395.0,6.0,736.0,501.0,211.0,72.0
89,28.0,154.0,9.0,112.0,393.0,28.0,82.0,16.0,47.0,26.0,31.0,48.0,23.0,82.0,74.0,39.0,231.0,131.0,21.0,13.0,31.0
892,0.0,0.0,1.0,0.0,1.0,5.0,127.0,2.0,1.0,1.0,0.0,2.0,0.0,0.0,0.0,4.0,69.0,22.0,3.0,1.0,2.0
897,0.0,0.0,1.0,1.0,0.0,0.0,2.0,0.0,2.0,2.0,0.0,0.0,0.0,0.0,0.0,2.0,1.0,2.0,1.0,2.0,0.0
904,0.0,0.0,0.0,0.0,0.0,1.0,2.0,1.0,0.0,0.0,0.0,0.0,0.0,0.0,0.0,0.0,0.0,2.0,1.0,0.0,0.0
91,10.0,35.0,93.0,9.0,18.0,22.0,60.0,11.0,32.0,27.0,5.0,38.0,32.0,8.0,8.0,15.0,48.0,69.0,32.0,23.0,8.0
911,29.0,275.0,8.0,12.0,122.0,61.0,8.0,35.0,42.0,30.0,17.0,113.0,18.0,16.0,13.0,56.0,8.0,59.0,94.0,57.0,34.0
916,13.0,8.0,11.0,7.0,44.0,2.0,69.0,2.0,7.0,6.0,4.0,15.0,2.0,5.0,2.0,1.0,20.0,13.0,8.0,6.0,1.0
923,3.0,3.0,8.0,2.0,5.0,6.0,22.0,4.0,5.0,3.0,2.0,8.0,7.0,8.0,0.0,7.0,22.0,13.0,11.0,5.0,8.0
924,0.0,6.0,1.0,0.0,0.0,1.0,2.0,3.0,6.0,3.0,2.0,9.0,4.0,0.0,0.0,3.0,5.0,15.0,4.0,2.0,2.0
930,1.0,1.0,1.0,1.0,0.0,4.0,18.0,4.0,7.0,2.0,0.0,0.0,3.0,1.0,0.0,3.0,6.0,11.0,3.0,6.0,4.0
931,8.0,11.0,163.0,31.0,7.0,70.0,11.0,89.0,90.0,122.0,4.0,5.0,227.0,99.0,225.0,89.0,14.0,230.0,159.0,126.0,28.0
933,4.0,30.0,5.0,3.0,7.0,67.0,22.0,39.0,88.0,37.0,0.0,3.0,3.0,2.0,1.0,94.0,14.0,186.0,71.0,33.0,24.0
936,14.0,11.0,32.0,7.0,13.0,5.0,18.0,6.0,29.0,7.0,7.0,18.0,17.0,8.0,14.0,7.0,30.0,31.0,19.0,10.0,8.0
937,1.0,2.0,6.0,6.0,3.0,1.0,2.0,7.0,4.0,4.0,0.0,1.0,3.0,1.0,0.0,2.0,2.0,11.0,8.0,4.0,2.0
939,10.0,5.0,16.0,14.0,25.0,14.0,5.0,4.0,52.0,4.0,12.0,3.0,12.0,54.0,10.0,48.0,1.0,9.0,75.0,9.0,72.0
94,25.0,94.0,35.0,24.0,44.0,159.0,221.0,78.0,141.0,63.0,26.0,48.0,58.0,56.0,18.0,121.0,99.0,181.0,214.0,107.0,39.0
941,1.0,0.0,3.0,0.0,3.0,1.0,3.0,1.0,0.0,2.0,0.0,0.0,1.0,0.0,1.0,4.0,4.0,2.0,4.0,2.0,1.0
942,1.0,0.0,0.0,1.0,0.0,3.0,0.0,1.0,2.0,1.0,0.0,0.0,0.0,0.0,0.0,0.0,1.0,0.0,3.0,0.0,0.0
943,3.0,2.0,1.0,5.0,0.0,5.0,9.0,1.0,10.0,5.0,3.0,2.0,4.0,0.0,1.0,6.0,3.0,11.0,8.0,6.0,5.0
945,2.0,12.0,1.0,1.0,1.0,3.0,4.0,1.0,1.0,3.0,1.0,0.0,0.0,1.0,0.0,1.0,1.0,0.0,3.0,0.0,0.0
946,0.0,0.0,0.0,1.0,0.0,1.0,15.0,1.0,1.0,0.0,1.0,0.0,0.0,0.0,0.0,1.0,1.0,2.0,1.0,0.0,0.0
953,0.0,1.0,2.0,0.0,3.0,2.0,5.0,2.0,2.0,3.0,4.0,2.0,1.0,1.0,0.0,3.0,1.0,2.0,0.0,1.0,2.0
957,3.0,5.0,11.0,6.0,4.0,1.0,12.0,0.0,2.0,1.0,3.0,3.0,3.0,5.0,10.0,1.0,2.0,2.0,2.0,4.0,0.0
959,4.0,1.0,16.0,2.0,0.0,43.0,84.0,6.0,34.0,19.0,0.0,2.0,4.0,1.0,0.0,27.0,25.0,44.0,58.0,59.0,13.0
960,72.0,12.0,51.0,57.0,139.0,17.0,17.0,10.0,14.0,16.0,53.0,0.0,50.0,72.0,37.0,18.0,15.0,9.0,12.0,13.0,0.0
962,1.0,8.0,0.0,1.0,4.0,13.0,9.0,1.0,6.0,2.0,0.0,0.0,2.0,0.0,1.0,2.0,2.0,3.0,5.0,2.0,3.0
966,1.0,0.0,1.0,0.0,0.0,2.0,0.0,1.0,2.0,1.0,0.0,0.0,0.0,0.0,0.0,1.0,2.0,2.0,5.0,2.0,0.0
967,5.0,6.0,8.0,3.0,7.0,6.0,8.0,6.0,6.0,3.0,4.0,1.0,5.0,9.0,2.0,8.0,14.0,28.0,15.0,10.0,7.0
972,70.0,302.0,26.0,16.0,82.0,586.0,135.0,312.0,525.0,386.0,36.0,375.0,131.0,50.0,22.0,567.0,45.0,1452.0,864.0,537.0,192.0
973,0.0,460.0,114.0,34.0,0.0,124.0,8.0,233.0,120.0,178.0,0.0,0.0,235.0,0.0,13.0,167.0,4.0,357.0,324.0,271.0,19.0
976,1.0,4.0,1.0,1.0,5.0,2.0,0.0,2.0,2.0,0.0,3.0,6.0,0.0,0.0,0.0,4.0,3.0,1.0,5.0,3.0,3.0
980,2.0,24.0,3.0,1.0,8.0,5.0,13.0,1.0,1.0,0.0,0.0,7.0,1.0,2.0,2.0,6.0,2.0,6.0,12.0,0.0,0.0
983,4.0,96.0,5.0,4.0,9.0,2.0,1.0,0.0,3.0,2.0,12.0,63.0,3.0,17.0,10.0,2.0,2.0,5.0,2.0,1.0,1.0
984,35.0,1.0,153.0,137.0,36.0,10.0,24.0,8.0,13.0,13.0,16.0,3.0,43.0,315.0,17.0,14.0,6.0,17.0,10.0,20.0,4.0
985,0.0,2.0,4.0,0.0,0.0,0.0,0.0,1.0,1.0,0.0,0.0,1.0,1.0,0.0,0.0,2.0,0.0,3.0,5.0,1.0,0.0
987,30.0,3.0,11.0,2.0,23.0,5.0,4.0,3.0,5.0,3.0,6.0,2.0,6.0,9.0,19.0,3.0,1.0,8.0,5.0,11.0,4.0
99,11.0,4.0,13.0,10.0,12.0,5.0,9.0,7.0,2.0,3.0,5.0,23.0,8.0,3.0,4.0,8.0,4.0,6.0,10.0,6.0,6.0
991,2.0,0.0,0.0,0.0,4.0,76.0,11.0,59.0,221.0,111.0,1.0,1.0,3.0,0.0,0.0,77.0,7.0,192.0,161.0,174.0,67.0
992,0.0,0.0,0.0,0.0,0.0,12.0,25.0,3.0,10.0,9.0,0.0,0.0,0.0,1.0,0.0,11.0,25.0,7.0,7.0,13.0,2.0
996,497.0,63.0,1190.0,149.0,51.0,274.0,283.0,384.0,1057.0,275.0,486.0,23.0,4307.0,217.0,28.0,331.0,44.0,1250.0,500.0,644.0,46.0
998,8.0,3.0,1.0,4.0,4.0,1.0,9.0,0.0,3.0,2.0,8.0,7.0,2.0,0.0,0.0,4.0,9.0,4.0,2.0,2.0,1.0
999,3.0,31.0,2.0,12.0,28.0,0.0,0.0,1.0,3.0,1.0,5.0,40.0,2.0,7.0,12.0,0.0,2.0,2.0,5.0,1.0,1.0
1052,0.0,5.0,1.0,0.0,0.0,1.0,2.0,1.0,1.0,0.0,2.0,2.0,2.0,0.0,0.0,0.0,1.0,0.0,1.0,0.0,0.0
17_2,0.0,1.0,0.0,0.0,0.0,1.0,0.0,3.0,2.0,0.0,0.0,0.0,0.0,0.0,0.0,1.0,0.0,1.0,1.0,0.0,1.0
217,0.0,0.0,1.0,0.0,0.0,0.0,0.0,1.0,1.0,1.0,0.0,0.0,0.0,0.0,0.0,1.0,0.0,1.0,0.0,0.0,0.0
22,1.0,3.0,0.0,0.0,1.0,1.0,1.0,1.0,1.0,0.0,1.0,2.0,0.0,1.0,0.0,0.0,0.0,4.0,4.0,0.0,2.0
292,12.0,3.0,13.0,3.0,5.0,1.0,4.0,1.0,3.0,3.0,11.0,9.0,23.0,2.0,5.0,2.0,1.0,5.0,1.0,2.0,0.0
387,3.0,3.0,1.0,0.0,18.0,0.0,2.0,1.0,1.0,0.0,1.0,2.0,0.0,1.0,1.0,1.0,0.0,4.0,2.0,1.0,0.0
411,0.0,2.0,2.0,1.0,3.0,3.0,4.0,0.0,0.0,2.0,0.0,1.0,0.0,0.0,0.0,2.0,4.0,1.0,3.0,0.0,1.0
44,0.0,0.0,0.0,0.0,0.0,1.0,0.0,0.0,0.0,0.0,0.0,1.0,0.0,0.0,0.0,1.0,0.0,1.0,0.0,0.0,0.0
501,2.0,0.0,2.0,0.0,0.0,0.0,2.0,0.0,0.0,1.0,0.0,0.0,0.0,0.0,0.0,2.0,2.0,5.0,2.0,0.0,0.0
506,1.0,1.0,0.0,1.0,0.0,1.0,0.0,0.0,0.0,0.0,0.0,0.0,1.0,0.0,0.0,0.0,1.0,2.0,0.0,1.0,0.0
59,0.0,0.0,0.0,0.0,0.0,0.0,0.0,1.0,1.0,1.0,0.0,0.0,0.0,0.0,1.0,1.0,0.0,3.0,0.0,0.0,1.0
607,1.0,0.0,2.0,0.0,1.0,2.0,4.0,1.0,1.0,5.0,1.0,0.0,0.0,0.0,0.0,0.0,1.0,4.0,2.0,2.0,1.0
643,0.0,2.0,0.0,1.0,1.0,2.0,6.0,4.0,1.0,0.0,0.0,0.0,1.0,0.0,0.0,0.0,2.0,0.0,0.0,0.0,2.0
753,10.0,14.0,24.0,7.0,4.0,0.0,9.0,8.0,7.0,2.0,4.0,73.0,33.0,4.0,2.0,4.0,11.0,62.0,6.0,3.0,2.0
79,1.0,0.0,0.0,1.0,1.0,1.0,1.0,1.0,0.0,0.0,0.0,0.0,0.0,0.0,0.0,1.0,0.0,2.0,1.0,0.0,0.0
917,0.0,4.0,0.0,1.0,2.0,1.0,0.0,1.0,3.0,0.0,0.0,1.0,0.0,0.0,0.0,0.0,0.0,2.0,2.0,0.0,1.0
956,4.0,3.0,6.0,8.0,2.0,1.0,1.0,0.0,5.0,0.0,0.0,5.0,1.0,2.0,4.0,0.0,1.0,7.0,2.0,2.0,1.0
454,1.0,2.0,0.0,0.0,0.0,2.0,2.0,4.0,11.0,3.0,1.0,0.0,16.0,0.0,0.0,9.0,0.0,15.0,12.0,5.0,3.0
932,4.0,12.0,3.0,1.0,3.0,2.0,1.0,5.0,2.0,0.0,7.0,60.0,8.0,0.0,0.0,2.0,3.0,20.0,1.0,2.0,0.0
