strain_id,A_MTX_5-FC.ERG11_ERV25,A_MTX_Fluconazole.ERG11_ERV25,A_MTX_Metformin.ERG11_ERV25,A_MTX_Trifluoperazine.ERG11_ERV25,A_MTX_noDrug.ERG11_ERV25,A_noMTX_5-FC.ERG11_ERV25,A_noMTX_Fluconazole.ERG11_ERV25,A_noMTX_Metformin.ERG11_ERV25,A_noMTX_Trifluoperazine.ERG11_ERV25,A_noMTX_noDrug.ERG11_ERV25,B_MTX_5-FC.ERG11_ERV25,B_MTX_Fluconazole.ERG11_ERV25,B_MTX_Metformin.ERG11_ERV25,B_MTX_Trifluoperazine.ERG11_ERV25,B_MTX_noDrug.ERG11_ERV25,B_noMTX_5-FC.ERG11_ERV25,B_noMTX_Fluconazole.ERG11_ERV25,B_noMTX_Metformin.ERG11_ERV25,B_noMTX_Trifluoperazine.ERG11_ERV25,B_noMTX_noDrug.ERG11_ERV25,T0_noMTX_noDrug.ERG11_ERV25
1005,57.0,1.0,14.0,3.0,52.0,72.0,2.0,122.0,17.0,47.0,48.0,0.0,56.0,171.0,3.0,44.0,2069.0,485.0,90,646.0,1.0
1007,38.0,489.0,30.0,10.0,0.0,68.0,8.0,181.0,140.0,26.0,3.0,0.0,12.0,525.0,8.0,75.0,5.0,192.0,304,78.0,7.0
1013,2.0,1.0,5.0,2.0,49.0,8.0,3.0,2.0,13.0,7.0,5.0,1.0,1.0,2.0,1.0,11.0,1.0,4.0,12,20.0,2.0
1016,2.0,2.0,9.0,0.0,2.0,322.0,6.0,77.0,75.0,16.0,4.0,0.0,7.0,2.0,0.0,172.0,14.0,21.0,820,99.0,13.0
1018,87.0,41.0,253.0,41.0,1083.0,814.0,18.0,116.0,1070.0,306.0,226.0,77.0,298.0,232.0,35.0,684.0,14.0,156.0,1491,1267.0,15.0
1020,127.0,3.0,458.0,89.0,938.0,21.0,6.0,194.0,240.0,51.0,713.0,0.0,344.0,1974.0,87.0,90.0,5.0,74.0,107,156.0,9.0
1025,544.0,253.0,285.0,67.0,474.0,1140.0,1238.0,563.0,537.0,600.0,702.0,10521.0,231.0,589.0,108.0,815.0,596.0,374.0,1769,1955.0,33.0
1027,33.0,2.0,12.0,3.0,14.0,27.0,61.0,98.0,51.0,19.0,157.0,0.0,229.0,115.0,1.0,30.0,33.0,34.0,29,39.0,5.0
1035,45.0,116.0,73.0,33.0,46.0,8.0,6.0,9.0,36.0,5.0,72.0,15.0,20.0,107.0,37.0,6.0,9.0,3.0,47,33.0,2.0
1038,432.0,0.0,1149.0,164.0,437.0,466.0,14.0,317.0,762.0,483.0,1047.0,2.0,275.0,1594.0,154.0,296.0,2.0,623.0,719,1505.0,11.0
1040,114.0,65.0,154.0,28.0,69.0,51.0,37.0,161.0,317.0,84.0,92.0,9.0,36.0,623.0,30.0,108.0,11.0,84.0,357,1445.0,10.0
1046,155.0,6.0,133.0,13.0,174.0,679.0,5.0,302.0,643.0,280.0,131.0,0.0,211.0,481.0,3.0,288.0,1907.0,671.0,1857,1418.0,14.0
1050,52.0,15.0,94.0,8.0,7.0,69.0,6.0,25.0,58.0,27.0,21.0,1.0,23.0,19.0,2.0,64.0,4.0,48.0,151,81.0,1.0
1065,9.0,24.0,8.0,3.0,11.0,44.0,0.0,12.0,20.0,4.0,5.0,11.0,9.0,3.0,1.0,0.0,2.0,3.0,7,5.0,5.0
1069,548.0,1575.0,555.0,243.0,588.0,750.0,489.0,287.0,569.0,367.0,715.0,10379.0,159.0,547.0,324.0,462.0,43.0,161.0,1223,658.0,35.0
107,217.0,178.0,81.0,6.0,7.0,1006.0,4.0,170.0,865.0,97.0,202.0,61.0,141.0,6.0,2.0,425.0,67.0,69.0,1758,686.0,6.0
113,8.0,8.0,28.0,1.0,6.0,15.0,5.0,13.0,34.0,9.0,13.0,1.0,4.0,13.0,7.0,16.0,3.0,5.0,29,26.0,11.0
119,2.0,16.0,5.0,4.0,5.0,3.0,4.0,5.0,15.0,0.0,10.0,2.0,5.0,5.0,2.0,3.0,2.0,4.0,18,13.0,0.0
124,94.0,1.0,34.0,7.0,357.0,10.0,0.0,83.0,16.0,9.0,183.0,0.0,61.0,216.0,37.0,23.0,1.0,20.0,54,314.0,3.0
128,24.0,1.0,2.0,1.0,0.0,24.0,7.0,9.0,18.0,8.0,6.0,0.0,0.0,20.0,0.0,83.0,13.0,19.0,20,15.0,8.0
132,293.0,154.0,148.0,25.0,429.0,345.0,18.0,139.0,440.0,113.0,349.0,145.0,123.0,547.0,23.0,85.0,97.0,74.0,431,585.0,7.0
133,0.0,3.0,1.0,1.0,0.0,58.0,12.0,5.0,209.0,2.0,0.0,0.0,0.0,4.0,2.0,57.0,1.0,6.0,27,7.0,9.0
136,5.0,6.0,83.0,0.0,9.0,9.0,4.0,22.0,41.0,4.0,9.0,1.0,2.0,3.0,0.0,4.0,17.0,11.0,22,59.0,2.0
14,689.0,7.0,1386.0,401.0,1240.0,695.0,2.0,1140.0,1527.0,773.0,1490.0,6.0,454.0,12459.0,447.0,563.0,36.0,813.0,5862,2948.0,59.0
146,2959.0,1076.0,2558.0,565.0,2337.0,1701.0,167.0,1358.0,1563.0,682.0,4326.0,19.0,963.0,6537.0,412.0,1614.0,101.0,729.0,3270,5685.0,63.0
15,272.0,2.0,165.0,26.0,215.0,820.0,58.0,218.0,944.0,173.0,251.0,0.0,21.0,311.0,45.0,681.0,1.0,160.0,2631,739.0,8.0
151,54.0,37.0,46.0,6.0,16.0,128.0,10.0,37.0,94.0,130.0,71.0,6.0,6.0,66.0,1.0,89.0,0.0,44.0,270,53.0,3.0
153,156.0,0.0,172.0,5.0,135.0,552.0,10.0,95.0,267.0,248.0,120.0,0.0,100.0,239.0,2.0,287.0,21.0,70.0,534,954.0,7.0
17,4.0,10.0,8.0,2.0,1.0,4.0,0.0,0.0,16.0,4.0,2.0,4.0,4.0,6.0,1.0,6.0,1.0,4.0,27,16.0,1.0
171,15.0,62.0,27.0,12.0,20.0,13.0,10.0,9.0,67.0,1.0,28.0,1.0,8.0,106.0,12.0,8.0,4.0,1.0,97,82.0,2.0
175,12.0,1.0,96.0,2.0,20.0,64.0,1.0,120.0,42.0,35.0,60.0,0.0,48.0,19.0,1.0,83.0,1.0,25.0,28,175.0,4.0
180,298.0,0.0,59.0,3.0,29.0,335.0,1922.0,70.0,108.0,56.0,320.0,0.0,23.0,258.0,6.0,100.0,37.0,50.0,353,340.0,13.0
180_2,373.0,221.0,1488.0,45.0,222.0,2391.0,7.0,503.0,1716.0,1168.0,556.0,367.0,395.0,602.0,33.0,1225.0,17.0,411.0,4116,1527.0,29.0
185,23.0,37.0,23.0,9.0,36.0,14.0,3.0,17.0,90.0,7.0,41.0,1.0,11.0,140.0,6.0,12.0,5.0,3.0,93,65.0,0.0
187,86.0,40.0,24.0,0.0,97.0,25.0,10.0,22.0,17.0,29.0,109.0,241.0,52.0,104.0,0.0,16.0,5.0,1.0,28,187.0,4.0
188,2.0,27.0,173.0,61.0,4.0,63.0,2.0,87.0,124.0,31.0,226.0,433.0,229.0,1780.0,1.0,31.0,0.0,58.0,66,140.0,5.0
192,40.0,25.0,137.0,6.0,4.0,329.0,11.0,68.0,254.0,326.0,22.0,42.0,48.0,16.0,5.0,211.0,6.0,92.0,1165,330.0,2.0
20,11.0,114.0,105.0,0.0,50.0,303.0,2.0,29.0,191.0,8.0,36.0,253.0,5.0,83.0,3.0,281.0,0.0,11.0,140,222.0,2.0
209,0.0,1.0,9.0,1.0,2.0,6.0,3.0,6.0,29.0,4.0,2.0,1.0,4.0,6.0,0.0,6.0,5.0,4.0,43,17.0,8.0
210,3.0,11.0,11.0,1.0,2.0,7.0,1.0,9.0,33.0,4.0,8.0,7.0,4.0,24.0,0.0,3.0,3.0,5.0,55,36.0,2.0
226,144.0,2.0,71.0,5.0,79.0,90.0,24.0,48.0,43.0,9.0,100.0,3.0,42.0,306.0,10.0,38.0,3.0,4.0,82,23.0,12.0
235,0.0,1.0,0.0,0.0,2.0,0.0,1.0,3.0,4.0,2.0,0.0,0.0,0.0,4.0,0.0,3.0,2.0,0.0,5,4.0,2.0
240,0.0,1.0,1.0,0.0,0.0,3.0,3.0,7.0,14.0,5.0,1.0,0.0,1.0,0.0,0.0,11.0,5.0,3.0,25,16.0,0.0
248,1.0,0.0,4.0,21.0,0.0,1.0,2.0,5.0,55.0,1.0,12.0,0.0,1.0,5.0,1.0,5.0,2.0,8.0,60,19.0,3.0
250,0.0,6.0,5.0,2.0,1.0,0.0,1.0,2.0,6.0,1.0,2.0,0.0,0.0,0.0,0.0,2.0,0.0,2.0,6,3.0,0.0
252,1.0,0.0,5.0,2.0,8.0,0.0,9.0,5.0,3.0,2.0,3.0,0.0,0.0,2.0,1.0,1.0,1.0,4.0,7,3.0,0.0
253,7.0,2.0,19.0,2.0,1.0,5.0,7.0,18.0,23.0,4.0,8.0,1.0,14.0,6.0,0.0,12.0,6.0,8.0,32,15.0,1.0
254,46.0,525.0,34.0,1.0,8.0,50.0,13.0,62.0,67.0,35.0,89.0,482.0,17.0,5.0,1.0,38.0,11.0,26.0,93,125.0,3.0
257,6.0,2.0,15.0,0.0,2.0,14.0,7.0,7.0,22.0,7.0,6.0,0.0,6.0,3.0,2.0,13.0,6.0,5.0,25,66.0,6.0
258,143.0,2.0,16.0,16.0,47.0,22.0,9.0,91.0,45.0,8.0,111.0,0.0,49.0,253.0,39.0,27.0,3.0,35.0,124,397.0,2.0
27,1.0,1.0,9.0,3.0,3.0,3.0,0.0,7.0,8.0,6.0,8.0,4.0,10.0,4.0,2.0,6.0,2.0,4.0,18,10.0,4.0
270,0.0,0.0,1.0,0.0,0.0,0.0,4.0,2.0,6.0,0.0,0.0,0.0,1.0,2.0,0.0,3.0,9.0,3.0,3,3.0,0.0
271,39.0,0.0,94.0,2.0,17.0,220.0,9.0,63.0,369.0,51.0,268.0,0.0,68.0,0.0,0.0,145.0,1.0,76.0,722,42.0,6.0
272,7.0,0.0,0.0,3.0,17.0,12.0,1.0,12.0,70.0,7.0,88.0,0.0,44.0,72.0,1.0,3.0,1.0,7.0,12,18.0,3.0
277,0.0,0.0,0.0,0.0,0.0,1.0,0.0,1.0,0.0,1.0,1.0,0.0,2.0,0.0,0.0,0.0,2.0,0.0,3,1.0,0.0
286,41.0,2.0,20.0,8.0,28.0,54.0,2.0,14.0,26.0,10.0,7.0,6.0,24.0,38.0,12.0,28.0,0.0,20.0,130,59.0,0.0
289,50.0,186.0,30.0,0.0,11.0,32.0,167.0,34.0,51.0,35.0,31.0,0.0,56.0,162.0,3.0,26.0,4.0,25.0,166,159.0,9.0
29,30.0,2.0,214.0,24.0,35.0,112.0,2.0,28.0,41.0,5.0,231.0,6.0,162.0,26.0,1.0,32.0,0.0,24.0,573,274.0,4.0
291,2.0,0.0,10.0,0.0,2.0,3.0,1.0,4.0,11.0,2.0,4.0,0.0,2.0,6.0,0.0,2.0,2.0,0.0,9,17.0,0.0
294,43.0,0.0,61.0,1.0,0.0,102.0,6.0,153.0,371.0,128.0,11.0,0.0,354.0,0.0,1.0,13.0,2.0,18.0,360,317.0,3.0
296,23.0,1.0,6.0,0.0,1.0,17.0,22.0,18.0,13.0,4.0,2.0,0.0,2.0,9.0,0.0,15.0,8.0,12.0,46,30.0,2.0
299,11.0,5.0,48.0,5.0,2.0,432.0,2.0,111.0,229.0,127.0,19.0,0.0,14.0,255.0,2.0,228.0,1.0,74.0,1197,385.0,0.0
307,7.0,3.0,8.0,2.0,5.0,177.0,8.0,38.0,231.0,43.0,4.0,3.0,2.0,1.0,3.0,19.0,2.0,33.0,257,115.0,3.0
308,1.0,1.0,6.0,0.0,1.0,2.0,2.0,2.0,8.0,0.0,2.0,1.0,2.0,1.0,2.0,2.0,0.0,0.0,7,4.0,1.0
31,1.0,0.0,3.0,1.0,0.0,0.0,0.0,0.0,0.0,0.0,5.0,0.0,4.0,4.0,1.0,3.0,1.0,1.0,2,1.0,0.0
311,5.0,1.0,15.0,2.0,5.0,8.0,2.0,3.0,14.0,2.0,9.0,0.0,4.0,10.0,0.0,3.0,0.0,0.0,36,21.0,2.0
312,1976.0,211.0,2496.0,261.0,4090.0,429.0,1.0,347.0,299.0,199.0,1472.0,9.0,598.0,5526.0,516.0,477.0,3.0,189.0,516,1029.0,5.0
32,1.0,0.0,0.0,0.0,0.0,0.0,0.0,1.0,4.0,1.0,0.0,1.0,0.0,1.0,0.0,0.0,0.0,0.0,2,1.0,0.0
320,1143.0,193.0,1690.0,65.0,174.0,1144.0,23.0,292.0,994.0,192.0,945.0,54.0,420.0,589.0,110.0,525.0,88.0,256.0,2763,1247.0,10.0
323,1.0,1.0,1.0,4.0,3.0,4.0,3.0,2.0,2.0,1.0,4.0,1.0,2.0,5.0,10.0,3.0,10.0,9.0,7,5.0,1.0
325,433.0,1063.0,345.0,8.0,192.0,353.0,105.0,422.0,195.0,119.0,1109.0,2.0,257.0,512.0,19.0,225.0,156.0,218.0,351,1122.0,5.0
33,0.0,0.0,19.0,1.0,22.0,8.0,1.0,15.0,97.0,7.0,14.0,0.0,21.0,221.0,0.0,19.0,0.0,10.0,103,6.0,1.0
335,31.0,0.0,14.0,2.0,2.0,79.0,1.0,10.0,56.0,3.0,11.0,0.0,4.0,6.0,0.0,11.0,3.0,2.0,91,7.0,3.0
336,38.0,87.0,39.0,13.0,80.0,19.0,7.0,64.0,12.0,1.0,20.0,0.0,4.0,393.0,10.0,8.0,4.0,35.0,149,166.0,6.0
337,298.0,8.0,1494.0,50.0,121.0,484.0,8.0,357.0,292.0,157.0,582.0,0.0,347.0,1023.0,14.0,463.0,18.0,154.0,486,862.0,24.0
339,98.0,1.0,56.0,5.0,211.0,11.0,7.0,107.0,44.0,30.0,140.0,0.0,18.0,340.0,21.0,23.0,1.0,33.0,169,135.0,4.0
347,4.0,1.0,13.0,0.0,0.0,10.0,4.0,5.0,11.0,1.0,3.0,1.0,3.0,2.0,0.0,6.0,3.0,4.0,12,3.0,3.0
348,1.0,2.0,10.0,1.0,3.0,3.0,4.0,6.0,4.0,3.0,3.0,0.0,1.0,1.0,2.0,5.0,1.0,0.0,6,0.0,3.0
350,110.0,6464.0,47.0,21.0,26.0,14.0,8.0,12.0,14.0,14.0,105.0,2.0,11.0,90.0,33.0,32.0,8.0,15.0,41,188.0,5.0
354,61.0,0.0,13.0,2.0,14.0,210.0,0.0,53.0,72.0,25.0,36.0,0.0,13.0,67.0,1.0,121.0,1.0,23.0,402,162.0,6.0
358,8.0,3.0,6.0,6.0,3.0,2.0,1.0,1.0,6.0,1.0,15.0,0.0,5.0,9.0,4.0,6.0,1.0,2.0,19,7.0,1.0
359,3.0,2.0,4.0,4.0,8.0,4.0,4.0,1.0,6.0,2.0,4.0,0.0,5.0,12.0,5.0,5.0,2.0,4.0,8,4.0,0.0
36,0.0,0.0,2.0,0.0,0.0,1.0,1.0,1.0,7.0,0.0,2.0,0.0,0.0,3.0,0.0,0.0,0.0,0.0,6,3.0,0.0
364,1.0,2.0,2.0,0.0,1.0,2.0,30.0,0.0,7.0,3.0,2.0,3.0,2.0,5.0,2.0,1.0,19.0,6.0,5,9.0,1.0
375,876.0,0.0,473.0,331.0,316.0,209.0,5.0,174.0,247.0,174.0,2698.0,11.0,251.0,3868.0,38.0,223.0,6.0,160.0,1015,835.0,7.0
383,9.0,12.0,318.0,16.0,42.0,27.0,4.0,78.0,56.0,5.0,73.0,3.0,277.0,215.0,5.0,65.0,6.0,40.0,91,30.0,0.0
385,1.0,30.0,4.0,0.0,1.0,7.0,6.0,0.0,1.0,1.0,5.0,9.0,1.0,3.0,0.0,1.0,0.0,2.0,2,7.0,1.0
392,59.0,22.0,105.0,1.0,7.0,43.0,6.0,51.0,114.0,69.0,63.0,1.0,9.0,63.0,0.0,123.0,2.0,90.0,395,111.0,5.0
397,2.0,1.0,7.0,2.0,4.0,3.0,4.0,6.0,13.0,3.0,4.0,2.0,1.0,7.0,0.0,3.0,0.0,1.0,42,14.0,1.0
399,571.0,15.0,2456.0,80.0,345.0,1439.0,430.0,957.0,1587.0,482.0,651.0,431.0,192.0,3261.0,3.0,1010.0,125.0,746.0,1878,1214.0,14.0
40,5.0,0.0,2.0,2.0,26.0,2.0,0.0,1.0,8.0,3.0,13.0,0.0,2.0,8.0,10.0,0.0,0.0,0.0,5,2.0,1.0
400,154.0,2.0,206.0,61.0,102.0,12.0,5.0,17.0,108.0,14.0,81.0,0.0,22.0,322.0,46.0,12.0,7.0,9.0,39,25.0,8.0
406,46.0,3248.0,693.0,18.0,5.0,145.0,2645.0,85.0,204.0,83.0,249.0,5.0,71.0,113.0,8.0,67.0,1938.0,704.0,272,548.0,12.0
408,0.0,1.0,0.0,0.0,0.0,6.0,2.0,1.0,8.0,4.0,0.0,0.0,1.0,2.0,7.0,31.0,1.0,8.0,14,39.0,0.0
409,24.0,3.0,21.0,21.0,24.0,19.0,15.0,17.0,15.0,8.0,73.0,1.0,5.0,17.0,16.0,27.0,6.0,3.0,73,11.0,3.0
40_2,1.0,0.0,1.0,1.0,3.0,1.0,1.0,2.0,12.0,0.0,0.0,2.0,2.0,4.0,1.0,3.0,0.0,1.0,14,10.0,1.0
412,2.0,0.0,3.0,2.0,1.0,4.0,5.0,1.0,1.0,1.0,3.0,0.0,2.0,1.0,1.0,3.0,9.0,5.0,5,5.0,1.0
418,0.0,7.0,1.0,0.0,0.0,5.0,2.0,1.0,19.0,1.0,1.0,0.0,1.0,5.0,0.0,0.0,4.0,1.0,13,6.0,1.0
419,23.0,12.0,109.0,1.0,3.0,537.0,1.0,108.0,329.0,225.0,16.0,0.0,36.0,3.0,0.0,175.0,0.0,54.0,1055,377.0,1.0
420,1.0,0.0,3.0,0.0,2.0,67.0,4.0,27.0,12.0,39.0,4.0,0.0,2.0,0.0,0.0,31.0,2.0,7.0,54,83.0,1.0
421,7.0,2.0,35.0,3.0,13.0,20.0,11.0,11.0,13.0,8.0,55.0,9.0,7.0,19.0,16.0,10.0,4.0,5.0,32,15.0,2.0
426,17.0,22.0,25.0,10.0,9.0,9.0,10.0,9.0,59.0,11.0,31.0,1.0,5.0,55.0,10.0,5.0,15.0,4.0,39,50.0,0.0
43,1.0,1.0,0.0,0.0,0.0,0.0,0.0,1.0,5.0,0.0,0.0,0.0,0.0,2.0,0.0,5.0,4.0,1.0,10,4.0,0.0
431,31.0,0.0,11.0,0.0,124.0,158.0,10.0,47.0,45.0,15.0,91.0,0.0,10.0,58.0,15.0,32.0,23.0,14.0,128,120.0,7.0
433,14.0,76.0,29.0,8.0,15.0,13.0,12.0,14.0,59.0,9.0,28.0,3.0,17.0,74.0,4.0,17.0,9.0,5.0,89,84.0,7.0
434,155.0,38.0,95.0,15.0,509.0,428.0,1.0,303.0,281.0,211.0,221.0,1.0,180.0,1206.0,16.0,305.0,31.0,128.0,1014,1848.0,3.0
437,30.0,110.0,50.0,12.0,23.0,13.0,25.0,16.0,24.0,6.0,47.0,6.0,12.0,62.0,11.0,9.0,10.0,6.0,28,26.0,1.0
438,0.0,0.0,2.0,1.0,0.0,3.0,5.0,5.0,1.0,2.0,0.0,0.0,0.0,1.0,0.0,9.0,9.0,4.0,13,2.0,5.0
439,6.0,7.0,1.0,0.0,2.0,421.0,6.0,178.0,953.0,196.0,4.0,7.0,0.0,4.0,0.0,171.0,4.0,125.0,2789,803.0,8.0
43_ref1,2.0,1.0,2.0,1.0,0.0,1.0,2391.0,1.0,5.0,0.0,1.0,0.0,2.0,6.0,1.0,1.0,2518.0,622.0,12,8.0,62.0
43_ref2,4.0,1.0,13.0,1.0,1.0,134.0,416.0,18.0,119.0,2.0,9.0,3.0,10.0,27.0,2.0,66.0,0.0,16.0,191,33.0,135.0
442,40.0,95.0,61.0,18.0,44.0,16.0,7.0,8.0,70.0,2.0,60.0,3.0,28.0,85.0,21.0,17.0,11.0,6.0,128,68.0,0.0
444,1.0,0.0,5.0,1.0,0.0,1.0,2.0,1.0,4.0,2.0,1.0,0.0,3.0,4.0,0.0,1.0,0.0,2.0,7,3.0,2.0
446,302.0,726.0,334.0,24.0,116.0,95.0,2.0,65.0,69.0,137.0,503.0,1.0,5.0,1023.0,12.0,103.0,4.0,24.0,92,322.0,6.0
45,11.0,1.0,30.0,1.0,8.0,10.0,6.0,20.0,41.0,4.0,17.0,3.0,5.0,36.0,3.0,13.0,4.0,14.0,93,69.0,1.0
450,1.0,0.0,5.0,2.0,0.0,6.0,18.0,7.0,26.0,4.0,1.0,0.0,0.0,2.0,2.0,5.0,40.0,7.0,14,20.0,2.0
452,2.0,1.0,9.0,2.0,1.0,5.0,7.0,3.0,19.0,1.0,6.0,2.0,0.0,5.0,0.0,7.0,1.0,4.0,15,20.0,0.0
458,81.0,4.0,111.0,3.0,21.0,42.0,4.0,32.0,47.0,39.0,38.0,2.0,56.0,46.0,3.0,47.0,4.0,27.0,99,293.0,5.0
459,317.0,4794.0,574.0,72.0,671.0,692.0,9.0,280.0,872.0,386.0,243.0,1.0,135.0,1226.0,35.0,266.0,6.0,173.0,1448,1082.0,5.0
460,137.0,8958.0,145.0,36.0,40.0,116.0,64.0,75.0,58.0,50.0,117.0,96.0,38.0,107.0,49.0,148.0,48.0,48.0,160,265.0,22.0
466,4.0,19.0,18.0,3.0,4.0,2.0,7.0,9.0,9.0,5.0,13.0,11.0,3.0,11.0,2.0,5.0,2.0,2.0,21,10.0,3.0
468,698.0,12.0,810.0,267.0,966.0,187.0,105.0,303.0,232.0,54.0,1196.0,98.0,126.0,5325.0,281.0,271.0,787.0,275.0,392,698.0,13.0
470,21.0,168.0,67.0,6.0,15.0,13.0,12.0,24.0,33.0,11.0,96.0,7.0,33.0,26.0,15.0,30.0,13.0,7.0,93,34.0,2.0
473,41.0,2.0,52.0,0.0,3.0,25.0,14.0,21.0,58.0,13.0,15.0,2.0,5.0,18.0,3.0,33.0,6.0,11.0,133,223.0,7.0
475,2178.0,133.0,5471.0,212.0,1891.0,1970.0,1163.0,5138.0,2623.0,2383.0,3204.0,574.0,3158.0,9127.0,136.0,2705.0,5233.0,3830.0,6935,6229.0,154.0
476,734.0,5.0,2028.0,24.0,192.0,7081.0,67.0,2714.0,7975.0,2587.0,978.0,3.0,508.0,1091.0,8.0,3028.0,27500.0,8442.0,29218,7401.0,278.0
48,17.0,10.0,14.0,2.0,13.0,11.0,8.0,5.0,29.0,7.0,14.0,21.0,11.0,12.0,5.0,10.0,3.0,6.0,38,19.0,2.0
485,2074.0,5.0,730.0,95.0,6.0,223.0,2.0,59.0,133.0,59.0,1240.0,6.0,428.0,1434.0,86.0,493.0,2.0,157.0,365,329.0,3.0
486,556.0,5.0,137.0,14.0,11.0,153.0,9.0,355.0,202.0,139.0,253.0,4.0,77.0,912.0,104.0,94.0,5.0,48.0,369,1007.0,5.0
491,288.0,7.0,443.0,130.0,64.0,278.0,3.0,59.0,184.0,38.0,167.0,8.0,119.0,1779.0,20.0,196.0,1.0,60.0,328,283.0,8.0
493,58.0,1.0,94.0,67.0,7.0,126.0,3.0,59.0,93.0,30.0,57.0,6.0,34.0,834.0,29.0,39.0,1.0,18.0,125,98.0,9.0
495,48.0,1.0,76.0,21.0,26.0,598.0,8.0,163.0,896.0,382.0,202.0,87.0,54.0,38.0,12.0,630.0,15.0,302.0,1324,856.0,9.0
50,39.0,4.0,60.0,13.0,13.0,9.0,3.0,19.0,35.0,5.0,53.0,0.0,5.0,17.0,2.0,30.0,0.0,13.0,84,37.0,7.0
503,2.0,0.0,2.0,0.0,0.0,5.0,4.0,1.0,96.0,5.0,4.0,1.0,1.0,0.0,0.0,11.0,1.0,15.0,13,4.0,4.0
507,0.0,3.0,3.0,1.0,2.0,11.0,11.0,19.0,24.0,30.0,1.0,2.0,1.0,1.0,2.0,97.0,14.0,22.0,66,10.0,10.0
508,1.0,3.0,2.0,15.0,0.0,72.0,6.0,22.0,112.0,176.0,35.0,1.0,54.0,4.0,0.0,46.0,4.0,44.0,708,161.0,5.0
52,73.0,2.0,2.0,0.0,32.0,19.0,8.0,34.0,6.0,28.0,18.0,6.0,3.0,3.0,0.0,1.0,3.0,3.0,25,8.0,5.0
520,4.0,0.0,9.0,0.0,2.0,4.0,0.0,6.0,7.0,2.0,5.0,1.0,3.0,4.0,0.0,6.0,0.0,3.0,37,11.0,3.0
521,15.0,0.0,52.0,5.0,13.0,24.0,29.0,65.0,104.0,17.0,22.0,1.0,9.0,49.0,4.0,45.0,7.0,36.0,228,157.0,25.0
522,10.0,3.0,29.0,4.0,21.0,12.0,13.0,17.0,85.0,16.0,29.0,2.0,9.0,22.0,4.0,24.0,14.0,34.0,117,91.0,5.0
523,3469.0,1113.0,3947.0,620.0,2969.0,1440.0,667.0,1414.0,1513.0,1347.0,5606.0,11.0,1545.0,7744.0,1370.0,1307.0,64.0,834.0,2832,4809.0,49.0
524,100.0,4.0,39.0,6.0,65.0,157.0,15.0,28.0,111.0,45.0,127.0,9.0,17.0,148.0,11.0,104.0,11.0,28.0,424,443.0,2.0
525,95.0,542.0,255.0,34.0,70.0,1318.0,30.0,205.0,885.0,602.0,189.0,4.0,91.0,489.0,62.0,690.0,27.0,251.0,1707,1905.0,16.0
531,12.0,3.0,9.0,4.0,9.0,0.0,1.0,3.0,5.0,1.0,17.0,10.0,4.0,13.0,6.0,4.0,0.0,3.0,18,21.0,4.0
532,3.0,2.0,4.0,8.0,5.0,1.0,4.0,3.0,11.0,1.0,7.0,1.0,3.0,13.0,6.0,0.0,5.0,4.0,24,23.0,1.0
535,1215.0,74.0,472.0,185.0,1006.0,1907.0,18.0,98.0,384.0,130.0,2263.0,47.0,284.0,1120.0,104.0,574.0,21.0,128.0,1840,331.0,30.0
538,482.0,26.0,250.0,80.0,48.0,205.0,44.0,68.0,201.0,77.0,135.0,19.0,96.0,398.0,56.0,107.0,39.0,138.0,407,79.0,18.0
539,393.0,178.0,1327.0,91.0,260.0,1181.0,3051.0,730.0,1785.0,689.0,534.0,50.0,326.0,1262.0,104.0,670.0,18.0,569.0,3851,2190.0,20.0
540,402.0,137.0,207.0,82.0,353.0,369.0,58.0,229.0,207.0,109.0,829.0,13.0,81.0,3699.0,139.0,170.0,169.0,129.0,622,560.0,38.0
541,2.0,2.0,46.0,13.0,21.0,71.0,2.0,22.0,28.0,17.0,352.0,2.0,80.0,168.0,9.0,28.0,7.0,11.0,22,95.0,3.0
543,28.0,0.0,14.0,2.0,5.0,12.0,3.0,8.0,16.0,12.0,6.0,0.0,2.0,1.0,0.0,2.0,0.0,0.0,13,16.0,5.0
545,57.0,442.0,217.0,64.0,181.0,138.0,29.0,145.0,366.0,278.0,291.0,240.0,57.0,538.0,32.0,265.0,31.0,184.0,505,1254.0,15.0
546,58.0,0.0,22.0,8.0,109.0,56.0,19.0,287.0,200.0,142.0,7.0,3.0,10.0,42.0,3.0,113.0,7.0,67.0,417,550.0,3.0
557,196.0,1.0,394.0,49.0,542.0,37.0,6.0,83.0,137.0,63.0,177.0,0.0,361.0,2297.0,61.0,65.0,2.0,80.0,265,908.0,7.0
559,4.0,3.0,25.0,2.0,12.0,6.0,17.0,20.0,69.0,27.0,10.0,0.0,8.0,11.0,6.0,9.0,2.0,12.0,133,40.0,1.0
564,12.0,17.0,17.0,6.0,6.0,15.0,19.0,52.0,41.0,9.0,10.0,16.0,3.0,11.0,5.0,5.0,16.0,10.0,61,48.0,4.0
567,238.0,4.0,1001.0,41.0,188.0,99.0,16.0,58.0,110.0,59.0,191.0,2.0,85.0,693.0,17.0,111.0,6.0,43.0,290,227.0,3.0
57,5.0,0.0,3.0,1.0,7.0,9.0,35.0,13.0,13.0,2.0,14.0,4.0,25.0,7.0,2.0,5.0,20.0,8.0,25,141.0,2.0
571,9.0,6.0,28.0,3.0,34.0,16.0,12.0,7.0,5.0,7.0,25.0,2.0,12.0,17.0,3.0,6.0,2.0,12.0,15,21.0,3.0
574,3.0,0.0,1.0,2.0,2.0,3.0,6.0,7.0,16.0,6.0,4.0,1.0,1.0,5.0,0.0,7.0,1.0,3.0,20,10.0,3.0
576,1.0,20.0,8.0,3.0,5.0,38.0,16.0,13.0,68.0,9.0,2.0,5.0,4.0,10.0,5.0,83.0,12.0,21.0,70,13.0,2.0
578,570.0,689.0,428.0,335.0,1132.0,200.0,8607.0,150.0,377.0,90.0,1098.0,3174.0,323.0,2377.0,283.0,159.0,162.0,111.0,444,940.0,15.0
58,2.0,1.0,1.0,3.0,3.0,2.0,1.0,4.0,14.0,0.0,1.0,0.0,1.0,5.0,1.0,1.0,0.0,0.0,31,9.0,8.0
581,95.0,6.0,114.0,9.0,111.0,91.0,4.0,91.0,50.0,37.0,281.0,6.0,15.0,126.0,2.0,57.0,4.0,16.0,116,47.0,4.0
586,5.0,9.0,16.0,10.0,5.0,35.0,12.0,32.0,76.0,68.0,16.0,42.0,16.0,23.0,8.0,49.0,7.0,30.0,69,44.0,16.0
588,5.0,0.0,18.0,0.0,4.0,13.0,0.0,19.0,23.0,2.0,27.0,5.0,4.0,39.0,1.0,24.0,0.0,8.0,71,40.0,3.0
589,256.0,463.0,391.0,13.0,183.0,964.0,2505.0,1447.0,1204.0,1241.0,215.0,987.0,227.0,242.0,19.0,1030.0,963.0,836.0,1919,3342.0,28.0
590,28.0,489.0,18.0,2.0,2.0,56.0,10.0,34.0,66.0,43.0,55.0,388.0,21.0,3.0,1.0,35.0,7.0,27.0,89,125.0,2.0
596,18.0,0.0,9.0,14.0,1.0,22.0,44.0,61.0,51.0,42.0,1.0,1.0,1.0,10.0,0.0,53.0,24.0,59.0,172,236.0,12.0
598,25.0,8.0,42.0,78.0,16.0,91.0,12.0,89.0,53.0,6.0,141.0,0.0,26.0,107.0,34.0,84.0,8.0,56.0,125,94.0,8.0
599,780.0,1.0,2092.0,170.0,427.0,434.0,58.0,368.0,803.0,303.0,872.0,3.0,97.0,2445.0,125.0,365.0,23.0,146.0,1117,1031.0,10.0
599_ref1,8.0,0.0,6.0,4.0,0.0,700.0,89.0,116.0,90.0,5.0,23.0,0.0,1.0,40.0,1.0,1300.0,33.0,21.0,291,20.0,237.0
599_ref2,5.0,0.0,4.0,5.0,1.0,591.0,193.0,99.0,69.0,1.0,27.0,0.0,1.0,10.0,1.0,926.0,60.0,26.0,336,44.0,149.0
6,4.0,5.0,13.0,1.0,8.0,10.0,2.0,13.0,34.0,10.0,10.0,3.0,6.0,19.0,0.0,16.0,6.0,6.0,58,42.0,3.0
60,845.0,0.0,347.0,122.0,1844.0,295.0,18.0,584.0,1555.0,216.0,1945.0,0.0,73.0,7652.0,24.0,493.0,50.0,330.0,2315,1832.0,12.0
61,2.0,0.0,2.0,0.0,2.0,2.0,1.0,2.0,14.0,0.0,3.0,0.0,0.0,3.0,1.0,1.0,0.0,1.0,22,12.0,0.0
611,420.0,3155.0,639.0,9.0,165.0,213.0,2528.0,234.0,363.0,56.0,135.0,0.0,269.0,203.0,7.0,149.0,629.0,220.0,1183,730.0,4.0
616,465.0,31.0,672.0,38.0,999.0,271.0,10.0,377.0,262.0,59.0,282.0,6.0,355.0,3643.0,134.0,179.0,15.0,107.0,243,732.0,15.0
619,4.0,1.0,15.0,2.0,0.0,3.0,6.0,12.0,13.0,6.0,8.0,2.0,6.0,8.0,0.0,11.0,0.0,7.0,25,25.0,1.0
622,3.0,2.0,22.0,3.0,2.0,319.0,5.0,91.0,197.0,96.0,56.0,2.0,11.0,15.0,3.0,279.0,3.0,91.0,485,249.0,11.0
627,201.0,9.0,212.0,67.0,357.0,184.0,4.0,101.0,139.0,87.0,513.0,0.0,99.0,783.0,10.0,150.0,0.0,72.0,431,791.0,10.0
631,2920.0,775.0,1554.0,183.0,1356.0,6467.0,72.0,951.0,2065.0,2145.0,3860.0,9643.0,853.0,3556.0,124.0,2887.0,1819.0,1186.0,5491,6024.0,19.0
632,131.0,53.0,302.0,56.0,311.0,178.0,48.0,279.0,455.0,115.0,401.0,4.0,130.0,404.0,42.0,123.0,51.0,90.0,1081,441.0,13.0
636,4.0,0.0,339.0,26.0,23.0,142.0,1.0,228.0,72.0,17.0,107.0,0.0,62.0,612.0,4.0,174.0,0.0,90.0,109,36.0,11.0
638,254.0,1.0,144.0,17.0,217.0,17.0,5.0,62.0,38.0,5.0,77.0,1.0,15.0,359.0,16.0,21.0,4.0,1.0,28,201.0,2.0
639,106.0,33.0,67.0,28.0,412.0,18.0,14.0,36.0,44.0,7.0,80.0,2.0,19.0,72.0,41.0,24.0,14.0,8.0,75,50.0,4.0
64,14.0,4.0,61.0,25.0,19.0,23.0,28.0,35.0,99.0,365.0,375.0,4.0,46.0,500.0,4.0,12.0,17.0,73.0,82,43.0,5.0
640,6.0,2.0,12.0,3.0,24.0,1.0,2.0,14.0,10.0,7.0,51.0,0.0,5.0,8.0,3.0,12.0,2.0,7.0,16,31.0,2.0
642,456.0,130.0,175.0,87.0,615.0,651.0,1805.0,219.0,483.0,132.0,485.0,19.0,177.0,438.0,122.0,698.0,802.0,289.0,569,735.0,5.0
648,273.0,20.0,53.0,0.0,150.0,14.0,6.0,20.0,28.0,13.0,104.0,12.0,17.0,55.0,4.0,29.0,3.0,9.0,67,41.0,6.0
649,1484.0,8.0,772.0,239.0,677.0,203.0,11.0,149.0,192.0,118.0,1724.0,23.0,513.0,5363.0,136.0,115.0,7.0,80.0,499,397.0,19.0
65,1.0,6.0,7.0,1.0,1.0,26.0,0.0,2.0,17.0,1.0,9.0,1.0,6.0,4.0,5.0,7.0,1.0,4.0,30,61.0,1.0
651,13.0,0.0,62.0,5.0,6.0,14.0,4.0,20.0,22.0,10.0,34.0,9.0,31.0,23.0,4.0,31.0,1.0,8.0,64,25.0,8.0
652,1208.0,563.0,578.0,186.0,1460.0,407.0,19.0,189.0,260.0,184.0,1368.0,7.0,285.0,3332.0,124.0,236.0,26.0,150.0,996,1030.0,31.0
653,7.0,34.0,22.0,2.0,46.0,168.0,23.0,54.0,333.0,108.0,84.0,16.0,13.0,83.0,23.0,56.0,16.0,59.0,338,302.0,6.0
657,198.0,21.0,535.0,35.0,477.0,104.0,32.0,140.0,408.0,462.0,367.0,36.0,139.0,897.0,76.0,119.0,620.0,267.0,624,974.0,24.0
658,13.0,1.0,17.0,7.0,14.0,7.0,1.0,2.0,9.0,7.0,25.0,1.0,8.0,5.0,5.0,6.0,2.0,10.0,8,6.0,1.0
66,0.0,1.0,2.0,1.0,1.0,3.0,2.0,4.0,25.0,1.0,2.0,9.0,1.0,2.0,1.0,3.0,0.0,6.0,14,6.0,8.0
660,33.0,1.0,293.0,11.0,21.0,90.0,898.0,14.0,41.0,13.0,65.0,714.0,22.0,44.0,11.0,63.0,3.0,33.0,60,34.0,10.0
666,35.0,172.0,20.0,14.0,29.0,226.0,11.0,76.0,45.0,15.0,257.0,63.0,8.0,21.0,34.0,39.0,5.0,22.0,836,32.0,10.0
667,879.0,216.0,825.0,84.0,1097.0,186.0,13.0,116.0,260.0,26.0,1280.0,26.0,245.0,6184.0,157.0,125.0,5.0,65.0,592,1144.0,9.0
668,31.0,16.0,40.0,3.0,19.0,26.0,43.0,24.0,34.0,42.0,45.0,33.0,12.0,52.0,11.0,17.0,226.0,67.0,130,49.0,3.0
673,8395.0,941.0,7863.0,3642.0,5134.0,4800.0,1902.0,4757.0,2634.0,3759.0,19979.0,30053.0,5581.0,40885.0,1751.0,4900.0,57.0,3925.0,12804,9121.0,361.0
674,222.0,59.0,259.0,169.0,825.0,412.0,69.0,295.0,375.0,152.0,358.0,25.0,679.0,3936.0,58.0,178.0,141.0,255.0,1065,374.0,14.0
676,236.0,19.0,560.0,84.0,615.0,383.0,28.0,132.0,497.0,105.0,310.0,104.0,152.0,1057.0,54.0,250.0,33.0,144.0,931,348.0,23.0
677,4.0,1.0,4.0,1.0,0.0,17.0,10.0,36.0,49.0,6.0,3.0,3.0,2.0,3.0,0.0,8.0,29.0,18.0,144,72.0,2.0
683,8.0,3.0,15.0,2.0,5.0,11.0,10.0,16.0,49.0,4.0,4.0,0.0,6.0,18.0,0.0,19.0,3.0,10.0,89,26.0,7.0
685,15.0,169.0,20.0,2.0,11.0,47.0,1379.0,44.0,57.0,11.0,50.0,68.0,11.0,23.0,5.0,64.0,14.0,23.0,85,74.0,17.0
689,381.0,211.0,96.0,42.0,306.0,10.0,3.0,31.0,69.0,16.0,607.0,27.0,32.0,964.0,42.0,67.0,0.0,13.0,79,133.0,3.0
690,36.0,7.0,23.0,4.0,10.0,61.0,4.0,5.0,28.0,8.0,18.0,21.0,56.0,54.0,3.0,16.0,3.0,8.0,54,39.0,9.0
692,114.0,1.0,46.0,3.0,50.0,73.0,19.0,111.0,72.0,60.0,167.0,2.0,14.0,203.0,4.0,40.0,18.0,31.0,624,265.0,13.0
693,137.0,25.0,1173.0,65.0,81.0,107.0,7.0,196.0,178.0,146.0,288.0,4.0,307.0,582.0,27.0,171.0,8.0,129.0,399,405.0,10.0
695,37.0,12.0,210.0,27.0,85.0,79.0,25.0,156.0,191.0,148.0,101.0,2.0,106.0,194.0,32.0,184.0,21.0,223.0,289,1081.0,11.0
697,39.0,2.0,69.0,3.0,10.0,41.0,6007.0,153.0,245.0,18.0,40.0,1.0,7.0,22.0,2.0,37.0,42.0,38.0,652,400.0,1.0
7,32.0,3.0,38.0,56.0,168.0,44.0,1.0,34.0,74.0,18.0,93.0,0.0,21.0,197.0,12.0,33.0,13.0,31.0,247,45.0,7.0
701,1267.0,1432.0,4204.0,78.0,1139.0,318.0,12.0,586.0,156.0,245.0,1125.0,521.0,1597.0,4788.0,73.0,339.0,30.0,199.0,351,1131.0,8.0
702,152.0,2.0,1253.0,34.0,475.0,111.0,19.0,253.0,240.0,150.0,587.0,4860.0,38.0,1722.0,17.0,113.0,18.0,136.0,530,691.0,27.0
703,66.0,1.0,63.0,4.0,72.0,115.0,151.0,57.0,147.0,24.0,208.0,0.0,28.0,178.0,28.0,43.0,10.0,12.0,169,83.0,3.0
705,29.0,0.0,27.0,0.0,2.0,564.0,12.0,72.0,227.0,67.0,4.0,0.0,15.0,17.0,1.0,235.0,16.0,44.0,436,100.0,14.0
709,7.0,8.0,78.0,11.0,13.0,14.0,16.0,20.0,38.0,9.0,19.0,4.0,45.0,44.0,20.0,14.0,6.0,8.0,90,36.0,8.0
711,2.0,0.0,4.0,0.0,0.0,4.0,1.0,2.0,12.0,1.0,2.0,0.0,0.0,10.0,2.0,3.0,1.0,1.0,16,20.0,0.0
713,94.0,2.0,64.0,48.0,55.0,8.0,7.0,21.0,24.0,7.0,110.0,0.0,32.0,224.0,36.0,15.0,0.0,12.0,49,106.0,12.0
715,23.0,272.0,1.0,1.0,0.0,263.0,4.0,24.0,176.0,102.0,17.0,0.0,3.0,2.0,3.0,93.0,3.0,35.0,458,421.0,2.0
717,821.0,8.0,321.0,271.0,955.0,226.0,13.0,132.0,326.0,78.0,1054.0,2.0,191.0,3470.0,130.0,238.0,616.0,216.0,973,1385.0,24.0
721,11.0,12.0,97.0,12.0,20.0,15.0,11.0,40.0,52.0,58.0,11.0,2.0,15.0,65.0,1.0,18.0,6174.0,1545.0,69,59.0,8.0
724,10.0,8.0,22.0,8.0,6.0,13.0,3.0,21.0,62.0,15.0,17.0,1.0,16.0,40.0,6.0,20.0,7.0,15.0,97,40.0,0.0
727,1915.0,15.0,3189.0,467.0,2987.0,1286.0,10.0,1524.0,461.0,784.0,5077.0,10313.0,1417.0,3291.0,639.0,1001.0,14.0,1192.0,1626,1942.0,20.0
729,872.0,308.0,1272.0,197.0,385.0,827.0,19.0,268.0,494.0,385.0,1503.0,93.0,351.0,1880.0,183.0,514.0,43.0,216.0,1126,1391.0,25.0
731,8483.0,54.0,43107.0,2527.0,9615.0,2908.0,11784.0,9791.0,5319.0,2236.0,18243.0,1130.0,10929.0,44463.0,977.0,5447.0,4483.0,6977.0,14838,14083.0,148.0
732,35.0,2.0,307.0,8.0,122.0,231.0,23.0,126.0,347.0,158.0,93.0,4.0,109.0,341.0,12.0,138.0,9.0,84.0,371,664.0,11.0
734,31.0,2.0,52.0,13.0,228.0,82.0,40.0,29.0,44.0,20.0,412.0,2.0,107.0,103.0,57.0,13.0,6.0,19.0,155,110.0,3.0
735,1.0,1.0,13.0,0.0,4.0,13.0,13.0,19.0,44.0,19.0,3.0,0.0,4.0,14.0,2.0,34.0,7.0,20.0,111,174.0,6.0
738,203.0,19.0,29.0,8.0,93.0,954.0,15.0,137.0,717.0,356.0,122.0,15.0,24.0,121.0,6.0,425.0,28.0,121.0,1327,1500.0,12.0
739,165.0,393.0,164.0,41.0,68.0,1811.0,3589.0,788.0,2418.0,805.0,227.0,330.0,79.0,145.0,59.0,978.0,199.0,410.0,5484,3809.0,117.0
740,59.0,3.0,117.0,18.0,73.0,32.0,32.0,54.0,175.0,20.0,77.0,0.0,39.0,429.0,7.0,34.0,16.0,37.0,267,270.0,3.0
741,475.0,17.0,232.0,44.0,886.0,17.0,10.0,19.0,150.0,19.0,276.0,9.0,43.0,290.0,73.0,29.0,7.0,57.0,172,133.0,3.0
742,173.0,35.0,551.0,64.0,96.0,117.0,140.0,165.0,386.0,94.0,110.0,2.0,231.0,348.0,50.0,88.0,147.0,143.0,896,687.0,18.0
748,35.0,1635.0,27.0,8.0,18.0,64.0,37.0,22.0,81.0,18.0,26.0,8.0,21.0,501.0,4.0,63.0,13.0,46.0,298,100.0,13.0
749,7.0,152.0,50.0,4.0,14.0,454.0,38.0,242.0,422.0,242.0,83.0,108.0,38.0,8.0,0.0,329.0,8.0,196.0,749,1413.0,6.0
754,128.0,0.0,97.0,6.0,105.0,32.0,6.0,96.0,305.0,130.0,292.0,0.0,90.0,251.0,5.0,169.0,5.0,73.0,435,300.0,6.0
755,0.0,0.0,4.0,0.0,1.0,8.0,1.0,10.0,9.0,2.0,2.0,0.0,3.0,3.0,3.0,5.0,0.0,3.0,30,14.0,4.0
756,724.0,317.0,1102.0,1131.0,1057.0,475.0,227.0,398.0,699.0,203.0,1321.0,182.0,564.0,4563.0,947.0,315.0,601.0,515.0,2054,878.0,120.0
760,1258.0,32.0,899.0,262.0,1117.0,505.0,90.0,273.0,280.0,238.0,1421.0,15.0,1044.0,2269.0,210.0,571.0,295.0,308.0,1493,1622.0,19.0
77,696.0,15.0,59.0,49.0,59.0,31.0,3.0,73.0,7.0,49.0,37.0,8.0,118.0,878.0,23.0,98.0,5.0,16.0,133,483.0,8.0
772,6.0,48.0,17.0,8.0,85.0,12.0,11.0,31.0,22.0,7.0,39.0,63.0,56.0,223.0,20.0,47.0,10.0,14.0,43,94.0,3.0
775,195.0,0.0,139.0,8.0,5.0,123.0,10.0,73.0,209.0,74.0,46.0,11.0,325.0,644.0,14.0,78.0,9.0,27.0,249,423.0,14.0
778,51.0,5.0,143.0,38.0,131.0,126.0,32.0,157.0,268.0,39.0,330.0,4.0,49.0,240.0,24.0,168.0,5.0,21.0,314,109.0,19.0
78,0.0,1.0,6.0,0.0,2.0,10.0,0.0,3.0,17.0,9.0,1.0,0.0,2.0,9.0,0.0,3.0,3.0,4.0,15,20.0,2.0
782,32.0,2.0,151.0,1.0,105.0,22.0,33.0,71.0,55.0,27.0,14.0,2.0,5.0,58.0,1.0,83.0,22.0,32.0,123,515.0,8.0
783,812.0,495.0,364.0,102.0,1681.0,429.0,5.0,388.0,415.0,74.0,2061.0,74.0,97.0,10310.0,115.0,470.0,6.0,145.0,1864,448.0,8.0
784,0.0,18.0,9.0,0.0,0.0,386.0,6.0,48.0,205.0,87.0,10.0,5.0,12.0,10.0,2.0,433.0,0.0,42.0,660,1044.0,5.0
789,198.0,1.0,125.0,12.0,23.0,1107.0,1.0,189.0,780.0,563.0,461.0,1.0,135.0,605.0,1.0,705.0,1.0,104.0,4184,1540.0,18.0
790,31.0,86.0,66.0,19.0,83.0,133.0,6267.0,86.0,384.0,80.0,58.0,2.0,33.0,534.0,27.0,58.0,11.0,25.0,624,190.0,12.0
791,28.0,120.0,34.0,45.0,32.0,24.0,32.0,24.0,63.0,25.0,57.0,27.0,25.0,120.0,43.0,26.0,3.0,13.0,110,87.0,6.0
795,4891.0,315.0,9603.0,1211.0,5015.0,3376.0,2772.0,4272.0,4130.0,2077.0,9219.0,6.0,4016.0,26864.0,715.0,4936.0,1162.0,2532.0,10596,7206.0,94.0
796,5.0,9.0,124.0,1.0,17.0,26.0,93.0,46.0,97.0,57.0,26.0,2.0,20.0,7.0,2.0,29.0,93.0,36.0,109,105.0,26.0
797,2.0,21.0,14.0,2.0,3.0,4.0,10.0,7.0,21.0,3.0,8.0,2.0,3.0,7.0,0.0,9.0,15.0,6.0,33,28.0,1.0
798,210.0,1.0,151.0,15.0,6.0,254.0,74.0,320.0,166.0,108.0,49.0,5.0,33.0,145.0,3.0,340.0,183.0,202.0,492,2899.0,59.0
800,3.0,2.0,6.0,2.0,4.0,6.0,26.0,10.0,36.0,1.0,1.0,0.0,1.0,5.0,0.0,4.0,5.0,9.0,42,34.0,0.0
801,4.0,40.0,9.0,0.0,9.0,4.0,31.0,5.0,20.0,2.0,3.0,23.0,6.0,12.0,0.0,9.0,9.0,4.0,30,21.0,6.0
803,1.0,0.0,2.0,0.0,5.0,9.0,6.0,11.0,18.0,7.0,2.0,0.0,6.0,4.0,0.0,16.0,6.0,8.0,32,38.0,2.0
804,9.0,77.0,28.0,6.0,5.0,84.0,11.0,14.0,180.0,133.0,25.0,9.0,17.0,1121.0,33.0,51.0,1.0,6.0,245,181.0,7.0
805,39.0,45.0,34.0,9.0,843.0,37.0,8.0,46.0,50.0,5.0,243.0,0.0,17.0,953.0,12.0,56.0,6.0,7.0,45,139.0,5.0
807,19.0,0.0,47.0,3.0,12.0,25.0,5.0,33.0,31.0,20.0,93.0,0.0,23.0,352.0,5.0,12.0,5.0,10.0,121,32.0,0.0
808,29.0,54.0,93.0,7.0,101.0,53.0,11.0,72.0,176.0,48.0,38.0,1.0,8.0,143.0,14.0,56.0,8.0,30.0,195,111.0,5.0
809,113.0,7072.0,280.0,52.0,480.0,97.0,19.0,91.0,140.0,80.0,199.0,1.0,124.0,765.0,62.0,94.0,2927.0,831.0,280,498.0,11.0
81,144.0,7.0,65.0,1.0,279.0,32.0,1.0,54.0,16.0,17.0,146.0,0.0,86.0,50.0,2.0,45.0,1.0,5.0,26,8.0,3.0
811,29.0,67.0,28.0,31.0,48.0,21.0,11.0,29.0,60.0,23.0,34.0,21.0,20.0,107.0,27.0,31.0,8.0,39.0,71,120.0,6.0
812,58.0,5.0,16.0,1.0,98.0,77.0,9.0,79.0,103.0,17.0,207.0,23.0,13.0,195.0,7.0,49.0,5.0,115.0,338,350.0,4.0
813,176.0,155.0,575.0,77.0,594.0,87.0,58.0,265.0,294.0,198.0,478.0,21.0,319.0,1602.0,45.0,116.0,292.0,205.0,341,749.0,8.0
819,291.0,2.0,285.0,19.0,120.0,259.0,6.0,93.0,445.0,137.0,676.0,8.0,169.0,473.0,2.0,495.0,10.0,64.0,1276,450.0,13.0
821,302.0,138.0,188.0,10.0,385.0,39.0,16.0,33.0,69.0,44.0,176.0,6.0,76.0,86.0,3.0,104.0,14.0,76.0,133,486.0,5.0
823,107.0,39.0,209.0,21.0,97.0,59.0,90.0,84.0,290.0,61.0,168.0,6.0,78.0,370.0,23.0,46.0,44.0,30.0,318,337.0,7.0
830,2.0,0.0,2.0,0.0,3.0,5.0,3.0,3.0,24.0,1.0,1.0,0.0,1.0,3.0,1.0,12.0,2.0,3.0,69,50.0,2.0
833,53.0,66.0,57.0,25.0,52.0,34.0,17.0,55.0,216.0,27.0,109.0,11.0,28.0,211.0,40.0,39.0,22.0,30.0,367,264.0,8.0
835,203.0,20.0,42.0,10.0,69.0,46.0,0.0,24.0,46.0,20.0,148.0,8.0,13.0,896.0,15.0,15.0,0.0,7.0,45,54.0,5.0
837,430.0,13.0,1245.0,69.0,814.0,522.0,17.0,418.0,899.0,287.0,636.0,44.0,250.0,852.0,72.0,460.0,143.0,445.0,1324,1569.0,9.0
838,93458.0,116487.0,35893.0,9587.0,76353.0,21118.0,1947.0,27434.0,32715.0,13065.0,116590.0,341.0,25748.0,315624.0,9676.0,23888.0,911.0,9554.0,62715,60867.0,579.0
839,108.0,9.0,93.0,14.0,12.0,769.0,7.0,213.0,544.0,195.0,184.0,2.0,72.0,115.0,14.0,682.0,7.0,113.0,1271,645.0,12.0
841,37.0,1076.0,57.0,28.0,17.0,77.0,2.0,30.0,265.0,51.0,87.0,9949.0,25.0,694.0,8.0,40.0,14.0,29.0,688,140.0,31.0
842,363.0,180.0,790.0,155.0,312.0,202.0,150.0,132.0,436.0,307.0,427.0,205.0,158.0,654.0,111.0,237.0,31.0,66.0,411,546.0,23.0
843,320.0,7887.0,1159.0,50.0,87.0,3866.0,854.0,1560.0,3711.0,1975.0,322.0,44286.0,286.0,832.0,7.0,1905.0,7555.0,3126.0,10491,12667.0,164.0
848,96.0,10.0,62.0,1.0,182.0,37.0,9.0,13.0,49.0,21.0,183.0,6.0,3.0,712.0,15.0,12.0,688.0,167.0,84,53.0,0.0
850,1277.0,440.0,3003.0,150.0,529.0,1610.0,497.0,2812.0,3730.0,666.0,1087.0,8423.0,634.0,1475.0,94.0,1960.0,431.0,564.0,4578,4615.0,33.0
853,1125.0,25.0,2022.0,728.0,2063.0,4115.0,18055.0,1176.0,1320.0,1685.0,2527.0,19.0,817.0,7243.0,340.0,888.0,73.0,1166.0,4287,2441.0,83.0
854,3.0,6.0,4.0,1.0,0.0,5.0,23.0,4.0,14.0,4.0,3.0,3.0,1.0,3.0,0.0,10.0,14.0,14.0,42,18.0,4.0
857,76.0,15.0,2400.0,26.0,9.0,1195.0,78.0,1925.0,2493.0,903.0,472.0,24.0,1206.0,119.0,24.0,951.0,102.0,716.0,10711,10140.0,321.0
859,831.0,1351.0,191.0,68.0,620.0,1420.0,5.0,255.0,814.0,314.0,1724.0,14.0,146.0,1597.0,37.0,340.0,16.0,79.0,1762,780.0,19.0
860,55.0,43.0,250.0,47.0,76.0,129.0,21.0,239.0,336.0,64.0,102.0,21.0,81.0,234.0,53.0,154.0,14.0,98.0,382,971.0,19.0
862,87.0,125.0,210.0,48.0,61.0,66.0,56.0,69.0,241.0,38.0,132.0,26.0,78.0,403.0,42.0,86.0,23.0,38.0,422,345.0,15.0
868,1.0,0.0,23.0,1.0,3.0,7.0,3.0,11.0,27.0,9.0,14.0,0.0,22.0,419.0,1.0,6.0,2.0,0.0,122,31.0,5.0
869,327.0,0.0,458.0,9.0,261.0,928.0,4.0,245.0,638.0,322.0,366.0,1.0,130.0,363.0,9.0,298.0,2276.0,652.0,2060,1577.0,2.0
87,332.0,5269.0,1366.0,232.0,1503.0,3315.0,6.0,2626.0,1610.0,3625.0,230.0,3.0,786.0,1701.0,21.0,2545.0,1.0,854.0,7312,2311.0,14.0
870,2.0,13.0,3.0,1.0,1.0,1.0,2.0,2.0,2.0,0.0,9.0,0.0,1.0,2.0,5.0,2.0,3.0,1.0,4,2.0,0.0
871,1.0,6.0,2.0,0.0,1.0,1.0,4.0,2.0,9.0,1.0,4.0,3.0,6.0,1.0,1.0,5.0,1.0,0.0,8,8.0,1.0
879,39.0,4.0,10.0,1.0,34.0,72.0,1.0,33.0,49.0,87.0,75.0,0.0,19.0,25.0,0.0,66.0,5.0,4.0,196,357.0,2.0
880,10.0,4.0,3.0,4.0,3.0,3.0,3.0,1.0,12.0,4.0,0.0,3.0,3.0,2.0,1.0,4.0,0.0,3.0,8,4.0,0.0
882,0.0,0.0,1.0,1.0,0.0,3.0,2.0,5.0,14.0,4.0,5.0,2.0,0.0,4.0,0.0,8.0,0.0,4.0,9,22.0,0.0
887,2.0,0.0,3.0,0.0,0.0,151.0,10.0,62.0,610.0,116.0,0.0,0.0,0.0,1.0,0.0,125.0,5.0,64.0,572,356.0,3.0
888,225.0,2.0,125.0,40.0,446.0,4341.0,6.0,362.0,1357.0,699.0,1024.0,4.0,166.0,1175.0,15.0,1804.0,77.0,242.0,3364,1792.0,7.0
89,662.0,2212.0,183.0,61.0,343.0,317.0,38.0,46.0,38.0,86.0,891.0,27180.0,37.0,445.0,134.0,131.0,118.0,68.0,106,188.0,6.0
892,71.0,1.0,17.0,11.0,191.0,8.0,4.0,3.0,49.0,6.0,1.0,1.0,111.0,3.0,2.0,8.0,30.0,13.0,60,74.0,1.0
897,0.0,0.0,1.0,1.0,0.0,1.0,0.0,2.0,4.0,1.0,1.0,1.0,0.0,1.0,0.0,1.0,1.0,1.0,1,4.0,0.0
904,172.0,211.0,24.0,1.0,63.0,151.0,2.0,66.0,183.0,94.0,33.0,736.0,29.0,178.0,1.0,42.0,3.0,24.0,196,133.0,1.0
91,23.0,27.0,126.0,38.0,27.0,16.0,30.0,61.0,178.0,65.0,117.0,21.0,24.0,89.0,119.0,51.0,9.0,51.0,285,56.0,5.0
911,594.0,11.0,280.0,36.0,571.0,372.0,7.0,264.0,341.0,188.0,225.0,8.0,145.0,1269.0,27.0,262.0,4.0,90.0,658,422.0,14.0
916,238.0,11.0,519.0,60.0,111.0,31.0,11.0,48.0,51.0,32.0,397.0,1.0,235.0,438.0,64.0,46.0,9.0,41.0,105,456.0,3.0
923,13.0,2.0,4.0,1.0,3.0,83.0,11.0,11.0,60.0,19.0,47.0,1.0,8.0,43.0,6.0,41.0,5.0,9.0,780,45.0,5.0
924,4.0,11.0,9.0,0.0,9.0,18.0,2.0,29.0,10.0,12.0,7.0,5.0,13.0,3.0,3.0,44.0,3.0,7.0,19,12.0,3.0
930,4.0,6.0,3.0,3.0,1.0,9.0,5.0,6.0,4.0,3.0,4.0,1.0,2.0,3.0,2.0,3.0,3.0,2.0,29,10.0,3.0
931,9.0,0.0,74.0,14.0,25.0,58.0,20.0,39.0,26.0,8.0,43.0,4.0,26.0,16.0,15.0,16.0,19.0,22.0,49,36.0,10.0
933,51.0,7.0,20.0,11.0,156.0,42.0,5.0,4.0,17.0,6.0,31.0,201.0,17.0,9.0,6.0,27.0,1.0,1.0,32,10.0,2.0
936,277.0,10.0,194.0,41.0,90.0,57.0,19.0,65.0,143.0,56.0,370.0,6.0,87.0,356.0,22.0,127.0,1.0,41.0,206,328.0,8.0
937,4.0,3.0,5.0,13.0,5.0,3.0,9.0,7.0,26.0,5.0,32.0,0.0,4.0,1.0,2.0,5.0,2.0,11.0,20,106.0,4.0
939,99.0,3.0,133.0,40.0,405.0,35.0,4.0,32.0,59.0,16.0,293.0,1.0,75.0,935.0,45.0,24.0,7.0,28.0,69,26.0,13.0
94,41.0,128.0,79.0,20.0,239.0,21.0,1.0,100.0,50.0,33.0,673.0,105.0,72.0,239.0,73.0,46.0,2.0,34.0,212,12.0,2.0
941,3.0,0.0,12.0,0.0,3.0,5.0,4.0,0.0,14.0,1.0,8.0,0.0,6.0,2.0,2.0,0.0,1.0,2.0,17,19.0,0.0
942,1.0,0.0,18.0,1.0,2.0,8.0,0.0,28.0,4.0,0.0,14.0,0.0,3.0,3.0,8.0,6.0,2.0,3.0,17,13.0,0.0
943,3.0,21.0,3.0,4.0,8.0,1.0,13.0,6.0,0.0,3.0,17.0,7.0,3.0,10.0,15.0,3.0,5.0,9.0,14,3.0,2.0
945,4.0,2.0,6.0,1.0,2.0,5.0,0.0,2.0,2.0,4.0,2.0,0.0,2.0,0.0,0.0,4.0,0.0,0.0,8,8.0,0.0
946,3.0,4.0,0.0,0.0,1.0,14.0,3.0,7.0,2.0,4.0,5.0,0.0,0.0,2.0,3.0,20.0,0.0,2.0,7,1.0,1.0
953,36.0,1302.0,88.0,11.0,69.0,403.0,2.0,28.0,108.0,96.0,106.0,0.0,25.0,443.0,20.0,148.0,3.0,57.0,749,682.0,4.0
957,111.0,5.0,211.0,48.0,251.0,86.0,7.0,31.0,27.0,11.0,137.0,1.0,50.0,171.0,40.0,33.0,2.0,22.0,79,182.0,5.0
959,7.0,1.0,924.0,43.0,767.0,418.0,415.0,331.0,921.0,351.0,252.0,0.0,21.0,25.0,4.0,435.0,29.0,338.0,1832,550.0,61.0
960,912.0,0.0,1398.0,302.0,2768.0,447.0,4.0,488.0,889.0,231.0,2513.0,0.0,92.0,4026.0,278.0,284.0,2.0,103.0,883,738.0,7.0
962,12.0,1.0,27.0,3.0,1.0,500.0,15.0,82.0,77.0,66.0,38.0,0.0,34.0,22.0,2.0,173.0,2.0,27.0,925,299.0,2.0
966,145.0,0.0,59.0,7.0,17.0,17.0,1.0,52.0,66.0,100.0,138.0,1.0,30.0,115.0,7.0,20.0,1.0,13.0,175,247.0,2.0
967,344.0,28.0,318.0,18.0,224.0,38.0,10.0,133.0,44.0,96.0,234.0,2.0,50.0,518.0,51.0,78.0,5.0,39.0,134,209.0,9.0
972,83.0,1348.0,134.0,64.0,62.0,33.0,12.0,16.0,93.0,21.0,200.0,268.0,64.0,1168.0,80.0,138.0,8.0,14.0,181,696.0,4.0
973,2.0,7.0,18.0,0.0,1.0,74.0,4.0,87.0,219.0,33.0,2.0,3.0,4.0,9.0,1.0,22.0,4.0,44.0,735,383.0,2.0
976,0.0,20.0,16.0,1.0,29.0,19.0,60.0,9.0,29.0,26.0,95.0,0.0,2.0,3.0,5.0,11.0,3.0,2.0,39,5.0,0.0
980,2.0,44.0,10.0,6.0,4.0,4.0,7.0,6.0,7.0,5.0,4.0,34.0,2.0,4.0,6.0,7.0,7.0,4.0,18,11.0,1.0
983,28.0,406.0,127.0,55.0,58.0,6.0,8.0,5.0,17.0,6.0,80.0,249.0,41.0,59.0,91.0,4.0,6.0,7.0,19,14.0,5.0
984,75.0,10.0,129.0,12.0,161.0,46.0,11.0,84.0,42.0,46.0,22.0,15.0,11.0,75.0,13.0,81.0,4.0,60.0,85,158.0,9.0
985,0.0,2.0,6.0,2.0,3.0,3.0,2.0,5.0,21.0,10.0,3.0,4.0,1.0,2.0,0.0,5.0,0.0,7.0,19,15.0,0.0
987,307.0,1557.0,175.0,43.0,310.0,130.0,5.0,95.0,129.0,104.0,488.0,1.0,258.0,1017.0,47.0,150.0,6.0,78.0,281,580.0,2.0
99,115.0,5563.0,395.0,124.0,619.0,38.0,14.0,83.0,85.0,42.0,350.0,2.0,91.0,2052.0,33.0,59.0,8.0,116.0,249,448.0,11.0
991,2.0,172.0,238.0,2.0,12.0,24.0,1361.0,81.0,79.0,75.0,48.0,69.0,25.0,2.0,4.0,78.0,26.0,98.0,226,286.0,9.0
992,88.0,0.0,133.0,2.0,12.0,385.0,14.0,86.0,306.0,57.0,105.0,60.0,7.0,403.0,6.0,78.0,10.0,61.0,421,205.0,6.0
996,11.0,14.0,7.0,6.0,23.0,4.0,21.0,5.0,1.0,4.0,25.0,3.0,0.0,9.0,15.0,3.0,9.0,5.0,15,7.0,4.0
998,62.0,3.0,150.0,3.0,3.0,723.0,7.0,51.0,223.0,52.0,41.0,1.0,5.0,12.0,3.0,385.0,4.0,40.0,763,221.0,2.0
999,8.0,20.0,11.0,6.0,5.0,1.0,1.0,2.0,6.0,1.0,14.0,4.0,4.0,10.0,6.0,0.0,1.0,2.0,8,2.0,3.0
1052,1.0,32.0,0.0,1.0,1.0,1.0,1.0,0.0,2.0,1.0,3.0,6.0,2.0,0.0,1.0,1.0,0.0,1.0,5,5.0,0.0
17_2,0.0,0.0,3.0,0.0,1.0,1.0,2.0,2.0,7.0,0.0,1.0,0.0,0.0,5.0,1.0,1.0,0.0,1.0,9,3.0,0.0
217,1.0,0.0,0.0,0.0,2.0,2.0,0.0,0.0,3.0,1.0,0.0,0.0,0.0,0.0,0.0,0.0,1.0,0.0,6,6.0,0.0
22,0.0,0.0,0.0,0.0,0.0,3.0,4.0,2.0,22.0,0.0,0.0,0.0,0.0,0.0,0.0,0.0,3.0,2.0,33,4.0,0.0
292,1.0,0.0,4.0,0.0,3.0,2.0,4.0,1.0,11.0,1.0,0.0,1.0,1.0,3.0,1.0,0.0,2.0,4.0,5,14.0,1.0
387,0.0,8.0,6.0,0.0,5.0,2.0,1.0,2.0,4.0,3.0,6.0,0.0,0.0,7.0,2.0,0.0,0.0,1.0,16,8.0,1.0
411,0.0,9.0,1.0,0.0,0.0,1.0,6.0,0.0,0.0,1.0,3.0,0.0,0.0,2.0,1.0,0.0,0.0,1.0,2,0.0,1.0
44,0.0,0.0,0.0,0.0,2.0,0.0,0.0,1.0,5.0,0.0,0.0,0.0,0.0,1.0,0.0,0.0,1.0,0.0,4,1.0,0.0
501,3.0,0.0,1.0,1.0,2.0,6.0,0.0,0.0,6.0,0.0,1.0,0.0,2.0,2.0,0.0,3.0,4.0,0.0,4,4.0,0.0
506,2.0,1.0,1.0,1.0,1.0,4.0,3.0,0.0,4.0,0.0,1.0,3.0,3.0,7.0,0.0,1.0,0.0,0.0,10,8.0,0.0
59,0.0,0.0,3.0,0.0,2.0,2.0,3.0,2.0,18.0,0.0,1.0,0.0,2.0,8.0,0.0,1.0,1.0,2.0,12,10.0,0.0
607,1.0,0.0,0.0,0.0,3.0,4.0,2.0,6.0,6.0,5.0,3.0,0.0,1.0,2.0,2.0,12.0,2.0,11.0,12,16.0,2.0
643,3.0,1.0,4.0,1.0,2.0,1.0,2.0,0.0,11.0,0.0,3.0,1.0,0.0,6.0,2.0,3.0,0.0,0.0,13,7.0,1.0
753,3.0,5.0,15.0,10.0,10.0,8.0,7.0,8.0,31.0,8.0,18.0,2.0,5.0,12.0,9.0,20.0,6.0,20.0,133,32.0,4.0
79,1.0,0.0,9.0,0.0,2.0,2.0,0.0,0.0,4.0,2.0,8.0,0.0,1.0,6.0,2.0,5.0,1.0,5.0,8,8.0,1.0
917,0.0,0.0,2.0,1.0,1.0,0.0,6.0,3.0,9.0,1.0,0.0,5.0,0.0,1.0,0.0,2.0,0.0,0.0,1,7.0,0.0
956,2.0,6.0,30.0,12.0,6.0,2.0,11.0,10.0,75.0,97.0,5.0,12.0,5.0,7.0,6.0,28.0,4.0,28.0,89,63.0,1.0
454,0.0,4.0,3.0,0.0,0.0,1.0,2.0,2.0,5.0,1.0,0.0,0.0,0.0,1.0,0.0,3.0,2.0,1.0,10,4.0,2.0
932,5.0,4.0,10.0,4.0,10.0,2.0,1.0,5.0,2.0,3.0,11.0,10.0,2.0,7.0,5.0,5.0,2.0,0.0,9,11.0,0.0
