strain_id,A_MTX_5-FC.FMP45_MID2,A_MTX_Fluconazole.FMP45_MID2,A_MTX_Metformin.FMP45_MID2,A_MTX_Trifluoperazine.FMP45_MID2,A_MTX_noDrug.FMP45_MID2,A_noMTX_5-FC.FMP45_MID2,A_noMTX_Fluconazole.FMP45_MID2,A_noMTX_Metformin.FMP45_MID2,A_noMTX_Trifluoperazine.FMP45_MID2,A_noMTX_noDrug.FMP45_MID2,B_MTX_5-FC.FMP45_MID2,B_MTX_Fluconazole.FMP45_MID2,B_MTX_Metformin.FMP45_MID2,B_MTX_Trifluoperazine.FMP45_MID2,B_MTX_noDrug.FMP45_MID2,B_noMTX_5-FC.FMP45_MID2,B_noMTX_Fluconazole.FMP45_MID2,B_noMTX_Metformin.FMP45_MID2,B_noMTX_Trifluoperazine.FMP45_MID2,B_noMTX_noDrug.FMP45_MID2,T0_noMTX_noDrug.FMP45_MID2
1005,1.0,0.0,0.0,0.0,0.0,72.0,45.0,84.0,109.0,74.0,0.0,1.0,0.0,0.0,2.0,84.0,8.0,48.0,157,185.0,34.0
1007,2.0,4.0,2.0,0.0,0.0,74.0,361.0,53.0,57.0,165.0,4.0,2.0,0.0,1.0,0.0,87.0,162.0,154.0,215,179.0,38.0
1013,234.0,5.0,14.0,32.0,23.0,25.0,4.0,10.0,24.0,16.0,51.0,1.0,0.0,4.0,3.0,1.0,5.0,2.0,25,49.0,7.0
1016,6.0,2.0,1.0,0.0,1.0,125.0,80.0,44.0,100.0,180.0,2.0,0.0,1.0,0.0,4.0,219.0,11.0,55.0,292,244.0,103.0
1018,1651.0,419.0,1123.0,314.0,560.0,425.0,92.0,422.0,220.0,766.0,851.0,3501.0,1249.0,130.0,75.0,173.0,159.0,565.0,345,1026.0,127.0
1020,4717.0,7.0,2014.0,1100.0,847.0,909.0,308.0,560.0,793.0,1153.0,1807.0,31.0,1978.0,435.0,129.0,326.0,183.0,1972.0,972,2069.0,391.0
1025,31.0,22.0,11.0,15.0,16.0,624.0,156.0,358.0,381.0,584.0,13.0,18.0,10.0,8.0,3.0,459.0,112.0,972.0,460,1478.0,298.0
1027,4.0,8.0,3.0,2.0,1.0,89.0,182.0,52.0,65.0,66.0,0.0,0.0,2.0,0.0,0.0,32.0,116.0,180.0,83,231.0,31.0
1035,33.0,18.0,1.0,22.0,39.0,5.0,2.0,3.0,21.0,20.0,11.0,13.0,3.0,8.0,3.0,5.0,4.0,7.0,15,37.0,5.0
1038,2661.0,9.0,282.0,618.0,1442.0,205.0,38.0,177.0,202.0,632.0,544.0,0.0,436.0,249.0,125.0,262.0,135.0,517.0,1294,826.0,350.0
1040,30.0,7.0,9.0,13.0,14.0,476.0,79.0,257.0,391.0,690.0,9.0,7.0,8.0,13.0,2.0,318.0,181.0,672.0,800,1270.0,164.0
1046,4.0,3.0,3.0,0.0,1.0,128.0,50.0,54.0,85.0,137.0,0.0,2.0,3.0,0.0,1.0,66.0,344.0,207.0,218,215.0,90.0
1050,491.0,11.0,57.0,24.0,13.0,114.0,4.0,24.0,138.0,210.0,98.0,264.0,88.0,16.0,9.0,136.0,4.0,47.0,446,226.0,56.0
1065,52.0,24.0,41.0,1.0,2.0,18.0,1.0,21.0,43.0,88.0,2.0,18.0,16.0,0.0,0.0,22.0,6.0,47.0,63,64.0,90.0
1069,12604.0,2623.0,364.0,2633.0,10404.0,185.0,207.0,106.0,99.0,156.0,3251.0,14405.0,552.0,1735.0,895.0,149.0,89.0,233.0,237,331.0,131.0
107,2.0,6.0,2.0,1.0,1.0,31.0,3.0,22.0,44.0,85.0,5.0,2.0,1.0,1.0,0.0,19.0,1.0,37.0,18,80.0,25.0
113,38.0,8.0,1.0,10.0,66.0,32.0,11.0,17.0,29.0,10.0,127.0,9.0,29.0,4.0,0.0,26.0,8.0,123.0,107,23.0,17.0
119,7.0,7.0,0.0,3.0,6.0,2.0,1.0,1.0,2.0,5.0,3.0,2.0,0.0,2.0,0.0,1.0,2.0,3.0,8,7.0,1.0
124,105.0,2.0,14.0,1.0,15.0,9.0,14.0,2.0,4.0,10.0,12.0,1.0,1.0,5.0,1.0,39.0,4.0,6.0,30,25.0,3.0
128,8.0,0.0,1.0,1.0,1.0,55.0,8.0,53.0,40.0,115.0,2.0,1.0,1.0,0.0,1.0,79.0,5.0,193.0,128,175.0,84.0
132,0.0,2.0,6.0,1.0,1.0,37.0,10.0,35.0,23.0,85.0,0.0,17.0,4.0,3.0,1.0,27.0,8.0,226.0,72,116.0,19.0
133,4.0,0.0,0.0,0.0,0.0,11.0,10.0,4.0,7.0,9.0,5.0,1.0,1.0,0.0,0.0,20.0,6.0,10.0,8,33.0,3.0
136,0.0,2.0,1.0,0.0,0.0,48.0,17.0,137.0,128.0,391.0,1.0,2.0,0.0,0.0,0.0,58.0,71.0,234.0,636,356.0,133.0
14,1248.0,39.0,250.0,366.0,290.0,130.0,7.0,122.0,124.0,224.0,189.0,18.0,282.0,176.0,79.0,56.0,15.0,238.0,497,476.0,173.0
146,1059.0,62.0,812.0,233.0,252.0,684.0,288.0,547.0,722.0,1186.0,443.0,29.0,1057.0,143.0,63.0,776.0,103.0,1324.0,2214,1980.0,623.0
15,149.0,1162.0,64.0,1.0,16.0,29.0,3.0,7.0,15.0,33.0,66.0,0.0,50.0,11.0,10.0,25.0,7.0,29.0,34,108.0,17.0
151,2.0,1.0,0.0,2.0,1.0,35.0,2.0,19.0,15.0,37.0,0.0,0.0,1.0,3.0,1.0,28.0,5.0,40.0,36,82.0,50.0
153,1.0,1.0,1.0,0.0,1.0,115.0,58.0,64.0,52.0,126.0,1.0,0.0,2.0,0.0,0.0,120.0,26.0,69.0,112,325.0,67.0
17,5.0,2.0,0.0,1.0,1.0,0.0,5.0,0.0,3.0,2.0,1.0,3.0,1.0,0.0,0.0,1.0,4.0,3.0,2,5.0,1.0
171,23.0,2.0,4.0,15.0,16.0,39.0,12.0,7.0,14.0,42.0,15.0,10.0,6.0,13.0,5.0,67.0,5.0,16.0,53,73.0,36.0
175,0.0,1.0,0.0,1.0,0.0,53.0,2.0,26.0,5.0,76.0,0.0,0.0,0.0,0.0,1.0,18.0,36.0,63.0,40,151.0,31.0
180,1.0,1.0,6.0,1.0,2.0,712.0,776.0,112.0,204.0,241.0,5.0,3.0,5.0,3.0,0.0,603.0,930.0,323.0,319,572.0,275.0
180_2,5.0,20.0,10.0,3.0,0.0,1697.0,328.0,279.0,672.0,1627.0,33.0,10.0,17.0,0.0,1.0,2068.0,700.0,523.0,2622,1335.0,631.0
185,38.0,2.0,16.0,13.0,21.0,12.0,2.0,7.0,20.0,25.0,24.0,1.0,16.0,9.0,3.0,6.0,1.0,19.0,31,66.0,8.0
187,12.0,0.0,2.0,0.0,1.0,163.0,28.0,75.0,84.0,85.0,1.0,4.0,12.0,0.0,0.0,111.0,35.0,210.0,132,383.0,84.0
188,2.0,30.0,5.0,1.0,1.0,223.0,30.0,169.0,168.0,390.0,4.0,30.0,5.0,4.0,1.0,198.0,53.0,429.0,285,516.0,90.0
192,2.0,24.0,0.0,3.0,14.0,1.0,28.0,4.0,13.0,18.0,3.0,23.0,3.0,4.0,2.0,5.0,6.0,11.0,22,29.0,5.0
20,0.0,1.0,1.0,0.0,0.0,82.0,32.0,27.0,28.0,17.0,4.0,1.0,1.0,0.0,1.0,20.0,0.0,23.0,50,57.0,20.0
209,3.0,2.0,2.0,0.0,1.0,30.0,2.0,9.0,32.0,28.0,0.0,2.0,3.0,0.0,0.0,39.0,7.0,19.0,64,45.0,25.0
210,4.0,0.0,1.0,2.0,1.0,3.0,0.0,1.0,8.0,17.0,2.0,1.0,3.0,1.0,1.0,3.0,1.0,9.0,27,12.0,4.0
226,482.0,147.0,75.0,93.0,142.0,106.0,7.0,51.0,105.0,82.0,134.0,59.0,93.0,47.0,15.0,36.0,3.0,83.0,163,149.0,149.0
235,1.0,2.0,1.0,0.0,0.0,114.0,26.0,27.0,84.0,161.0,0.0,0.0,0.0,1.0,0.0,181.0,56.0,52.0,357,200.0,85.0
240,0.0,0.0,0.0,0.0,0.0,2.0,0.0,0.0,0.0,2.0,0.0,0.0,0.0,0.0,0.0,1.0,2.0,0.0,3,3.0,0.0
248,64.0,21.0,12.0,2.0,7.0,27.0,18.0,7.0,36.0,50.0,56.0,0.0,10.0,3.0,3.0,57.0,2.0,21.0,109,90.0,29.0
250,14.0,1.0,1.0,0.0,1.0,2.0,0.0,0.0,0.0,6.0,1.0,0.0,0.0,0.0,0.0,9.0,1.0,2.0,3,3.0,1.0
252,8.0,0.0,1.0,1.0,1.0,3.0,1.0,0.0,2.0,2.0,1.0,0.0,3.0,3.0,0.0,9.0,2.0,0.0,4,0.0,1.0
253,24.0,1.0,0.0,5.0,0.0,0.0,25.0,1.0,0.0,2.0,1.0,0.0,1.0,5.0,3.0,12.0,2.0,6.0,7,6.0,6.0
254,1.0,5.0,7.0,0.0,1.0,105.0,764.0,82.0,127.0,392.0,0.0,2.0,5.0,0.0,0.0,219.0,317.0,259.0,653,445.0,169.0
257,5.0,3.0,2.0,0.0,2.0,21.0,48.0,2.0,20.0,2.0,0.0,1.0,1.0,1.0,0.0,41.0,57.0,22.0,26,22.0,20.0
258,25.0,2.0,28.0,3.0,4.0,56.0,5.0,53.0,19.0,71.0,11.0,2.0,14.0,8.0,2.0,94.0,26.0,62.0,102,78.0,30.0
27,5.0,0.0,2.0,2.0,4.0,1.0,1.0,4.0,3.0,2.0,1.0,0.0,2.0,0.0,2.0,4.0,0.0,1.0,4,10.0,2.0
270,0.0,1.0,0.0,0.0,0.0,2.0,155.0,3.0,4.0,5.0,0.0,0.0,0.0,0.0,0.0,4.0,83.0,25.0,2,5.0,5.0
271,8.0,0.0,5.0,1.0,0.0,428.0,900.0,178.0,213.0,778.0,1.0,0.0,5.0,0.0,0.0,520.0,1300.0,664.0,745,581.0,180.0
272,8.0,0.0,2.0,0.0,1.0,10.0,1.0,1.0,8.0,5.0,1.0,1.0,0.0,1.0,0.0,17.0,11.0,9.0,18,11.0,8.0
277,3.0,0.0,1.0,0.0,0.0,1.0,3.0,0.0,1.0,1.0,0.0,0.0,0.0,0.0,0.0,4.0,0.0,1.0,2,0.0,1.0
286,53.0,3.0,3.0,0.0,6.0,5.0,0.0,2.0,3.0,3.0,1.0,0.0,2.0,4.0,0.0,3.0,1.0,8.0,7,7.0,2.0
289,11.0,1.0,0.0,1.0,0.0,175.0,129.0,93.0,147.0,285.0,4.0,0.0,0.0,0.0,1.0,117.0,155.0,295.0,327,328.0,118.0
29,10.0,3.0,1.0,1.0,4.0,345.0,19.0,97.0,310.0,690.0,8.0,2.0,2.0,3.0,0.0,765.0,23.0,164.0,1830,593.0,213.0
291,1.0,0.0,0.0,0.0,1.0,0.0,1.0,1.0,4.0,8.0,0.0,0.0,0.0,0.0,0.0,2.0,0.0,1.0,17,8.0,1.0
294,7.0,5.0,0.0,1.0,6.0,82.0,47.0,47.0,83.0,113.0,5.0,6.0,2.0,2.0,1.0,68.0,5.0,207.0,297,148.0,31.0
296,1.0,5.0,11.0,0.0,0.0,253.0,30.0,367.0,213.0,1111.0,1.0,8.0,8.0,0.0,0.0,331.0,110.0,710.0,470,914.0,160.0
299,4.0,0.0,1.0,0.0,0.0,14.0,5.0,13.0,13.0,26.0,2.0,1.0,0.0,2.0,1.0,62.0,6.0,7.0,118,48.0,3.0
307,28.0,9.0,2.0,1.0,1.0,87.0,12.0,16.0,85.0,85.0,0.0,0.0,3.0,0.0,0.0,97.0,40.0,33.0,337,75.0,45.0
308,53.0,1.0,1.0,1.0,0.0,1.0,4.0,3.0,3.0,4.0,2.0,0.0,1.0,0.0,1.0,12.0,2.0,2.0,10,2.0,2.0
31,129.0,21.0,106.0,19.0,8.0,96.0,22.0,82.0,45.0,73.0,27.0,1.0,145.0,36.0,7.0,97.0,136.0,179.0,160,202.0,60.0
311,2.0,0.0,1.0,0.0,0.0,4.0,1.0,2.0,13.0,14.0,3.0,0.0,2.0,1.0,0.0,18.0,3.0,12.0,11,11.0,2.0
312,50.0,5.0,7.0,7.0,17.0,59.0,36.0,6.0,18.0,61.0,13.0,51.0,2.0,15.0,21.0,87.0,3.0,22.0,79,56.0,25.0
32,0.0,0.0,1.0,0.0,0.0,0.0,2.0,0.0,0.0,2.0,1.0,0.0,0.0,0.0,0.0,0.0,0.0,2.0,3,4.0,0.0
320,242.0,4.0,86.0,37.0,25.0,44.0,21.0,57.0,30.0,102.0,134.0,0.0,111.0,11.0,12.0,110.0,17.0,94.0,86,85.0,13.0
323,6.0,6.0,0.0,0.0,1.0,3.0,43.0,0.0,2.0,5.0,31.0,1.0,1.0,6.0,2.0,3.0,34.0,6.0,24,8.0,3.0
325,3.0,1.0,1.0,2.0,0.0,276.0,8.0,114.0,26.0,145.0,0.0,0.0,1.0,1.0,1.0,55.0,12.0,290.0,105,251.0,73.0
33,0.0,0.0,0.0,0.0,0.0,67.0,6.0,43.0,46.0,110.0,0.0,0.0,1.0,0.0,0.0,56.0,38.0,138.0,195,177.0,80.0
335,337.0,62.0,35.0,31.0,27.0,91.0,31.0,66.0,97.0,115.0,147.0,206.0,51.0,6.0,1.0,197.0,34.0,81.0,175,213.0,87.0
336,447.0,0.0,80.0,26.0,44.0,117.0,98.0,84.0,82.0,180.0,158.0,2.0,128.0,15.0,12.0,120.0,98.0,177.0,270,244.0,141.0
337,0.0,6.0,5.0,0.0,0.0,648.0,694.0,381.0,194.0,692.0,1.0,7.0,7.0,2.0,0.0,519.0,627.0,716.0,599,1082.0,178.0
339,199.0,1.0,321.0,16.0,12.0,87.0,135.0,119.0,88.0,287.0,35.0,18.0,298.0,7.0,2.0,64.0,41.0,294.0,215,362.0,35.0
347,19.0,0.0,3.0,0.0,2.0,1.0,1.0,2.0,5.0,6.0,0.0,0.0,1.0,0.0,0.0,9.0,0.0,7.0,2,6.0,4.0
348,49.0,1.0,0.0,8.0,2.0,18.0,52.0,6.0,25.0,45.0,0.0,1.0,3.0,1.0,0.0,44.0,3.0,21.0,107,55.0,53.0
350,147.0,9.0,8.0,17.0,22.0,23.0,24.0,21.0,5.0,32.0,27.0,13.0,34.0,29.0,8.0,10.0,25.0,24.0,34,12.0,20.0
354,4.0,1.0,1.0,0.0,2.0,51.0,3.0,6.0,73.0,67.0,1.0,0.0,0.0,1.0,0.0,16.0,86.0,35.0,161,117.0,73.0
358,28.0,1.0,1.0,5.0,2.0,47.0,5.0,1.0,24.0,28.0,23.0,0.0,1.0,5.0,1.0,30.0,9.0,4.0,77,43.0,15.0
359,357.0,3.0,175.0,46.0,73.0,27.0,12.0,6.0,7.0,7.0,35.0,1.0,29.0,53.0,10.0,1.0,8.0,6.0,6,31.0,11.0
36,3.0,1.0,0.0,0.0,1.0,1.0,2.0,1.0,1.0,6.0,1.0,0.0,0.0,0.0,0.0,0.0,1.0,1.0,6,3.0,0.0
364,234.0,45.0,1.0,16.0,21.0,19.0,336.0,5.0,4.0,9.0,60.0,27.0,6.0,11.0,0.0,51.0,693.0,141.0,34,20.0,10.0
375,140.0,0.0,197.0,15.0,22.0,361.0,18.0,136.0,116.0,365.0,124.0,0.0,279.0,19.0,5.0,153.0,20.0,307.0,339,415.0,142.0
383,13.0,4.0,1.0,0.0,1.0,20.0,10.0,47.0,33.0,38.0,3.0,2.0,1.0,1.0,0.0,65.0,68.0,63.0,28,52.0,28.0
385,27.0,19.0,0.0,4.0,3.0,2.0,2.0,0.0,0.0,3.0,7.0,22.0,1.0,2.0,0.0,4.0,1.0,2.0,4,1.0,1.0
392,19.0,22.0,1.0,3.0,8.0,238.0,422.0,238.0,269.0,621.0,9.0,11.0,2.0,7.0,0.0,181.0,35.0,713.0,981,1019.0,166.0
397,2.0,2.0,1.0,2.0,2.0,5.0,6.0,1.0,6.0,18.0,0.0,0.0,1.0,1.0,1.0,6.0,7.0,6.0,31,12.0,7.0
399,8.0,200.0,34.0,4.0,3.0,878.0,2304.0,579.0,615.0,1230.0,6.0,71.0,14.0,6.0,3.0,554.0,1343.0,1943.0,1848,1985.0,352.0
40,139.0,0.0,37.0,53.0,1.0,24.0,4.0,20.0,11.0,8.0,44.0,9.0,46.0,12.0,2.0,16.0,0.0,6.0,3,32.0,7.0
400,7188.0,0.0,240.0,1490.0,8259.0,135.0,3.0,42.0,64.0,180.0,1455.0,0.0,375.0,1575.0,941.0,48.0,0.0,78.0,196,197.0,57.0
406,0.0,0.0,6.0,0.0,0.0,146.0,12.0,309.0,207.0,881.0,2.0,1.0,6.0,1.0,0.0,75.0,104.0,497.0,417,587.0,100.0
408,0.0,0.0,0.0,0.0,0.0,22.0,77.0,6.0,13.0,29.0,0.0,1.0,0.0,0.0,0.0,48.0,23.0,25.0,51,47.0,21.0
409,4746.0,48.0,60.0,118.0,136.0,538.0,1155.0,45.0,275.0,351.0,1359.0,67.0,71.0,58.0,10.0,1399.0,2288.0,542.0,1900,285.0,288.0
40_2,3.0,0.0,0.0,1.0,0.0,1.0,1.0,0.0,1.0,3.0,2.0,2.0,0.0,1.0,0.0,0.0,0.0,0.0,1,2.0,1.0
412,201.0,3.0,19.0,7.0,15.0,57.0,65.0,2.0,23.0,72.0,73.0,0.0,20.0,5.0,0.0,145.0,14.0,36.0,116,83.0,40.0
418,16.0,1.0,1.0,0.0,0.0,1.0,1.0,0.0,2.0,3.0,1.0,0.0,0.0,0.0,0.0,8.0,2.0,1.0,11,5.0,2.0
419,8.0,0.0,7.0,0.0,2.0,28.0,1.0,19.0,38.0,48.0,3.0,1.0,6.0,3.0,0.0,23.0,2.0,10.0,25,30.0,7.0
420,2.0,0.0,0.0,0.0,0.0,34.0,5.0,5.0,7.0,22.0,2.0,0.0,0.0,0.0,2.0,30.0,1.0,5.0,32,17.0,3.0
421,740.0,124.0,12.0,12.0,22.0,16.0,14.0,3.0,3.0,6.0,15.0,7.0,7.0,34.0,6.0,19.0,10.0,11.0,10,13.0,8.0
426,30.0,7.0,5.0,8.0,31.0,6.0,2.0,2.0,12.0,19.0,7.0,2.0,6.0,12.0,1.0,4.0,4.0,16.0,25,40.0,5.0
43,0.0,0.0,0.0,0.0,0.0,9.0,2.0,16.0,13.0,8.0,0.0,0.0,0.0,0.0,0.0,3.0,18.0,30.0,3,11.0,19.0
431,2.0,0.0,2.0,1.0,2.0,161.0,3.0,46.0,43.0,82.0,1.0,0.0,0.0,0.0,0.0,188.0,4.0,56.0,134,222.0,78.0
433,7.0,2.0,11.0,4.0,5.0,21.0,9.0,4.0,23.0,50.0,7.0,1.0,5.0,1.0,2.0,12.0,8.0,20.0,37,77.0,24.0
434,31.0,3.0,12.0,3.0,5.0,26.0,31.0,14.0,12.0,17.0,30.0,0.0,9.0,8.0,5.0,39.0,35.0,25.0,25,52.0,23.0
437,188.0,2.0,11.0,8.0,13.0,13.0,8.0,4.0,14.0,15.0,21.0,3.0,6.0,6.0,6.0,31.0,4.0,15.0,38,29.0,4.0
438,6.0,4.0,0.0,0.0,0.0,32.0,58.0,11.0,13.0,15.0,0.0,4.0,0.0,0.0,0.0,95.0,8.0,11.0,25,33.0,86.0
439,4.0,37.0,2.0,0.0,4.0,12.0,18.0,10.0,14.0,9.0,1.0,5.0,0.0,2.0,1.0,13.0,13.0,8.0,36,9.0,14.0
43_ref1,6.0,0.0,0.0,3.0,3.0,6.0,316.0,1.0,0.0,14.0,3.0,0.0,0.0,3.0,2.0,10.0,325.0,80.0,6,18.0,389.0
43_ref2,9.0,2.0,4.0,2.0,2.0,40.0,37.0,16.0,53.0,261.0,5.0,2.0,5.0,0.0,2.0,42.0,89.0,57.0,135,197.0,539.0
442,77.0,1.0,13.0,2.0,9.0,12.0,8.0,5.0,14.0,17.0,20.0,1.0,5.0,22.0,10.0,17.0,7.0,15.0,31,43.0,5.0
444,1.0,1.0,0.0,1.0,2.0,4.0,3.0,0.0,2.0,4.0,2.0,0.0,0.0,0.0,0.0,3.0,1.0,2.0,5,2.0,1.0
446,3.0,7.0,2.0,1.0,2.0,6.0,10.0,5.0,1.0,2.0,0.0,9.0,0.0,3.0,1.0,2.0,16.0,12.0,16,7.0,2.0
45,0.0,0.0,0.0,1.0,1.0,9.0,6.0,3.0,16.0,21.0,3.0,0.0,0.0,2.0,1.0,4.0,5.0,13.0,34,23.0,4.0
450,8.0,10.0,2.0,0.0,6.0,5.0,14.0,8.0,10.0,20.0,0.0,0.0,2.0,1.0,1.0,15.0,3.0,10.0,11,20.0,3.0
452,9.0,3.0,1.0,2.0,7.0,1.0,4.0,1.0,17.0,23.0,0.0,1.0,2.0,1.0,1.0,4.0,5.0,9.0,37,21.0,4.0
458,3.0,2.0,0.0,0.0,1.0,83.0,4.0,45.0,50.0,212.0,1.0,1.0,0.0,1.0,0.0,26.0,64.0,110.0,107,143.0,55.0
459,410.0,103.0,55.0,79.0,47.0,110.0,84.0,25.0,123.0,250.0,175.0,270.0,127.0,34.0,4.0,284.0,59.0,60.0,754,270.0,147.0
460,86.0,937.0,50.0,19.0,96.0,107.0,52.0,59.0,52.0,156.0,114.0,362.0,70.0,29.0,28.0,177.0,76.0,127.0,136,123.0,46.0
466,36.0,0.0,5.0,1.0,1.0,7.0,2.0,1.0,23.0,21.0,10.0,2.0,1.0,2.0,0.0,23.0,5.0,5.0,55,21.0,4.0
468,2238.0,40.0,328.0,618.0,627.0,308.0,37.0,219.0,221.0,577.0,461.0,1.0,278.0,351.0,118.0,185.0,69.0,553.0,450,531.0,166.0
470,2977.0,4784.0,142.0,225.0,161.0,591.0,1976.0,88.0,195.0,451.0,1104.0,63.0,208.0,148.0,24.0,1060.0,180.0,177.0,718,559.0,229.0
473,8.0,1.0,2.0,2.0,7.0,44.0,37.0,31.0,21.0,54.0,6.0,0.0,3.0,1.0,0.0,39.0,25.0,52.0,60,75.0,28.0
475,13.0,26.0,95.0,7.0,4.0,502.0,1880.0,881.0,292.0,875.0,11.0,10.0,66.0,8.0,4.0,500.0,226.0,1720.0,804,1276.0,445.0
476,6.0,17.0,30.0,3.0,2.0,817.0,3519.0,464.0,607.0,565.0,5.0,0.0,10.0,3.0,2.0,643.0,544.0,720.0,1636,1342.0,1073.0
48,12.0,7.0,2.0,1.0,7.0,64.0,397.0,53.0,50.0,202.0,4.0,3.0,6.0,3.0,2.0,63.0,239.0,155.0,380,161.0,110.0
485,148.0,9.0,35.0,2.0,1.0,162.0,3.0,80.0,62.0,152.0,16.0,7.0,64.0,2.0,1.0,89.0,3.0,170.0,25,131.0,55.0
486,30.0,8.0,4.0,2.0,4.0,12.0,24.0,4.0,9.0,5.0,6.0,1.0,16.0,6.0,0.0,12.0,4.0,63.0,7,12.0,6.0
491,138.0,7.0,138.0,36.0,35.0,45.0,2.0,25.0,37.0,60.0,86.0,2.0,123.0,21.0,5.0,28.0,0.0,61.0,134,69.0,49.0
493,26.0,25.0,35.0,21.0,28.0,39.0,96.0,46.0,26.0,96.0,45.0,12.0,46.0,14.0,0.0,56.0,95.0,82.0,129,86.0,67.0
495,4.0,2.0,9.0,3.0,7.0,869.0,1736.0,238.0,579.0,942.0,4.0,0.0,6.0,3.0,2.0,787.0,670.0,1179.0,1464,1150.0,272.0
50,20.0,9.0,2.0,4.0,7.0,3.0,6.0,3.0,9.0,16.0,15.0,6.0,9.0,8.0,10.0,3.0,1.0,9.0,19,20.0,4.0
503,9.0,2.0,3.0,3.0,4.0,415.0,165.0,107.0,310.0,473.0,7.0,0.0,7.0,1.0,0.0,593.0,217.0,315.0,1240,641.0,227.0
507,9.0,3.0,0.0,0.0,1.0,19.0,11.0,2.0,14.0,14.0,5.0,3.0,2.0,0.0,0.0,12.0,2.0,31.0,58,16.0,59.0
508,8.0,174.0,7.0,1.0,3.0,94.0,23.0,38.0,43.0,88.0,9.0,3.0,4.0,4.0,0.0,154.0,151.0,87.0,256,193.0,108.0
52,5.0,1.0,5.0,1.0,2.0,89.0,770.0,95.0,21.0,167.0,2.0,1.0,2.0,1.0,0.0,51.0,57.0,244.0,69,260.0,65.0
520,14.0,2.0,3.0,2.0,3.0,8.0,2.0,1.0,22.0,33.0,12.0,0.0,3.0,1.0,0.0,5.0,2.0,12.0,87,37.0,5.0
521,12.0,3.0,10.0,3.0,1.0,32.0,24.0,24.0,49.0,36.0,7.0,1.0,4.0,0.0,1.0,28.0,6.0,38.0,61,67.0,29.0
522,22.0,4.0,11.0,11.0,18.0,60.0,9.0,65.0,54.0,244.0,4.0,7.0,8.0,9.0,1.0,59.0,351.0,250.0,268,378.0,65.0
523,10516.0,813.0,5002.0,1357.0,2648.0,1762.0,1938.0,1866.0,1149.0,4643.0,3840.0,418.0,4491.0,852.0,329.0,1810.0,1762.0,4084.0,5077,4908.0,602.0
524,81.0,18.0,17.0,8.0,9.0,34.0,17.0,8.0,26.0,21.0,100.0,15.0,5.0,6.0,1.0,33.0,124.0,54.0,29,57.0,19.0
525,20093.0,77.0,1194.0,5386.0,13765.0,390.0,177.0,165.0,130.0,542.0,6271.0,3.0,2013.0,3391.0,1533.0,415.0,256.0,652.0,576,800.0,206.0
531,9.0,25.0,0.0,6.0,9.0,39.0,3.0,57.0,16.0,56.0,9.0,5.0,1.0,2.0,1.0,26.0,3.0,53.0,33,115.0,31.0
532,14.0,12.0,1.0,8.0,5.0,5.0,6.0,1.0,4.0,10.0,13.0,4.0,1.0,4.0,2.0,5.0,3.0,4.0,7,14.0,3.0
535,3283.0,1990.0,90.0,347.0,217.0,551.0,677.0,83.0,197.0,571.0,1410.0,1766.0,134.0,92.0,26.0,1252.0,1138.0,378.0,1199,646.0,263.0
538,1952.0,9.0,360.0,122.0,122.0,201.0,132.0,159.0,168.0,440.0,469.0,44.0,504.0,54.0,44.0,138.0,55.0,535.0,766,494.0,90.0
539,862.0,50.0,523.0,78.0,111.0,528.0,498.0,199.0,220.0,682.0,446.0,26.0,615.0,25.0,19.0,547.0,262.0,437.0,667,912.0,171.0
540,19377.0,1242.0,1198.0,6642.0,17821.0,516.0,252.0,349.0,350.0,252.0,7756.0,413.0,569.0,3215.0,2247.0,211.0,1153.0,825.0,311,1147.0,342.0
541,9.0,0.0,5.0,2.0,3.0,521.0,1331.0,122.0,282.0,353.0,1.0,3.0,1.0,5.0,1.0,668.0,356.0,411.0,686,587.0,136.0
543,7.0,0.0,3.0,0.0,0.0,1.0,0.0,2.0,2.0,3.0,0.0,0.0,2.0,0.0,0.0,2.0,2.0,4.0,5,4.0,5.0
545,635.0,1945.0,87.0,63.0,135.0,397.0,358.0,133.0,183.0,338.0,216.0,7306.0,149.0,56.0,20.0,258.0,911.0,468.0,644,781.0,212.0
546,2.0,7.0,3.0,1.0,2.0,131.0,32.0,103.0,133.0,100.0,1.0,10.0,6.0,0.0,2.0,71.0,7.0,126.0,230,276.0,47.0
557,24.0,2.0,4.0,4.0,12.0,18.0,3.0,4.0,48.0,64.0,20.0,0.0,1.0,3.0,2.0,12.0,9.0,17.0,196,79.0,10.0
559,5.0,11.0,12.0,6.0,5.0,8.0,5.0,4.0,16.0,12.0,1.0,3.0,3.0,4.0,0.0,9.0,14.0,11.0,14,24.0,2.0
564,206.0,198.0,52.0,90.0,129.0,27.0,22.0,12.0,30.0,45.0,95.0,512.0,85.0,91.0,20.0,26.0,8.0,45.0,68,108.0,31.0
567,560.0,173.0,774.0,47.0,47.0,551.0,55.0,611.0,282.0,1428.0,265.0,19.0,775.0,25.0,5.0,373.0,164.0,1024.0,848,1560.0,249.0
57,0.0,2.0,0.0,1.0,2.0,97.0,1.0,11.0,46.0,59.0,3.0,0.0,1.0,1.0,0.0,58.0,0.0,33.0,189,121.0,70.0
571,348.0,120.0,72.0,78.0,385.0,32.0,9.0,12.0,59.0,55.0,58.0,0.0,27.0,59.0,10.0,108.0,9.0,30.0,73,108.0,32.0
574,7.0,1.0,2.0,1.0,2.0,2.0,2.0,0.0,12.0,12.0,1.0,0.0,2.0,7.0,1.0,3.0,4.0,8.0,14,14.0,3.0
576,5.0,22.0,3.0,2.0,3.0,65.0,2.0,65.0,18.0,119.0,0.0,9.0,1.0,1.0,1.0,34.0,16.0,188.0,86,137.0,24.0
578,7589.0,26221.0,953.0,4527.0,6988.0,399.0,1825.0,340.0,427.0,880.0,3155.0,27479.0,1522.0,1633.0,821.0,546.0,2099.0,1196.0,1447,1572.0,515.0
58,2.0,0.0,0.0,3.0,1.0,5.0,2.0,0.0,6.0,5.0,4.0,1.0,0.0,0.0,0.0,0.0,2.0,4.0,7,4.0,7.0
581,9.0,18.0,3.0,0.0,1.0,369.0,15.0,55.0,159.0,472.0,0.0,13.0,1.0,1.0,0.0,297.0,86.0,304.0,583,436.0,69.0
586,38.0,52.0,5.0,9.0,22.0,150.0,63.0,101.0,87.0,181.0,26.0,49.0,4.0,8.0,4.0,181.0,6.0,158.0,262,233.0,100.0
588,11.0,5.0,8.0,1.0,5.0,19.0,14.0,13.0,46.0,108.0,5.0,7.0,4.0,3.0,0.0,19.0,4.0,29.0,150,106.0,20.0
589,27.0,50.0,9.0,2.0,4.0,212.0,375.0,88.0,124.0,294.0,23.0,27.0,3.0,2.0,0.0,468.0,141.0,170.0,560,326.0,101.0
590,17.0,0.0,1.0,5.0,10.0,116.0,255.0,30.0,63.0,143.0,8.0,0.0,3.0,7.0,1.0,126.0,8.0,93.0,223,216.0,28.0
596,2.0,0.0,4.0,2.0,4.0,17.0,13.0,14.0,21.0,13.0,1.0,0.0,6.0,3.0,1.0,7.0,12.0,13.0,21,35.0,8.0
598,676.0,50.0,185.0,79.0,109.0,282.0,64.0,107.0,222.0,375.0,289.0,2.0,212.0,51.0,12.0,233.0,932.0,604.0,786,883.0,127.0
599,4998.0,3.0,614.0,1389.0,2249.0,324.0,27.0,264.0,241.0,614.0,1448.0,1.0,652.0,965.0,313.0,290.0,38.0,665.0,906,788.0,248.0
599_ref1,117.0,4.0,31.0,0.0,3.0,155.0,18.0,54.0,51.0,221.0,57.0,0.0,45.0,2.0,2.0,103.0,51.0,171.0,93,457.0,495.0
599_ref2,49.0,1.0,10.0,3.0,4.0,135.0,50.0,59.0,38.0,321.0,29.0,0.0,43.0,0.0,0.0,107.0,40.0,185.0,159,421.0,535.0
6,1.0,8.0,2.0,0.0,1.0,3.0,3.0,1.0,1.0,2.0,2.0,2.0,4.0,2.0,0.0,6.0,2.0,7.0,6,5.0,3.0
60,475.0,1.0,604.0,111.0,62.0,757.0,673.0,455.0,735.0,513.0,277.0,7.0,345.0,86.0,18.0,315.0,79.0,1334.0,1585,1557.0,199.0
61,2.0,0.0,0.0,0.0,2.0,1.0,1.0,1.0,1.0,1.0,10.0,0.0,0.0,0.0,0.0,0.0,0.0,0.0,9,8.0,1.0
611,8.0,12.0,2.0,0.0,3.0,241.0,110.0,134.0,124.0,268.0,8.0,9.0,4.0,0.0,0.0,309.0,122.0,418.0,354,460.0,192.0
616,482.0,25.0,240.0,25.0,48.0,95.0,40.0,54.0,69.0,161.0,209.0,18.0,116.0,30.0,21.0,122.0,248.0,255.0,113,213.0,61.0
619,28.0,7.0,2.0,4.0,3.0,5.0,12.0,3.0,19.0,22.0,29.0,4.0,3.0,4.0,1.0,13.0,7.0,8.0,60,31.0,4.0
622,17.0,0.0,8.0,6.0,8.0,260.0,25.0,35.0,76.0,240.0,18.0,5.0,4.0,4.0,2.0,339.0,4.0,84.0,350,219.0,92.0
627,166.0,5.0,53.0,14.0,22.0,71.0,346.0,61.0,96.0,238.0,37.0,1.0,91.0,4.0,3.0,96.0,484.0,222.0,171,284.0,53.0
631,55.0,31.0,210.0,7.0,32.0,461.0,94.0,305.0,319.0,724.0,37.0,8.0,221.0,20.0,26.0,719.0,120.0,563.0,906,877.0,163.0
632,115.0,4.0,76.0,65.0,98.0,57.0,17.0,27.0,73.0,120.0,56.0,9.0,37.0,61.0,10.0,31.0,13.0,81.0,106,220.0,34.0
636,10.0,1.0,7.0,5.0,3.0,219.0,344.0,96.0,102.0,94.0,2.0,0.0,3.0,1.0,3.0,176.0,290.0,294.0,153,237.0,38.0
638,131.0,23.0,59.0,15.0,25.0,328.0,46.0,72.0,76.0,256.0,34.0,0.0,86.0,5.0,5.0,365.0,84.0,196.0,274,266.0,192.0
639,63.0,2.0,17.0,39.0,62.0,10.0,10.0,3.0,26.0,34.0,45.0,2.0,18.0,68.0,14.0,6.0,2.0,25.0,41,79.0,16.0
64,39.0,316.0,6.0,36.0,33.0,6.0,15.0,7.0,13.0,48.0,5.0,4.0,3.0,22.0,27.0,12.0,3.0,17.0,172,38.0,11.0
640,312.0,434.0,109.0,110.0,114.0,99.0,32.0,116.0,86.0,194.0,116.0,73.0,71.0,17.0,12.0,93.0,54.0,250.0,116,420.0,111.0
642,2218.0,59.0,324.0,159.0,192.0,149.0,21.0,76.0,144.0,184.0,336.0,17.0,327.0,117.0,49.0,122.0,203.0,249.0,138,399.0,45.0
648,1588.0,4391.0,38.0,94.0,168.0,132.0,79.0,13.0,47.0,125.0,444.0,3267.0,32.0,62.0,14.0,300.0,236.0,85.0,238,159.0,121.0
649,4197.0,36.0,1956.0,603.0,732.0,1872.0,117.0,893.0,978.0,1978.0,2401.0,8.0,2269.0,229.0,97.0,1220.0,78.0,1763.0,2322,3064.0,683.0
65,8.0,0.0,1.0,4.0,8.0,5.0,7.0,0.0,18.0,20.0,2.0,6.0,2.0,2.0,1.0,9.0,5.0,3.0,41,20.0,1.0
651,20.0,73.0,40.0,31.0,43.0,73.0,70.0,21.0,55.0,108.0,36.0,5.0,51.0,25.0,5.0,53.0,70.0,80.0,64,194.0,64.0
652,882.0,10.0,627.0,161.0,344.0,597.0,391.0,287.0,566.0,850.0,466.0,27.0,759.0,66.0,40.0,589.0,311.0,591.0,1186,1159.0,820.0
653,967.0,2533.0,33.0,333.0,673.0,44.0,19.0,35.0,64.0,119.0,217.0,831.0,70.0,293.0,77.0,105.0,18.0,95.0,134,184.0,60.0
657,223.0,255.0,85.0,35.0,73.0,113.0,126.0,133.0,188.0,617.0,99.0,302.0,134.0,21.0,16.0,170.0,54.0,207.0,548,621.0,144.0
658,902.0,1.0,12.0,43.0,13.0,136.0,2.0,9.0,18.0,46.0,271.0,8.0,32.0,11.0,4.0,97.0,28.0,33.0,55,111.0,31.0
66,2.0,2.0,1.0,2.0,0.0,31.0,22.0,131.0,40.0,98.0,0.0,3.0,4.0,3.0,0.0,39.0,5.0,136.0,39,235.0,75.0
660,259.0,1.0,22.0,31.0,40.0,95.0,77.0,15.0,38.0,108.0,110.0,27.0,25.0,32.0,11.0,190.0,62.0,56.0,159,166.0,91.0
666,2898.0,11255.0,221.0,451.0,443.0,461.0,185.0,270.0,514.0,579.0,842.0,8257.0,209.0,224.0,28.0,270.0,225.0,731.0,1018,1370.0,396.0
667,570.0,181.0,578.0,163.0,157.0,647.0,156.0,304.0,454.0,920.0,130.0,27.0,543.0,93.0,11.0,529.0,55.0,714.0,1242,1187.0,284.0
668,23.0,35.0,8.0,3.0,9.0,12.0,5.0,5.0,22.0,41.0,11.0,8.0,4.0,4.0,4.0,17.0,5.0,17.0,69,46.0,14.0
673,17538.0,141.0,12507.0,2367.0,3260.0,14680.0,978.0,10891.0,8924.0,27365.0,7646.0,232.0,14225.0,1173.0,559.0,10614.0,392.0,28545.0,42787,29241.0,8678.0
674,896.0,721.0,1310.0,546.0,243.0,716.0,1226.0,937.0,849.0,1236.0,321.0,716.0,1211.0,205.0,56.0,434.0,811.0,1674.0,2008,1980.0,395.0
676,244.0,15.0,41.0,44.0,63.0,54.0,77.0,27.0,35.0,27.0,37.0,4.0,20.0,56.0,19.0,92.0,22.0,37.0,60,36.0,17.0
677,3.0,1.0,1.0,0.0,0.0,23.0,12.0,6.0,31.0,59.0,0.0,4.0,1.0,2.0,1.0,49.0,3.0,16.0,40,73.0,22.0
683,12.0,0.0,2.0,1.0,0.0,23.0,7.0,17.0,37.0,46.0,1.0,0.0,0.0,2.0,0.0,8.0,8.0,30.0,38,71.0,24.0
685,7.0,13.0,7.0,4.0,3.0,55.0,13.0,29.0,22.0,59.0,2.0,4.0,7.0,1.0,1.0,112.0,68.0,56.0,109,107.0,66.0
689,1356.0,707.0,331.0,119.0,149.0,114.0,20.0,69.0,41.0,70.0,183.0,992.0,328.0,65.0,11.0,55.0,4.0,124.0,66,161.0,38.0
690,651.0,60.0,49.0,1.0,21.0,29.0,29.0,22.0,18.0,21.0,212.0,42.0,18.0,17.0,4.0,19.0,4.0,31.0,8,64.0,14.0
692,3.0,6.0,9.0,0.0,2.0,331.0,952.0,256.0,306.0,258.0,1.0,0.0,4.0,1.0,0.0,222.0,227.0,649.0,449,635.0,236.0
693,29.0,8.0,8.0,14.0,8.0,87.0,8.0,98.0,88.0,90.0,20.0,4.0,14.0,11.0,6.0,44.0,72.0,179.0,172,230.0,130.0
695,971.0,14.0,484.0,28.0,104.0,530.0,127.0,612.0,476.0,1072.0,214.0,15.0,364.0,53.0,28.0,258.0,7.0,1296.0,737,1413.0,141.0
697,16.0,0.0,6.0,4.0,4.0,83.0,147.0,65.0,84.0,132.0,5.0,0.0,5.0,1.0,2.0,119.0,1235.0,261.0,116,166.0,57.0
7,135.0,1.0,85.0,61.0,35.0,43.0,8.0,30.0,74.0,190.0,29.0,18.0,70.0,8.0,7.0,46.0,3.0,68.0,122,206.0,25.0
701,2.0,7.0,2.0,1.0,2.0,285.0,86.0,50.0,149.0,252.0,3.0,3.0,1.0,3.0,0.0,533.0,25.0,95.0,621,300.0,96.0
702,16.0,23.0,17.0,3.0,4.0,784.0,386.0,338.0,612.0,1262.0,10.0,2.0,17.0,4.0,0.0,927.0,1336.0,1487.0,2168,1586.0,564.0
703,74.0,0.0,8.0,7.0,14.0,10.0,3.0,19.0,10.0,36.0,4.0,3.0,13.0,9.0,4.0,10.0,6.0,26.0,28,19.0,14.0
705,0.0,1.0,1.0,0.0,3.0,98.0,2.0,111.0,52.0,199.0,0.0,0.0,0.0,3.0,0.0,77.0,144.0,322.0,167,210.0,67.0
709,29.0,16.0,42.0,13.0,13.0,42.0,11.0,20.0,44.0,81.0,28.0,5.0,23.0,11.0,9.0,70.0,230.0,101.0,133,142.0,30.0
711,2.0,1.0,0.0,1.0,1.0,25.0,3.0,9.0,13.0,14.0,0.0,1.0,0.0,0.0,0.0,30.0,2.0,12.0,6,28.0,11.0
713,4134.0,2.0,341.0,2026.0,3875.0,81.0,38.0,89.0,201.0,102.0,1217.0,43.0,348.0,1264.0,339.0,62.0,6.0,159.0,168,270.0,114.0
715,1.0,0.0,1.0,0.0,0.0,57.0,33.0,17.0,48.0,46.0,2.0,0.0,0.0,0.0,0.0,85.0,46.0,27.0,72,103.0,69.0
717,1213.0,76.0,229.0,206.0,374.0,174.0,133.0,81.0,114.0,208.0,466.0,130.0,184.0,262.0,46.0,87.0,400.0,261.0,277,367.0,169.0
721,15.0,9.0,14.0,15.0,17.0,37.0,43.0,33.0,26.0,42.0,8.0,0.0,6.0,8.0,3.0,16.0,27.0,65.0,38,76.0,11.0
724,39.0,6.0,11.0,8.0,10.0,26.0,8.0,3.0,38.0,77.0,59.0,2.0,7.0,8.0,4.0,19.0,7.0,21.0,336,128.0,17.0
727,1591.0,97.0,1443.0,801.0,796.0,618.0,108.0,497.0,345.0,1228.0,867.0,9.0,1732.0,405.0,119.0,598.0,108.0,1815.0,945,1279.0,458.0
729,2177.0,1283.0,463.0,1333.0,1429.0,445.0,431.0,188.0,271.0,587.0,762.0,923.0,582.0,535.0,152.0,394.0,260.0,589.0,846,790.0,260.0
731,11.0,31.0,115.0,14.0,13.0,3304.0,2081.0,4466.0,3399.0,7098.0,16.0,3.0,88.0,17.0,11.0,2547.0,402.0,9297.0,9721,8505.0,3383.0
732,7.0,3.0,11.0,7.0,6.0,527.0,879.0,590.0,442.0,1821.0,2.0,2.0,9.0,1.0,3.0,684.0,811.0,1398.0,2079,2171.0,394.0
734,3183.0,16.0,80.0,949.0,1751.0,351.0,79.0,234.0,157.0,280.0,1611.0,13.0,116.0,444.0,202.0,394.0,50.0,525.0,488,365.0,118.0
735,0.0,0.0,1.0,0.0,1.0,14.0,5.0,15.0,31.0,42.0,0.0,0.0,1.0,0.0,0.0,12.0,7.0,32.0,31,59.0,20.0
738,51.0,516.0,40.0,23.0,25.0,43.0,307.0,56.0,49.0,74.0,13.0,1014.0,26.0,7.0,5.0,38.0,195.0,104.0,77,119.0,52.0
739,63.0,4.0,17.0,8.0,4.0,320.0,34.0,286.0,416.0,411.0,3.0,3.0,9.0,9.0,2.0,231.0,16.0,615.0,719,839.0,670.0
740,11.0,2.0,21.0,9.0,4.0,34.0,12.0,39.0,90.0,123.0,18.0,0.0,16.0,5.0,1.0,23.0,2.0,89.0,130,216.0,21.0
741,99.0,19.0,70.0,56.0,69.0,95.0,9.0,28.0,82.0,128.0,43.0,8.0,41.0,34.0,18.0,214.0,16.0,75.0,151,230.0,63.0
742,112.0,8.0,45.0,80.0,51.0,134.0,108.0,64.0,158.0,243.0,123.0,11.0,20.0,65.0,34.0,151.0,54.0,193.0,295,293.0,90.0
748,5.0,5.0,0.0,2.0,3.0,93.0,11.0,69.0,130.0,197.0,2.0,7.0,4.0,4.0,1.0,70.0,17.0,211.0,170,217.0,188.0
749,5.0,0.0,1.0,1.0,1.0,48.0,2.0,19.0,34.0,75.0,2.0,5.0,3.0,0.0,0.0,82.0,10.0,12.0,81,85.0,20.0
754,8.0,2.0,6.0,0.0,0.0,278.0,26.0,172.0,216.0,239.0,0.0,3.0,1.0,0.0,0.0,205.0,29.0,468.0,394,692.0,182.0
755,1.0,2.0,0.0,0.0,1.0,7.0,11.0,1.0,35.0,20.0,2.0,5.0,2.0,2.0,0.0,1.0,6.0,8.0,47,63.0,5.0
756,2593.0,103.0,700.0,524.0,498.0,724.0,499.0,565.0,583.0,1121.0,603.0,116.0,561.0,334.0,168.0,450.0,1026.0,1082.0,1481,1424.0,801.0
760,6351.0,8.0,3444.0,579.0,260.0,2157.0,122.0,802.0,884.0,2176.0,1954.0,88.0,3190.0,261.0,50.0,1719.0,194.0,2029.0,1847,3209.0,466.0
77,51.0,209.0,132.0,3.0,9.0,332.0,7.0,39.0,50.0,284.0,53.0,382.0,223.0,6.0,2.0,105.0,90.0,240.0,143,157.0,43.0
772,96.0,70.0,254.0,15.0,34.0,195.0,78.0,118.0,45.0,324.0,18.0,59.0,287.0,8.0,2.0,72.0,72.0,260.0,163,467.0,86.0
775,5.0,6.0,12.0,2.0,2.0,602.0,38.0,300.0,486.0,948.0,3.0,15.0,8.0,3.0,0.0,535.0,162.0,766.0,1156,1159.0,359.0
778,1476.0,21.0,312.0,114.0,96.0,309.0,146.0,274.0,360.0,590.0,344.0,9.0,212.0,152.0,23.0,287.0,45.0,785.0,541,610.0,171.0
78,1.0,1.0,3.0,1.0,0.0,6.0,0.0,3.0,1.0,5.0,0.0,0.0,2.0,0.0,0.0,1.0,0.0,6.0,5,3.0,1.0
782,2.0,1.0,5.0,0.0,1.0,318.0,122.0,364.0,186.0,683.0,0.0,2.0,3.0,1.0,0.0,378.0,81.0,550.0,434,1065.0,292.0
783,714.0,1071.0,141.0,71.0,77.0,207.0,366.0,95.0,92.0,130.0,154.0,1400.0,103.0,74.0,29.0,82.0,402.0,318.0,207,358.0,48.0
784,4.0,25.0,2.0,2.0,7.0,149.0,7.0,25.0,42.0,50.0,2.0,61.0,2.0,2.0,0.0,161.0,4.0,52.0,106,148.0,48.0
789,2.0,2.0,9.0,0.0,0.0,162.0,215.0,347.0,500.0,337.0,0.0,9.0,7.0,0.0,1.0,78.0,13.0,814.0,678,739.0,430.0
790,43.0,38.0,38.0,19.0,37.0,185.0,129.0,99.0,114.0,279.0,25.0,19.0,24.0,30.0,4.0,309.0,158.0,265.0,543,522.0,190.0
791,48.0,90.0,26.0,69.0,69.0,91.0,29.0,16.0,67.0,127.0,66.0,56.0,28.0,57.0,14.0,105.0,9.0,64.0,229,150.0,110.0
795,55.0,43.0,308.0,58.0,63.0,6021.0,7708.0,4797.0,3744.0,8951.0,85.0,22.0,241.0,69.0,69.0,4644.0,9699.0,14623.0,11081,13514.0,2087.0
796,14.0,54.0,300.0,0.0,3.0,101.0,87.0,26.0,148.0,171.0,7.0,25.0,3.0,2.0,0.0,215.0,184.0,84.0,712,199.0,103.0
797,5.0,3.0,11.0,3.0,6.0,6.0,7.0,4.0,13.0,12.0,3.0,2.0,3.0,6.0,1.0,9.0,4.0,6.0,26,20.0,7.0
798,9.0,13.0,6.0,3.0,2.0,1645.0,979.0,559.0,774.0,2069.0,6.0,2.0,13.0,3.0,20.0,1049.0,130.0,2763.0,1543,4482.0,350.0
800,7.0,3.0,0.0,0.0,0.0,4.0,6.0,1.0,11.0,18.0,13.0,0.0,1.0,0.0,1.0,3.0,18.0,10.0,29,23.0,7.0
801,20.0,56.0,0.0,4.0,5.0,5.0,12.0,4.0,16.0,7.0,9.0,71.0,2.0,8.0,0.0,9.0,7.0,4.0,22,23.0,8.0
803,2.0,2.0,1.0,0.0,0.0,9.0,7.0,3.0,10.0,20.0,0.0,0.0,0.0,1.0,3.0,7.0,8.0,3.0,18,23.0,2.0
804,41.0,20.0,26.0,7.0,2.0,13.0,22.0,15.0,27.0,25.0,18.0,40.0,31.0,5.0,7.0,39.0,15.0,20.0,46,151.0,45.0
805,196.0,232.0,334.0,19.0,24.0,138.0,370.0,213.0,172.0,277.0,39.0,237.0,319.0,4.0,5.0,91.0,229.0,439.0,135,434.0,69.0
807,0.0,0.0,1.0,0.0,2.0,182.0,161.0,213.0,118.0,179.0,1.0,3.0,2.0,1.0,0.0,139.0,44.0,300.0,180,432.0,79.0
808,64.0,12.0,16.0,6.0,9.0,127.0,47.0,154.0,174.0,328.0,98.0,4.0,12.0,9.0,1.0,129.0,25.0,356.0,370,492.0,156.0
809,892.0,25.0,144.0,91.0,90.0,255.0,258.0,171.0,210.0,435.0,383.0,150.0,192.0,74.0,21.0,373.0,112.0,354.0,601,654.0,224.0
81,191.0,106.0,119.0,40.0,24.0,605.0,170.0,101.0,176.0,258.0,103.0,15.0,38.0,34.0,5.0,549.0,12.0,209.0,303,582.0,135.0
811,42.0,28.0,13.0,24.0,19.0,22.0,12.0,11.0,28.0,46.0,73.0,7.0,10.0,18.0,18.0,18.0,16.0,23.0,40,96.0,9.0
812,4.0,7.0,0.0,0.0,1.0,53.0,3.0,59.0,25.0,162.0,4.0,1.0,0.0,2.0,0.0,46.0,4.0,187.0,150,122.0,50.0
813,74.0,26.0,33.0,35.0,35.0,275.0,164.0,161.0,217.0,459.0,35.0,21.0,20.0,67.0,8.0,194.0,196.0,402.0,667,657.0,94.0
819,5.0,4.0,14.0,0.0,4.0,1596.0,579.0,645.0,705.0,1440.0,0.0,2.0,10.0,1.0,1.0,931.0,354.0,1494.0,1693,2823.0,369.0
821,4.0,0.0,1.0,0.0,3.0,111.0,37.0,26.0,22.0,69.0,0.0,0.0,2.0,0.0,1.0,28.0,4.0,45.0,58,136.0,48.0
823,66.0,12.0,22.0,27.0,46.0,153.0,449.0,247.0,235.0,603.0,31.0,7.0,15.0,29.0,13.0,99.0,1456.0,705.0,476,736.0,142.0
830,2.0,3.0,0.0,0.0,0.0,1.0,4.0,6.0,8.0,18.0,1.0,0.0,0.0,1.0,0.0,1.0,5.0,4.0,12,18.0,3.0
833,55.0,50.0,14.0,25.0,25.0,131.0,59.0,40.0,136.0,126.0,12.0,12.0,15.0,21.0,12.0,103.0,90.0,93.0,115,330.0,82.0
835,641.0,252.0,133.0,40.0,113.0,69.0,1.0,33.0,23.0,40.0,99.0,190.0,107.0,32.0,8.0,31.0,26.0,107.0,45,97.0,85.0
837,1433.0,12.0,368.0,243.0,352.0,475.0,93.0,432.0,277.0,972.0,427.0,11.0,431.0,131.0,36.0,521.0,81.0,870.0,804,1386.0,281.0
838,122763.0,4465.0,48431.0,57524.0,45446.0,24580.0,3105.0,23794.0,19566.0,25459.0,43681.0,2363.0,45049.0,27957.0,5713.0,12872.0,4524.0,45696.0,27291,60241.0,11570.0
839,27.0,0.0,15.0,15.0,16.0,165.0,3.0,45.0,82.0,151.0,14.0,0.0,22.0,14.0,6.0,66.0,3.0,225.0,150,372.0,62.0
841,334.0,2287.0,63.0,40.0,81.0,74.0,101.0,27.0,135.0,76.0,183.0,3839.0,52.0,17.0,3.0,89.0,100.0,66.0,324,96.0,211.0
842,1971.0,2018.0,506.0,924.0,956.0,188.0,502.0,93.0,160.0,350.0,367.0,327.0,648.0,242.0,73.0,226.0,108.0,300.0,490,491.0,318.0
843,9.0,54.0,17.0,5.0,6.0,1688.0,1574.0,862.0,1141.0,2568.0,5.0,42.0,7.0,10.0,1.0,4853.0,3639.0,2056.0,6525,2426.0,3004.0
848,2.0,8.0,3.0,3.0,1.0,4.0,1.0,1.0,6.0,16.0,5.0,4.0,1.0,1.0,1.0,3.0,6.0,4.0,10,16.0,5.0
850,10.0,30.0,9.0,2.0,11.0,199.0,207.0,135.0,219.0,320.0,10.0,14.0,15.0,5.0,1.0,224.0,255.0,291.0,1070,472.0,112.0
853,6977.0,2155.0,948.0,1725.0,1887.0,677.0,1118.0,342.0,490.0,1370.0,2100.0,327.0,1590.0,511.0,275.0,300.0,3650.0,2286.0,2908,1597.0,1279.0
854,5.0,7.0,2.0,1.0,2.0,192.0,367.0,72.0,72.0,92.0,1.0,14.0,1.0,0.0,0.0,120.0,157.0,170.0,96,276.0,121.0
857,14.0,75.0,73.0,4.0,6.0,3109.0,3060.0,4662.0,4529.0,7294.0,4.0,26.0,32.0,2.0,1.0,1669.0,327.0,10125.0,4730,12479.0,2525.0
859,267.0,53.0,148.0,69.0,72.0,154.0,12.0,93.0,63.0,100.0,275.0,24.0,81.0,29.0,18.0,43.0,8.0,94.0,138,334.0,67.0
860,66.0,54.0,24.0,34.0,81.0,93.0,20.0,93.0,167.0,308.0,32.0,15.0,18.0,38.0,17.0,78.0,53.0,139.0,263,493.0,68.0
862,100.0,13.0,84.0,67.0,76.0,56.0,20.0,47.0,191.0,378.0,112.0,8.0,66.0,53.0,21.0,43.0,18.0,134.0,476,510.0,80.0
868,7.0,23.0,41.0,6.0,10.0,66.0,235.0,62.0,104.0,116.0,2.0,38.0,69.0,6.0,0.0,34.0,154.0,207.0,122,151.0,101.0
869,2489.0,5.0,490.0,206.0,774.0,232.0,486.0,115.0,103.0,236.0,652.0,43.0,441.0,77.0,52.0,224.0,269.0,248.0,462,355.0,116.0
87,4.0,23.0,6.0,1.0,4.0,9.0,2.0,3.0,16.0,9.0,0.0,11.0,2.0,3.0,0.0,3.0,9.0,30.0,22,6.0,7.0
870,1.0,4.0,1.0,0.0,1.0,4.0,1.0,0.0,1.0,1.0,0.0,9.0,0.0,1.0,0.0,3.0,2.0,0.0,1,3.0,3.0
871,1.0,11.0,23.0,1.0,1.0,13.0,146.0,59.0,13.0,23.0,0.0,7.0,3.0,0.0,0.0,17.0,1.0,17.0,29,35.0,12.0
879,10.0,0.0,1.0,0.0,0.0,26.0,41.0,5.0,6.0,18.0,1.0,0.0,0.0,0.0,0.0,37.0,3.0,8.0,23,36.0,39.0
880,1.0,4.0,0.0,1.0,0.0,0.0,10.0,0.0,9.0,13.0,2.0,0.0,0.0,0.0,0.0,4.0,8.0,5.0,38,12.0,9.0
882,0.0,3.0,0.0,1.0,2.0,1.0,9.0,1.0,6.0,5.0,0.0,1.0,1.0,1.0,0.0,5.0,7.0,4.0,17,7.0,2.0
887,0.0,0.0,0.0,1.0,0.0,9.0,27.0,4.0,17.0,12.0,0.0,0.0,1.0,1.0,0.0,18.0,12.0,10.0,33,11.0,5.0
888,529.0,44.0,94.0,215.0,636.0,79.0,2.0,58.0,88.0,121.0,432.0,30.0,127.0,88.0,61.0,72.0,47.0,96.0,154,203.0,81.0
89,1611.0,2034.0,32.0,229.0,284.0,328.0,2363.0,147.0,129.0,302.0,889.0,586.0,124.0,177.0,22.0,617.0,2229.0,738.0,480,387.0,579.0
892,1.0,3.0,1.0,0.0,1.0,4.0,12.0,1.0,1.0,4.0,0.0,6.0,0.0,1.0,0.0,2.0,18.0,1.0,1,4.0,2.0
897,0.0,1.0,1.0,1.0,0.0,1.0,0.0,0.0,1.0,3.0,0.0,6.0,0.0,0.0,0.0,0.0,0.0,0.0,2,3.0,0.0
904,1.0,0.0,0.0,0.0,2.0,59.0,1.0,90.0,56.0,100.0,0.0,266.0,0.0,0.0,0.0,17.0,1.0,188.0,72,218.0,43.0
91,2840.0,231.0,154.0,66.0,559.0,83.0,22.0,88.0,62.0,216.0,394.0,171.0,327.0,132.0,69.0,61.0,208.0,233.0,190,203.0,54.0
911,2073.0,336.0,634.0,126.0,356.0,551.0,634.0,485.0,368.0,616.0,577.0,196.0,519.0,69.0,36.0,512.0,738.0,959.0,853,1263.0,459.0
916,61.0,18.0,31.0,9.0,32.0,37.0,105.0,18.0,44.0,60.0,20.0,21.0,26.0,37.0,11.0,102.0,26.0,42.0,270,84.0,24.0
923,15.0,8.0,0.0,1.0,0.0,174.0,205.0,58.0,87.0,206.0,0.0,14.0,3.0,1.0,0.0,319.0,36.0,159.0,266,263.0,158.0
924,5.0,11.0,0.0,1.0,4.0,2.0,40.0,3.0,4.0,8.0,2.0,3.0,0.0,0.0,0.0,2.0,3.0,3.0,5,7.0,2.0
930,7.0,7.0,1.0,0.0,1.0,34.0,5.0,6.0,8.0,26.0,3.0,3.0,1.0,1.0,1.0,40.0,36.0,6.0,30,17.0,8.0
931,93.0,24.0,60.0,15.0,37.0,37.0,12.0,124.0,83.0,103.0,17.0,5.0,73.0,17.0,3.0,46.0,1.0,114.0,118,201.0,40.0
933,8.0,8.0,1.0,2.0,14.0,0.0,2.0,2.0,3.0,4.0,8.0,9.0,2.0,3.0,2.0,0.0,2.0,3.0,3,10.0,3.0
936,320.0,354.0,19.0,9.0,26.0,31.0,23.0,4.0,52.0,54.0,92.0,11.0,16.0,15.0,3.0,72.0,30.0,24.0,117,50.0,18.0
937,2.0,3.0,1.0,0.0,1.0,7.0,55.0,1.0,19.0,26.0,4.0,2.0,0.0,2.0,0.0,8.0,7.0,9.0,80,24.0,8.0
939,349.0,92.0,40.0,30.0,27.0,91.0,32.0,37.0,71.0,136.0,70.0,75.0,75.0,36.0,10.0,118.0,3.0,66.0,198,261.0,80.0
94,2801.0,3873.0,314.0,471.0,468.0,229.0,638.0,118.0,99.0,316.0,747.0,3820.0,312.0,168.0,44.0,122.0,1589.0,621.0,402,463.0,154.0
941,5.0,0.0,2.0,0.0,2.0,57.0,1.0,39.0,64.0,135.0,2.0,1.0,5.0,1.0,2.0,67.0,112.0,169.0,128,312.0,56.0
942,8.0,0.0,0.0,2.0,5.0,30.0,5.0,0.0,22.0,15.0,2.0,0.0,20.0,3.0,2.0,1.0,8.0,10.0,36,18.0,6.0
943,2.0,17.0,1.0,0.0,2.0,1.0,1.0,1.0,5.0,6.0,2.0,21.0,1.0,2.0,0.0,6.0,2.0,0.0,4,2.0,3.0
945,3.0,4.0,1.0,0.0,0.0,4.0,7.0,1.0,3.0,3.0,1.0,7.0,1.0,0.0,1.0,7.0,2.0,3.0,6,9.0,2.0
946,1.0,5.0,1.0,2.0,0.0,50.0,5.0,39.0,63.0,128.0,2.0,8.0,0.0,1.0,0.0,29.0,157.0,92.0,75,222.0,38.0
953,64.0,11.0,113.0,13.0,9.0,212.0,91.0,83.0,118.0,134.0,27.0,0.0,211.0,10.0,1.0,135.0,326.0,237.0,181,212.0,120.0
957,497.0,82.0,147.0,12.0,56.0,75.0,9.0,32.0,47.0,109.0,60.0,188.0,74.0,24.0,5.0,117.0,245.0,138.0,208,189.0,57.0
959,10.0,16.0,30.0,4.0,2.0,9215.0,12226.0,1776.0,8013.0,8945.0,74.0,22.0,41.0,6.0,2.0,12509.0,23787.0,8214.0,28931,9659.0,2854.0
960,4940.0,70.0,1765.0,509.0,409.0,1224.0,97.0,499.0,493.0,1412.0,1369.0,62.0,2299.0,241.0,55.0,851.0,993.0,1195.0,1997,1833.0,267.0
962,4.0,5.0,2.0,3.0,7.0,30.0,17.0,9.0,17.0,28.0,3.0,17.0,0.0,2.0,2.0,83.0,90.0,41.0,71,41.0,19.0
966,4.0,1.0,4.0,1.0,1.0,7.0,3.0,3.0,10.0,28.0,3.0,0.0,2.0,0.0,0.0,4.0,2.0,6.0,20,33.0,3.0
967,16.0,10.0,134.0,4.0,10.0,268.0,120.0,107.0,166.0,440.0,16.0,12.0,117.0,28.0,7.0,241.0,109.0,326.0,304,511.0,147.0
972,4176.0,32852.0,139.0,1582.0,3395.0,62.0,81.0,16.0,38.0,85.0,878.0,54266.0,38.0,511.0,411.0,31.0,10.0,34.0,80,84.0,25.0
973,2.0,12.0,1.0,0.0,0.0,24.0,4.0,29.0,15.0,74.0,0.0,20.0,14.0,0.0,0.0,22.0,5.0,59.0,111,104.0,16.0
976,2.0,7.0,1.0,0.0,1.0,59.0,4.0,51.0,41.0,87.0,1.0,1.0,1.0,0.0,0.0,21.0,16.0,118.0,52,144.0,30.0
980,9.0,32.0,5.0,2.0,9.0,174.0,386.0,50.0,69.0,156.0,3.0,38.0,1.0,2.0,0.0,172.0,28.0,258.0,225,296.0,57.0
983,97.0,123.0,4.0,8.0,22.0,7.0,3.0,0.0,8.0,28.0,3.0,314.0,19.0,7.0,10.0,14.0,18.0,4.0,38,10.0,5.0
984,116.0,17.0,8.0,1.0,1.0,72.0,46.0,151.0,90.0,213.0,3.0,21.0,6.0,7.0,0.0,79.0,16.0,287.0,308,232.0,37.0
985,3.0,2.0,0.0,0.0,0.0,10.0,14.0,1.0,36.0,43.0,1.0,4.0,1.0,0.0,0.0,12.0,18.0,9.0,91,54.0,6.0
987,82.0,1.0,47.0,1.0,6.0,114.0,31.0,33.0,18.0,140.0,13.0,1.0,82.0,2.0,7.0,136.0,28.0,96.0,108,154.0,65.0
99,264.0,15.0,180.0,2.0,10.0,179.0,96.0,91.0,72.0,334.0,54.0,11.0,221.0,3.0,3.0,214.0,56.0,299.0,262,300.0,119.0
991,4.0,2.0,3.0,0.0,7.0,11.0,92.0,26.0,21.0,46.0,2.0,0.0,3.0,1.0,0.0,17.0,11.0,36.0,88,40.0,12.0
992,2.0,2.0,3.0,0.0,1.0,202.0,83.0,62.0,79.0,77.0,0.0,0.0,1.0,1.0,2.0,137.0,118.0,146.0,161,176.0,27.0
996,1365.0,290.0,37.0,70.0,88.0,177.0,409.0,37.0,88.0,105.0,748.0,1275.0,28.0,53.0,10.0,322.0,205.0,70.0,403,144.0,147.0
998,11.0,4.0,0.0,1.0,2.0,192.0,75.0,25.0,46.0,109.0,2.0,3.0,0.0,0.0,0.0,124.0,56.0,151.0,84,156.0,91.0
999,538.0,166.0,6.0,169.0,176.0,22.0,3.0,5.0,25.0,16.0,171.0,125.0,6.0,63.0,11.0,13.0,7.0,7.0,65,12.0,72.0
1052,3.0,37.0,2.0,1.0,0.0,1.0,1.0,0.0,2.0,0.0,1.0,41.0,0.0,0.0,0.0,2.0,1.0,1.0,5,4.0,3.0
17_2,0.0,0.0,1.0,0.0,0.0,1.0,0.0,1.0,2.0,2.0,3.0,0.0,1.0,0.0,0.0,2.0,0.0,1.0,1,5.0,1.0
217,0.0,0.0,1.0,1.0,0.0,3.0,0.0,0.0,0.0,0.0,2.0,1.0,0.0,0.0,0.0,0.0,0.0,0.0,4,5.0,0.0
22,1.0,0.0,0.0,2.0,0.0,0.0,2.0,0.0,1.0,0.0,1.0,0.0,0.0,0.0,0.0,0.0,1.0,2.0,1,2.0,1.0
292,6.0,3.0,0.0,3.0,6.0,1.0,2.0,0.0,0.0,2.0,2.0,0.0,0.0,3.0,3.0,2.0,1.0,3.0,5,5.0,0.0
387,3.0,2.0,0.0,0.0,4.0,1.0,0.0,1.0,2.0,6.0,0.0,0.0,2.0,0.0,0.0,5.0,7.0,0.0,6,1.0,0.0
411,12.0,0.0,0.0,1.0,2.0,2.0,0.0,0.0,2.0,2.0,2.0,0.0,1.0,1.0,0.0,2.0,0.0,1.0,7,3.0,0.0
44,0.0,0.0,0.0,2.0,1.0,2.0,1.0,0.0,4.0,9.0,2.0,0.0,1.0,0.0,0.0,0.0,2.0,1.0,10,5.0,1.0
501,1.0,0.0,0.0,0.0,1.0,0.0,0.0,0.0,0.0,0.0,5.0,0.0,0.0,4.0,0.0,0.0,2.0,0.0,1,2.0,0.0
506,1.0,1.0,1.0,0.0,0.0,0.0,1.0,0.0,0.0,1.0,0.0,1.0,1.0,1.0,1.0,2.0,1.0,0.0,1,1.0,0.0
59,0.0,0.0,0.0,0.0,0.0,3.0,1.0,1.0,1.0,6.0,0.0,0.0,0.0,1.0,0.0,1.0,1.0,3.0,8,8.0,1.0
607,3.0,1.0,0.0,1.0,3.0,1.0,1.0,0.0,4.0,6.0,3.0,0.0,0.0,1.0,0.0,4.0,0.0,2.0,7,8.0,0.0
643,4.0,5.0,1.0,1.0,0.0,1.0,0.0,1.0,4.0,4.0,1.0,0.0,0.0,0.0,0.0,3.0,3.0,7.0,7,12.0,4.0
753,2.0,4.0,1.0,0.0,0.0,6.0,3.0,7.0,8.0,20.0,1.0,16.0,2.0,1.0,0.0,5.0,3.0,5.0,12,26.0,1.0
79,357.0,14.0,81.0,28.0,9.0,122.0,0.0,31.0,73.0,61.0,151.0,150.0,45.0,10.0,0.0,104.0,0.0,86.0,117,238.0,26.0
917,4.0,2.0,2.0,0.0,0.0,4.0,3.0,1.0,12.0,22.0,1.0,0.0,0.0,0.0,0.0,4.0,5.0,1.0,53,22.0,1.0
956,1.0,4.0,4.0,1.0,0.0,22.0,45.0,6.0,27.0,33.0,0.0,5.0,0.0,1.0,0.0,49.0,3.0,13.0,81,41.0,67.0
454,0.0,0.0,0.0,0.0,0.0,2.0,2.0,0.0,4.0,3.0,1.0,3.0,1.0,0.0,0.0,8.0,0.0,3.0,8,8.0,1.0
932,8.0,4.0,1.0,2.0,7.0,0.0,1.0,1.0,2.0,4.0,0.0,3.0,0.0,1.0,0.0,1.0,1.0,0.0,3,3.0,2.0
