strain_id,A_MTX_5-FC.HNM1_RBD2,A_MTX_Fluconazole.HNM1_RBD2,A_MTX_Metformin.HNM1_RBD2,A_MTX_Trifluoperazine.HNM1_RBD2,A_MTX_noDrug.HNM1_RBD2,A_noMTX_5-FC.HNM1_RBD2,A_noMTX_Fluconazole.HNM1_RBD2,A_noMTX_Metformin.HNM1_RBD2,A_noMTX_Trifluoperazine.HNM1_RBD2,A_noMTX_noDrug.HNM1_RBD2,B_MTX_5-FC.HNM1_RBD2,B_MTX_Fluconazole.HNM1_RBD2,B_MTX_Metformin.HNM1_RBD2,B_MTX_Trifluoperazine.HNM1_RBD2,B_MTX_noDrug.HNM1_RBD2,B_noMTX_5-FC.HNM1_RBD2,B_noMTX_Fluconazole.HNM1_RBD2,B_noMTX_Metformin.HNM1_RBD2,B_noMTX_Trifluoperazine.HNM1_RBD2,B_noMTX_noDrug.HNM1_RBD2,T0_noMTX_noDrug.HNM1_RBD2
1005,0.0,1.0,0.0,0.0,0.0,2.0,7.0,8.0,7.0,1.0,2.0,1.0,0.0,1.0,0.0,12.0,6.0,10.0,10.0,4.0,0.0
1007,9.0,2.0,1.0,1.0,0.0,9.0,51.0,11.0,31.0,6.0,17.0,1.0,1.0,1.0,1.0,50.0,33.0,22.0,12.0,8.0,9.0
1013,3.0,1.0,0.0,4.0,1.0,3.0,1.0,5.0,13.0,1.0,3.0,0.0,0.0,1.0,0.0,7.0,2.0,21.0,4.0,5.0,0.0
1016,3.0,0.0,0.0,7.0,0.0,22.0,24.0,15.0,4.0,6.0,1.0,1.0,3.0,2.0,1.0,23.0,60.0,17.0,26.0,9.0,8.0
1018,1864.0,857.0,555.0,873.0,33.0,197.0,4.0,108.0,353.0,83.0,3447.0,31.0,919.0,416.0,47.0,1570.0,8.0,929.0,406.0,80.0,36.0
1020,411.0,5.0,1346.0,429.0,38.0,658.0,337.0,287.0,720.0,169.0,100.0,2.0,1899.0,412.0,74.0,1894.0,5.0,3944.0,424.0,72.0,73.0
1025,10.0,7.0,10.0,10.0,14.0,465.0,59.0,202.0,172.0,63.0,7.0,3.0,15.0,5.0,3.0,911.0,23.0,1289.0,118.0,55.0,40.0
1027,0.0,4.0,0.0,2.0,0.0,8.0,14.0,10.0,4.0,5.0,1.0,1.0,5.0,0.0,1.0,13.0,4.0,17.0,9.0,8.0,5.0
1035,14.0,8.0,3.0,38.0,3.0,2.0,3.0,7.0,8.0,1.0,22.0,5.0,13.0,23.0,3.0,12.0,2.0,25.0,2.0,1.0,2.0
1038,29.0,2.0,54.0,58.0,10.0,78.0,64.0,51.0,63.0,18.0,102.0,3.0,54.0,32.0,5.0,165.0,651.0,159.0,47.0,16.0,36.0
1040,16.0,9.0,28.0,16.0,5.0,4403.0,233.0,1508.0,3821.0,1132.0,115.0,4.0,32.0,8.0,0.0,23734.0,316.0,9443.0,3603.0,805.0,236.0
1046,1.0,0.0,1.0,4.0,0.0,3.0,3.0,6.0,3.0,7.0,1.0,1.0,2.0,2.0,0.0,10.0,6.0,7.0,11.0,1.0,11.0
1050,8.0,1.0,5.0,15.0,3.0,3.0,1.0,15.0,7.0,4.0,7.0,3.0,14.0,5.0,0.0,16.0,5.0,17.0,20.0,8.0,0.0
1065,2.0,12.0,1.0,9.0,1.0,0.0,1.0,3.0,0.0,1.0,3.0,7.0,5.0,2.0,0.0,1.0,0.0,12.0,2.0,2.0,0.0
1069,3763.0,2648.0,945.0,1536.0,95.0,631.0,376.0,406.0,358.0,139.0,5003.0,368.0,1650.0,1674.0,170.0,1397.0,231.0,4371.0,475.0,95.0,253.0
107,0.0,1.0,0.0,0.0,0.0,2.0,3.0,0.0,1.0,2.0,0.0,1.0,1.0,1.0,0.0,5.0,1.0,5.0,2.0,0.0,0.0
113,9.0,8.0,1.0,8.0,9.0,5.0,15.0,6.0,10.0,6.0,17.0,4.0,5.0,4.0,1.0,14.0,26.0,22.0,10.0,4.0,2.0
119,2.0,3.0,0.0,5.0,4.0,2.0,1.0,3.0,1.0,2.0,1.0,5.0,0.0,1.0,0.0,8.0,0.0,11.0,4.0,1.0,1.0
124,5.0,0.0,0.0,2.0,7.0,3.0,1.0,1.0,10.0,5.0,11.0,0.0,15.0,4.0,0.0,9.0,4.0,17.0,3.0,2.0,2.0
128,3.0,0.0,1.0,2.0,1.0,239.0,145.0,105.0,179.0,50.0,1.0,3.0,1.0,0.0,1.0,1250.0,283.0,1156.0,169.0,49.0,90.0
132,3.0,0.0,6.0,3.0,1.0,405.0,1282.0,218.0,462.0,82.0,2.0,16.0,10.0,2.0,0.0,1110.0,610.0,2170.0,238.0,89.0,79.0
133,1.0,0.0,0.0,1.0,0.0,4.0,3.0,3.0,1.0,2.0,5.0,0.0,1.0,0.0,0.0,8.0,2.0,9.0,5.0,3.0,0.0
136,0.0,1.0,0.0,3.0,0.0,1.0,0.0,4.0,5.0,2.0,0.0,1.0,1.0,0.0,0.0,4.0,1.0,10.0,5.0,3.0,1.0
14,155.0,35.0,203.0,687.0,14.0,138.0,5.0,198.0,167.0,76.0,20.0,11.0,305.0,861.0,39.0,325.0,1.0,997.0,174.0,52.0,62.0
146,386.0,39.0,1460.0,246.0,77.0,2417.0,595.0,1462.0,1719.0,605.0,379.0,58.0,2112.0,166.0,34.0,5790.0,1553.0,7811.0,2025.0,502.0,588.0
15,2.0,4.0,1.0,7.0,5.0,1.0,6.0,1.0,4.0,5.0,1.0,0.0,5.0,3.0,4.0,9.0,0.0,12.0,1.0,2.0,1.0
151,1.0,4.0,2.0,3.0,2.0,5.0,7.0,5.0,17.0,2.0,2.0,3.0,3.0,2.0,0.0,21.0,3.0,34.0,18.0,3.0,5.0
153,0.0,1.0,2.0,7.0,1.0,2.0,16.0,10.0,2.0,4.0,1.0,3.0,3.0,1.0,1.0,8.0,6.0,16.0,4.0,5.0,3.0
17,0.0,6.0,0.0,8.0,2.0,2.0,5.0,1.0,15.0,1.0,1.0,3.0,1.0,2.0,0.0,10.0,2.0,48.0,3.0,1.0,2.0
171,567.0,2.0,16.0,119.0,6.0,23.0,6.0,13.0,18.0,12.0,735.0,0.0,31.0,74.0,8.0,78.0,1.0,76.0,30.0,7.0,28.0
175,1.0,0.0,0.0,2.0,0.0,3.0,1.0,6.0,3.0,0.0,0.0,0.0,0.0,0.0,0.0,4.0,2.0,5.0,2.0,2.0,0.0
180,5.0,1.0,0.0,1.0,0.0,20.0,6.0,15.0,13.0,8.0,2.0,2.0,1.0,0.0,0.0,204.0,4.0,14.0,12.0,10.0,10.0
180_2,0.0,3.0,0.0,25.0,4.0,11.0,5.0,14.0,4.0,8.0,3.0,14.0,1.0,1.0,0.0,24.0,15.0,18.0,16.0,13.0,11.0
185,7.0,1.0,7.0,11.0,0.0,2.0,2.0,1.0,2.0,0.0,6.0,0.0,9.0,8.0,3.0,11.0,1.0,8.0,4.0,3.0,3.0
187,0.0,0.0,3.0,1.0,0.0,1.0,1.0,1.0,1.0,0.0,0.0,0.0,1.0,1.0,0.0,2.0,0.0,6.0,5.0,5.0,3.0
188,3.0,11.0,7.0,27.0,1.0,1701.0,9.0,785.0,1492.0,599.0,0.0,38.0,32.0,3.0,1.0,9815.0,134.0,5449.0,1591.0,392.0,126.0
192,12.0,33.0,1.0,9.0,15.0,6.0,9.0,6.0,11.0,4.0,3.0,108.0,5.0,4.0,5.0,14.0,5.0,26.0,9.0,5.0,4.0
20,0.0,4.0,0.0,1.0,0.0,2.0,1.0,3.0,5.0,2.0,0.0,0.0,0.0,1.0,0.0,3.0,0.0,4.0,1.0,1.0,0.0
209,1.0,3.0,0.0,2.0,0.0,3.0,3.0,1.0,7.0,4.0,0.0,1.0,0.0,0.0,0.0,6.0,4.0,7.0,6.0,4.0,8.0
210,2.0,0.0,1.0,6.0,0.0,2.0,2.0,3.0,3.0,3.0,1.0,0.0,3.0,1.0,1.0,8.0,2.0,12.0,5.0,1.0,0.0
226,4.0,16.0,1.0,4.0,2.0,1.0,0.0,2.0,2.0,2.0,12.0,19.0,9.0,0.0,1.0,6.0,0.0,5.0,7.0,4.0,9.0
235,0.0,0.0,2.0,3.0,0.0,1.0,3.0,3.0,4.0,1.0,0.0,0.0,1.0,0.0,0.0,4.0,1.0,14.0,3.0,1.0,2.0
240,0.0,0.0,0.0,8.0,0.0,0.0,3.0,4.0,1.0,0.0,0.0,0.0,0.0,0.0,0.0,5.0,0.0,7.0,2.0,1.0,0.0
248,1.0,0.0,0.0,1.0,0.0,2.0,1.0,1.0,6.0,2.0,1.0,1.0,1.0,1.0,0.0,6.0,0.0,25.0,3.0,0.0,3.0
250,14.0,0.0,1.0,16.0,0.0,1.0,11.0,4.0,21.0,1.0,11.0,0.0,1.0,2.0,0.0,16.0,10.0,49.0,4.0,0.0,1.0
252,12.0,0.0,2.0,6.0,0.0,2.0,7.0,3.0,13.0,3.0,18.0,0.0,3.0,3.0,1.0,21.0,18.0,48.0,2.0,0.0,0.0
253,2.0,1.0,62.0,2572.0,0.0,145.0,6.0,48.0,73.0,20.0,5.0,0.0,3.0,414.0,1789.0,270.0,65.0,891.0,26.0,45.0,12.0
254,1.0,1.0,10.0,1.0,0.0,306.0,33.0,324.0,316.0,174.0,1.0,0.0,68.0,2.0,0.0,1787.0,251.0,950.0,777.0,120.0,61.0
257,2.0,3.0,0.0,2.0,0.0,2.0,5.0,9.0,13.0,4.0,4.0,0.0,0.0,0.0,1.0,19.0,2.0,49.0,4.0,1.0,16.0
258,117.0,0.0,153.0,31.0,1.0,866.0,244.0,325.0,522.0,156.0,182.0,1.0,191.0,28.0,1.0,4230.0,227.0,2160.0,415.0,103.0,129.0
27,2.0,0.0,3.0,6.0,6.0,1.0,0.0,0.0,4.0,2.0,1.0,0.0,1.0,3.0,1.0,4.0,2.0,24.0,3.0,1.0,1.0
270,0.0,0.0,0.0,0.0,0.0,0.0,9.0,0.0,0.0,0.0,0.0,0.0,0.0,0.0,0.0,2.0,11.0,8.0,1.0,0.0,0.0
271,1.0,1.0,1.0,2.0,0.0,3.0,4.0,6.0,6.0,4.0,1.0,5.0,0.0,0.0,0.0,9.0,7.0,8.0,9.0,4.0,8.0
272,16.0,0.0,0.0,86.0,1.0,8.0,8.0,16.0,24.0,17.0,22.0,0.0,3.0,5.0,1.0,207.0,9.0,110.0,36.0,4.0,6.0
277,2.0,0.0,0.0,7.0,1.0,2.0,5.0,0.0,5.0,0.0,2.0,0.0,0.0,1.0,0.0,7.0,4.0,13.0,1.0,0.0,2.0
286,1.0,1.0,2.0,4.0,3.0,2.0,0.0,2.0,5.0,3.0,3.0,0.0,5.0,4.0,1.0,5.0,1.0,8.0,3.0,1.0,0.0
289,3.0,2.0,0.0,2.0,1.0,331.0,25.0,189.0,245.0,105.0,0.0,0.0,1.0,0.0,0.0,1284.0,11.0,767.0,390.0,70.0,79.0
29,4.0,2.0,1.0,8.0,0.0,6.0,1.0,4.0,4.0,4.0,10.0,3.0,1.0,2.0,0.0,9.0,3.0,10.0,10.0,4.0,7.0
291,0.0,0.0,0.0,0.0,0.0,0.0,5.0,4.0,0.0,0.0,1.0,0.0,1.0,0.0,0.0,5.0,4.0,9.0,4.0,3.0,1.0
294,1.0,0.0,0.0,15.0,0.0,6.0,9.0,3.0,10.0,4.0,1.0,0.0,2.0,3.0,0.0,14.0,10.0,12.0,9.0,5.0,1.0
296,1.0,5.0,1.0,0.0,0.0,5.0,15.0,11.0,8.0,6.0,1.0,1.0,4.0,0.0,0.0,12.0,15.0,39.0,10.0,6.0,3.0
299,5.0,0.0,0.0,0.0,1.0,3.0,3.0,4.0,13.0,2.0,8.0,0.0,3.0,0.0,1.0,7.0,2.0,27.0,4.0,4.0,1.0
307,13.0,3.0,2.0,14.0,1.0,3.0,5.0,3.0,4.0,0.0,7.0,5.0,4.0,2.0,0.0,13.0,11.0,9.0,7.0,3.0,1.0
308,76.0,0.0,0.0,44.0,3.0,5.0,9.0,0.0,17.0,0.0,38.0,1.0,1.0,1.0,2.0,22.0,10.0,54.0,4.0,0.0,0.0
31,3.0,0.0,0.0,6.0,2.0,1.0,0.0,0.0,2.0,2.0,3.0,0.0,6.0,0.0,0.0,4.0,0.0,18.0,2.0,2.0,2.0
311,1.0,0.0,1.0,3.0,0.0,7.0,10.0,7.0,10.0,1.0,1.0,0.0,0.0,0.0,0.0,22.0,6.0,35.0,5.0,3.0,1.0
312,6.0,28.0,3.0,18.0,13.0,6.0,4.0,9.0,0.0,4.0,11.0,11.0,5.0,9.0,7.0,12.0,3.0,10.0,6.0,4.0,0.0
32,3.0,0.0,0.0,2.0,0.0,2.0,0.0,0.0,2.0,1.0,1.0,0.0,0.0,0.0,0.0,3.0,0.0,4.0,1.0,1.0,1.0
320,60.0,4.0,254.0,31.0,11.0,2057.0,30.0,1097.0,1578.0,897.0,86.0,0.0,430.0,31.0,1041.0,12489.0,139.0,6836.0,2246.0,613.0,171.0
323,0.0,0.0,0.0,46.0,0.0,1.0,6.0,5.0,0.0,0.0,0.0,0.0,0.0,0.0,1.0,3.0,0.0,10.0,0.0,1.0,0.0
325,0.0,3.0,1.0,2.0,0.0,9.0,9.0,11.0,2.0,3.0,0.0,0.0,4.0,0.0,0.0,7.0,3.0,10.0,4.0,10.0,2.0
33,0.0,1.0,0.0,8.0,0.0,0.0,0.0,1.0,2.0,2.0,0.0,0.0,0.0,1.0,0.0,1.0,0.0,1.0,5.0,0.0,1.0
335,3.0,1.0,8.0,29.0,0.0,5.0,6.0,11.0,5.0,5.0,77.0,1.0,6.0,1.0,0.0,5.0,2.0,9.0,7.0,3.0,5.0
336,7.0,1.0,1.0,3.0,0.0,1.0,6.0,2.0,4.0,1.0,5.0,1.0,8.0,2.0,1.0,8.0,0.0,15.0,3.0,1.0,3.0
337,0.0,6.0,11.0,3.0,1.0,404.0,35.0,356.0,334.0,218.0,1.0,6.0,7.0,0.0,0.0,1194.0,14.0,1332.0,277.0,197.0,57.0
339,5.0,3.0,2.0,4.0,1.0,6.0,0.0,12.0,3.0,4.0,5.0,6.0,14.0,2.0,1.0,4.0,8.0,15.0,5.0,3.0,4.0
347,9.0,0.0,1.0,1.0,0.0,5.0,4.0,3.0,5.0,0.0,3.0,0.0,1.0,1.0,0.0,9.0,4.0,15.0,1.0,2.0,1.0
348,16.0,1.0,0.0,94.0,4.0,1.0,13.0,3.0,10.0,0.0,19.0,2.0,2.0,7.0,0.0,7.0,13.0,9.0,5.0,1.0,5.0
350,3.0,3.0,1.0,12.0,2.0,4.0,4.0,2.0,8.0,0.0,6.0,1.0,5.0,2.0,1.0,7.0,0.0,23.0,7.0,1.0,9.0
354,1.0,1.0,1.0,1.0,0.0,1.0,2.0,7.0,6.0,3.0,1.0,0.0,3.0,0.0,0.0,10.0,2.0,13.0,5.0,1.0,0.0
358,4.0,2.0,1.0,3.0,0.0,0.0,13.0,1.0,6.0,3.0,5.0,0.0,2.0,3.0,2.0,2.0,1.0,15.0,4.0,1.0,2.0
359,5.0,1.0,1.0,4.0,1.0,0.0,18.0,2.0,2.0,3.0,1.0,1.0,0.0,2.0,0.0,9.0,4.0,10.0,2.0,2.0,0.0
36,2.0,0.0,0.0,3.0,0.0,0.0,0.0,0.0,0.0,0.0,1.0,0.0,0.0,0.0,0.0,0.0,1.0,1.0,0.0,0.0,0.0
364,0.0,2.0,0.0,12.0,0.0,1.0,7.0,2.0,3.0,1.0,0.0,1.0,2.0,1.0,0.0,13.0,6.0,6.0,2.0,2.0,1.0
375,16.0,5.0,3.0,10.0,4.0,6.0,4.0,8.0,9.0,3.0,13.0,1.0,12.0,4.0,6.0,14.0,4.0,23.0,6.0,4.0,2.0
383,14.0,6.0,6.0,6.0,3.0,1349.0,13.0,502.0,1090.0,456.0,16.0,2.0,2.0,2.0,0.0,7487.0,66.0,2147.0,908.0,270.0,42.0
385,33.0,5.0,1.0,36.0,1.0,3.0,17.0,2.0,18.0,3.0,22.0,6.0,3.0,4.0,1.0,15.0,11.0,27.0,3.0,0.0,0.0
392,4.0,14.0,0.0,2.0,2.0,3.0,11.0,3.0,13.0,2.0,1.0,5.0,0.0,0.0,1.0,14.0,4.0,24.0,12.0,3.0,9.0
397,0.0,3.0,1.0,1.0,1.0,2.0,1.0,4.0,6.0,1.0,2.0,0.0,0.0,1.0,0.0,16.0,4.0,16.0,5.0,1.0,1.0
399,5.0,80.0,4.0,8.0,4.0,19.0,74.0,14.0,21.0,11.0,3.0,24.0,10.0,3.0,0.0,30.0,85.0,30.0,21.0,19.0,8.0
40,4.0,0.0,1.0,1.0,3.0,0.0,1.0,1.0,0.0,0.0,4.0,0.0,7.0,9.0,0.0,4.0,0.0,0.0,2.0,0.0,1.0
400,48.0,0.0,35.0,46.0,39.0,62.0,384.0,36.0,58.0,25.0,39.0,0.0,116.0,49.0,29.0,391.0,1010.0,173.0,115.0,22.0,35.0
406,1.0,0.0,1.0,1.0,0.0,9.0,17.0,16.0,8.0,10.0,5.0,0.0,6.0,0.0,0.0,24.0,9.0,52.0,19.0,8.0,16.0
408,1.0,0.0,0.0,1.0,0.0,1.0,0.0,3.0,7.0,3.0,0.0,0.0,0.0,0.0,0.0,4.0,1.0,8.0,2.0,6.0,1.0
409,34766.0,20.0,1304.0,1419.0,42.0,2030.0,26106.0,596.0,2194.0,750.0,60305.0,10.0,1973.0,2465.0,127.0,13028.0,48665.0,2533.0,4020.0,486.0,219.0
40_2,2.0,0.0,1.0,43.0,0.0,1.0,0.0,2.0,2.0,1.0,0.0,6.0,2.0,7.0,0.0,1.0,3.0,7.0,1.0,0.0,1.0
412,1491.0,0.0,1346.0,250.0,0.0,615.0,1512.0,359.0,552.0,278.0,3194.0,113.0,1442.0,386.0,17.0,3670.0,755.0,1256.0,940.0,196.0,81.0
418,7.0,2.0,0.0,0.0,0.0,0.0,2.0,1.0,13.0,2.0,7.0,0.0,2.0,0.0,1.0,9.0,9.0,10.0,5.0,1.0,0.0
419,2.0,0.0,0.0,4.0,3.0,10.0,11.0,7.0,3.0,0.0,3.0,2.0,8.0,2.0,0.0,15.0,6.0,16.0,3.0,3.0,2.0
420,0.0,0.0,0.0,0.0,0.0,4.0,3.0,2.0,4.0,4.0,0.0,1.0,0.0,1.0,1.0,5.0,13.0,17.0,8.0,4.0,0.0
421,493.0,7.0,708.0,4569.0,4.0,547.0,1348.0,238.0,201.0,113.0,231.0,0.0,448.0,1470.0,30.0,1244.0,12.0,2546.0,371.0,153.0,31.0
426,3.0,5.0,3.0,69.0,2.0,5.0,7.0,4.0,6.0,4.0,4.0,0.0,7.0,2.0,0.0,22.0,1.0,23.0,7.0,6.0,2.0
43,0.0,0.0,0.0,0.0,0.0,0.0,0.0,1.0,1.0,0.0,0.0,0.0,0.0,0.0,0.0,1.0,1.0,1.0,0.0,0.0,1.0
431,0.0,0.0,1.0,5.0,0.0,5.0,5.0,4.0,5.0,7.0,0.0,0.0,1.0,0.0,0.0,6.0,2.0,8.0,8.0,4.0,2.0
433,9.0,1.0,3.0,16.0,1.0,60.0,34.0,48.0,70.0,15.0,6.0,0.0,11.0,4.0,5.0,361.0,3.0,330.0,59.0,12.0,65.0
434,5.0,0.0,1.0,9.0,6.0,9.0,2.0,8.0,6.0,6.0,4.0,1.0,21.0,2.0,1.0,7.0,2.0,15.0,9.0,12.0,0.0
437,88.0,1.0,17.0,162.0,6.0,12.0,16.0,6.0,53.0,3.0,57.0,4.0,25.0,25.0,11.0,32.0,20.0,63.0,11.0,4.0,6.0
438,6.0,0.0,3.0,6.0,0.0,330.0,1476.0,97.0,165.0,38.0,3.0,1.0,3.0,0.0,1.0,1512.0,1435.0,527.0,163.0,21.0,177.0
439,2.0,28.0,1.0,0.0,0.0,8.0,34.0,7.0,7.0,7.0,3.0,3.0,0.0,0.0,0.0,15.0,21.0,17.0,12.0,2.0,2.0
43_ref1,7.0,0.0,1.0,4.0,0.0,3.0,1275.0,7.0,41.0,4.0,5.0,0.0,0.0,2.0,0.0,22.0,2328.0,97.0,85.0,3.0,492.0
43_ref2,8.0,4.0,3.0,9.0,3.0,617.0,468.0,278.0,898.0,291.0,8.0,0.0,6.0,1.0,0.0,949.0,583.0,1757.0,869.0,276.0,688.0
442,11.0,6.0,5.0,38.0,6.0,9.0,8.0,4.0,27.0,1.0,14.0,0.0,9.0,13.0,4.0,21.0,4.0,63.0,10.0,7.0,1.0
444,0.0,1.0,0.0,3.0,1.0,2.0,0.0,2.0,5.0,0.0,1.0,0.0,2.0,0.0,0.0,5.0,1.0,10.0,1.0,0.0,0.0
446,0.0,0.0,1.0,20.0,0.0,4.0,5.0,7.0,7.0,6.0,0.0,2.0,1.0,0.0,0.0,13.0,3.0,8.0,6.0,6.0,1.0
45,1.0,0.0,3.0,5.0,1.0,11.0,7.0,9.0,23.0,0.0,2.0,3.0,4.0,1.0,0.0,16.0,7.0,59.0,10.0,7.0,1.0
450,1.0,6.0,0.0,9.0,0.0,5.0,5.0,6.0,1.0,5.0,0.0,1.0,2.0,0.0,0.0,8.0,2.0,8.0,5.0,2.0,3.0
452,0.0,2.0,0.0,12.0,3.0,0.0,1.0,4.0,3.0,1.0,1.0,0.0,0.0,0.0,0.0,3.0,2.0,6.0,6.0,2.0,5.0
458,2.0,1.0,0.0,1.0,0.0,4.0,4.0,13.0,11.0,13.0,3.0,0.0,0.0,1.0,0.0,23.0,4.0,21.0,17.0,7.0,7.0
459,1836.0,2.0,31.0,3.0,0.0,4.0,3.0,5.0,14.0,5.0,7600.0,4.0,5.0,423.0,1743.0,16.0,8.0,27.0,8.0,4.0,4.0
460,415.0,685.0,1763.0,6637.0,3.0,3776.0,554.0,1543.0,1017.0,515.0,672.0,987.0,2389.0,2575.0,4969.0,6928.0,2679.0,7699.0,1045.0,466.0,228.0
466,28.0,1.0,2.0,29.0,1.0,8.0,7.0,9.0,23.0,3.0,19.0,1.0,6.0,2.0,1.0,39.0,10.0,25.0,11.0,6.0,1.0
468,54.0,49.0,17.0,134.0,50.0,31.0,9.0,24.0,19.0,26.0,90.0,0.0,49.0,46.0,25.0,49.0,15.0,40.0,32.0,27.0,12.0
470,58.0,110.0,12.0,27.0,33.0,10.0,22.0,29.0,11.0,10.0,48.0,28.0,21.0,8.0,3.0,32.0,24.0,32.0,37.0,14.0,4.0
473,10.0,3.0,4.0,15.0,2.0,237.0,28.0,239.0,215.0,145.0,11.0,0.0,4.0,3.0,1.0,1054.0,8.0,756.0,402.0,122.0,93.0
475,20.0,7.0,69.0,22.0,4.0,2712.0,213.0,2658.0,1894.0,1005.0,17.0,2.0,80.0,9.0,2.0,5867.0,1448.0,16967.0,2121.0,529.0,675.0
476,4.0,18.0,15.0,30.0,3.0,3265.0,432.0,2640.0,3192.0,1198.0,1.0,0.0,38.0,0.0,1.0,12232.0,116.0,15596.0,4047.0,776.0,1149.0
48,3.0,3.0,1.0,14.0,11.0,5.0,8.0,1.0,7.0,1.0,2.0,3.0,5.0,2.0,0.0,5.0,12.0,26.0,4.0,3.0,5.0
485,3.0,3.0,1.0,4.0,2.0,4.0,0.0,5.0,14.0,0.0,4.0,9.0,7.0,1.0,0.0,7.0,0.0,27.0,1.0,3.0,0.0
486,7.0,7.0,6.0,4.0,2.0,6.0,9.0,4.0,25.0,6.0,6.0,2.0,44.0,5.0,1.0,14.0,4.0,53.0,10.0,4.0,4.0
491,17.0,5.0,10.0,22.0,10.0,14.0,11.0,17.0,27.0,5.0,5.0,3.0,44.0,6.0,9.0,35.0,1.0,83.0,18.0,9.0,6.0
493,25.0,6.0,23.0,114.0,3.0,23.0,14.0,7.0,17.0,13.0,13.0,3.0,13.0,8.0,1.0,10.0,6.0,103.0,18.0,10.0,6.0
495,5.0,2.0,1.0,3.0,3.0,1028.0,120.0,363.0,606.0,260.0,1.0,0.0,10.0,4.0,0.0,3142.0,5.0,2558.0,1022.0,189.0,90.0
50,18.0,6.0,2.0,43.0,15.0,5.0,2.0,8.0,15.0,2.0,12.0,9.0,11.0,5.0,8.0,15.0,2.0,44.0,8.0,0.0,1.0
503,8.0,2.0,0.0,2.0,1.0,4.0,8.0,7.0,11.0,4.0,10.0,0.0,0.0,2.0,0.0,11.0,1.0,14.0,13.0,1.0,13.0
507,1.0,1.0,2.0,1.0,0.0,144.0,274.0,26.0,74.0,33.0,0.0,0.0,0.0,0.0,0.0,293.0,272.0,359.0,94.0,20.0,83.0
508,4.0,14.0,4.0,5.0,1.0,6.0,5.0,13.0,12.0,8.0,5.0,1.0,8.0,3.0,0.0,24.0,12.0,25.0,23.0,14.0,4.0
52,5.0,2.0,2.0,2.0,0.0,3.0,5.0,1.0,4.0,6.0,7.0,1.0,3.0,3.0,0.0,18.0,2.0,28.0,6.0,3.0,2.0
520,16.0,0.0,1.0,8.0,3.0,5.0,1.0,6.0,6.0,3.0,18.0,1.0,5.0,1.0,1.0,1.0,2.0,9.0,9.0,8.0,0.0
521,58.0,1.0,5.0,7.0,1.0,25.0,12.0,36.0,45.0,21.0,55.0,1.0,9.0,11.0,5.0,64.0,10.0,201.0,35.0,16.0,39.0
522,24.0,1.0,6.0,17.0,7.0,11.0,10.0,24.0,14.0,10.0,21.0,0.0,10.0,8.0,2.0,25.0,7.0,63.0,14.0,11.0,9.0
523,39241.0,492.0,3230.0,5482.0,75.0,1677.0,598.0,1233.0,1186.0,674.0,53505.0,655.0,2081.0,7742.0,7059.0,4886.0,1128.0,6080.0,1852.0,414.0,320.0
524,3084.0,231.0,163.0,113.0,6.0,935.0,992.0,160.0,1654.0,96.0,7525.0,135.0,590.0,249.0,7.0,4874.0,16.0,3006.0,595.0,44.0,111.0
525,357.0,2.0,253.0,91.0,68.0,68.0,233.0,59.0,63.0,16.0,600.0,140.0,134.0,71.0,13.0,176.0,252.0,405.0,95.0,35.0,34.0
531,2.0,3.0,1.0,3.0,3.0,2.0,3.0,1.0,3.0,0.0,3.0,2.0,1.0,3.0,0.0,10.0,1.0,4.0,0.0,2.0,0.0
532,12.0,3.0,0.0,25.0,2.0,0.0,4.0,4.0,16.0,3.0,6.0,4.0,3.0,2.0,0.0,8.0,2.0,22.0,2.0,2.0,0.0
535,101.0,140.0,15.0,80.0,38.0,34.0,75.0,44.0,22.0,22.0,89.0,88.0,24.0,16.0,22.0,107.0,48.0,42.0,50.0,32.0,6.0
538,657.0,13.0,1006.0,324.0,8.0,803.0,175.0,590.0,531.0,184.0,657.0,13.0,1640.0,154.0,16.0,3834.0,166.0,3388.0,587.0,225.0,88.0
539,3994.0,62.0,29.0,39.0,32.0,22.0,19.0,30.0,27.0,27.0,69.0,58.0,89.0,19.0,7.0,45.0,14.0,77.0,17.0,28.0,13.0
540,8803.0,386.0,1091.0,10012.0,238.0,1510.0,1773.0,777.0,1110.0,293.0,13076.0,468.0,1777.0,8944.0,2603.0,3642.0,1586.0,6625.0,664.0,230.0,420.0
541,3.0,1.0,18.0,10.0,2.0,1574.0,144.0,673.0,1144.0,445.0,1.0,0.0,27.0,1.0,1.0,4162.0,589.0,6835.0,933.0,350.0,104.0
543,1.0,0.0,2.0,2.0,0.0,21.0,2.0,21.0,17.0,12.0,0.0,1.0,2.0,1.0,0.0,177.0,5.0,88.0,35.0,6.0,44.0
545,12.0,352.0,0.0,60.0,5.0,7.0,20.0,5.0,16.0,4.0,13.0,330.0,13.0,11.0,4.0,11.0,17.0,21.0,14.0,8.0,2.0
546,0.0,4.0,1.0,0.0,1.0,251.0,13.0,110.0,81.0,64.0,3.0,3.0,7.0,2.0,0.0,785.0,10.0,1375.0,241.0,41.0,46.0
557,19.0,2.0,5.0,28.0,16.0,5.0,7.0,10.0,14.0,3.0,13.0,4.0,6.0,6.0,5.0,13.0,2.0,28.0,23.0,3.0,1.0
559,3.0,6.0,4.0,13.0,5.0,6.0,3.0,8.0,28.0,3.0,2.0,1.0,10.0,1.0,0.0,20.0,7.0,62.0,9.0,6.0,3.0
564,26.0,21.0,4.0,27.0,2.0,11.0,17.0,15.0,24.0,5.0,16.0,19.0,8.0,15.0,3.0,35.0,7.0,93.0,14.0,4.0,0.0
567,19.0,28.0,13.0,9.0,8.0,13.0,7.0,35.0,33.0,17.0,12.0,15.0,44.0,5.0,6.0,41.0,6.0,124.0,27.0,23.0,4.0
57,1.0,0.0,1.0,2.0,0.0,164.0,12.0,82.0,110.0,45.0,1.0,0.0,1.0,0.0,0.0,318.0,10.0,347.0,135.0,54.0,45.0
571,7.0,111.0,1.0,11.0,7.0,2.0,7.0,3.0,11.0,2.0,11.0,2.0,24.0,9.0,4.0,19.0,6.0,23.0,8.0,6.0,2.0
574,0.0,0.0,1.0,3.0,0.0,6.0,2.0,7.0,11.0,2.0,4.0,1.0,1.0,1.0,0.0,12.0,2.0,27.0,4.0,1.0,0.0
576,0.0,13.0,1.0,3.0,1.0,4.0,3.0,6.0,7.0,2.0,1.0,1.0,2.0,0.0,0.0,9.0,5.0,12.0,5.0,6.0,1.0
578,6630.0,774.0,2436.0,3137.0,83.0,2031.0,1990.0,824.0,2661.0,581.0,10934.0,5020.0,3304.0,3996.0,218.0,10105.0,1049.0,5103.0,3332.0,332.0,317.0
58,4.0,0.0,0.0,3.0,3.0,3.0,14.0,9.0,34.0,6.0,4.0,1.0,2.0,1.0,1.0,68.0,3.0,77.0,44.0,3.0,69.0
581,2.0,3.0,0.0,1.0,2.0,8.0,6.0,8.0,7.0,8.0,2.0,12.0,2.0,0.0,0.0,15.0,1.0,20.0,10.0,10.0,1.0
586,16.0,20.0,6.0,26.0,11.0,26.0,191.0,17.0,20.0,14.0,16.0,19.0,10.0,7.0,3.0,80.0,3.0,101.0,20.0,17.0,12.0
588,9.0,6.0,14.0,7.0,5.0,7.0,7.0,12.0,19.0,5.0,1.0,2.0,15.0,1.0,0.0,24.0,1.0,38.0,21.0,9.0,3.0
589,56.0,21.0,0.0,18.0,0.0,308.0,186.0,194.0,278.0,115.0,47.0,17.0,13.0,2.0,0.0,1248.0,260.0,800.0,361.0,87.0,65.0
590,7.0,1.0,4.0,11.0,5.0,12.0,13.0,22.0,20.0,7.0,9.0,0.0,10.0,6.0,0.0,23.0,4.0,47.0,14.0,9.0,2.0
596,8.0,1.0,1.0,19.0,1.0,14.0,11.0,21.0,18.0,92.0,10.0,1.0,2.0,2.0,1.0,45.0,13.0,70.0,36.0,21.0,14.0
598,201.0,23.0,102.0,49.0,11.0,115.0,389.0,53.0,109.0,27.0,21.0,4.0,69.0,113.0,6.0,400.0,402.0,107.0,70.0,29.0,25.0
599,2035.0,5.0,563.0,729.0,62.0,690.0,24.0,452.0,392.0,182.0,5104.0,16.0,833.0,1456.0,720.0,1416.0,54.0,3091.0,517.0,144.0,103.0
599_ref1,3425.0,0.0,1534.0,637.0,0.0,3108.0,236.0,2061.0,1799.0,1012.0,5800.0,1.0,3163.0,333.0,252.0,6703.0,494.0,14584.0,1604.0,737.0,721.0
599_ref2,1603.0,0.0,426.0,89.0,0.0,1564.0,89.0,938.0,837.0,674.0,2172.0,0.0,833.0,212.0,30.0,4166.0,318.0,6597.0,1431.0,728.0,608.0
6,3.0,3.0,2.0,2.0,2.0,12.0,4.0,10.0,18.0,8.0,2.0,4.0,10.0,1.0,0.0,14.0,4.0,71.0,13.0,2.0,1.0
60,23.0,0.0,1.0,16.0,7.0,10.0,5.0,11.0,8.0,8.0,11.0,1.0,9.0,6.0,1.0,21.0,9.0,23.0,29.0,10.0,13.0
61,2.0,0.0,0.0,0.0,1.0,1.0,1.0,1.0,0.0,1.0,2.0,1.0,0.0,0.0,0.0,3.0,0.0,5.0,1.0,1.0,0.0
611,13.0,9.0,2.0,4.0,1.0,7.0,22.0,7.0,17.0,3.0,13.0,4.0,7.0,1.0,0.0,20.0,6.0,18.0,9.0,7.0,5.0
616,12.0,28.0,4.0,25.0,8.0,8.0,29.0,7.0,11.0,10.0,13.0,7.0,14.0,10.0,5.0,18.0,10.0,23.0,12.0,7.0,7.0
619,22.0,8.0,4.0,10.0,2.0,9.0,10.0,5.0,19.0,5.0,34.0,2.0,5.0,2.0,1.0,23.0,19.0,22.0,17.0,5.0,1.0
622,17.0,1.0,4.0,12.0,8.0,98.0,32.0,72.0,85.0,33.0,23.0,1.0,24.0,3.0,1.0,406.0,6.0,156.0,64.0,29.0,22.0
627,7.0,2.0,2.0,9.0,4.0,8.0,17.0,8.0,10.0,9.0,5.0,3.0,4.0,7.0,6.0,17.0,5.0,27.0,9.0,6.0,2.0
631,28.0,3.0,12.0,67.0,17.0,39.0,50.0,48.0,31.0,23.0,26.0,1.0,50.0,11.0,8.0,108.0,48.0,75.0,48.0,35.0,24.0
632,85.0,10.0,25.0,280.0,43.0,33.0,17.0,64.0,91.0,30.0,79.0,3.0,52.0,67.0,17.0,120.0,12.0,286.0,67.0,40.0,14.0
636,7.0,2.0,4.0,15.0,4.0,17.0,6.0,24.0,20.0,5.0,3.0,0.0,7.0,3.0,0.0,40.0,4.0,81.0,12.0,21.0,11.0
638,2.0,0.0,1.0,5.0,0.0,1.0,2.0,3.0,3.0,3.0,5.0,2.0,1.0,0.0,1.0,4.0,2.0,7.0,1.0,0.0,3.0
639,43.0,15.0,16.0,43.0,33.0,15.0,5.0,7.0,26.0,13.0,32.0,5.0,14.0,20.0,7.0,23.0,3.0,66.0,17.0,10.0,2.0
64,8.0,3.0,3.0,9.0,3.0,7.0,16.0,5.0,6.0,8.0,4.0,14.0,18.0,7.0,2.0,18.0,5.0,22.0,9.0,7.0,1.0
640,4.0,3.0,4.0,7.0,7.0,13.0,8.0,4.0,13.0,8.0,5.0,1.0,14.0,1.0,0.0,20.0,5.0,34.0,9.0,3.0,9.0
642,35.0,33.0,13.0,84.0,18.0,14.0,38.0,9.0,20.0,7.0,32.0,5.0,47.0,36.0,13.0,34.0,7.0,37.0,20.0,15.0,15.0
648,3505.0,391.0,156.0,103.0,36.0,294.0,22.0,135.0,143.0,100.0,7582.0,4524.0,294.0,254.0,14.0,907.0,21.0,435.0,184.0,50.0,68.0
649,147.0,18.0,98.0,262.0,190.0,57.0,37.0,53.0,68.0,34.0,144.0,8.0,258.0,105.0,47.0,96.0,10.0,116.0,72.0,48.0,19.0
65,3.0,5.0,2.0,37.0,9.0,3.0,2.0,2.0,3.0,0.0,8.0,18.0,2.0,7.0,3.0,7.0,2.0,24.0,3.0,2.0,2.0
651,7.0,8.0,5.0,12.0,11.0,9.0,4.0,20.0,15.0,9.0,14.0,1.0,25.0,11.0,4.0,22.0,4.0,30.0,12.0,13.0,5.0
652,33.0,19.0,13.0,105.0,10.0,17.0,24.0,18.0,43.0,16.0,44.0,13.0,78.0,32.0,10.0,42.0,23.0,105.0,41.0,14.0,22.0
653,99.0,75.0,19.0,38.0,7.0,31.0,12.0,42.0,33.0,24.0,11.0,24.0,20.0,28.0,6.0,97.0,36.0,192.0,58.0,19.0,27.0
657,47.0,57.0,20.0,55.0,18.0,37.0,23.0,72.0,68.0,37.0,38.0,36.0,38.0,15.0,10.0,104.0,15.0,162.0,76.0,46.0,26.0
658,10.0,16.0,6.0,20.0,8.0,8.0,5.0,3.0,15.0,3.0,104.0,3.0,7.0,2.0,4.0,18.0,4.0,29.0,3.0,1.0,1.0
66,0.0,4.0,1.0,7.0,0.0,38.0,10.0,42.0,131.0,24.0,0.0,3.0,1.0,0.0,1.0,177.0,192.0,483.0,69.0,12.0,31.0
660,8.0,7.0,2.0,9.0,5.0,3.0,18.0,6.0,6.0,3.0,15.0,2.0,4.0,1.0,3.0,15.0,1.0,17.0,7.0,4.0,5.0
666,190.0,231.0,14.0,45.0,8.0,12.0,14.0,22.0,49.0,2.0,289.0,102.0,45.0,56.0,7.0,70.0,13.0,222.0,30.0,8.0,13.0
667,47.0,41.0,94.0,435.0,10.0,93.0,163.0,26.0,85.0,20.0,13.0,13.0,238.0,437.0,193.0,238.0,9.0,257.0,94.0,46.0,9.0
668,8.0,3.0,2.0,12.0,2.0,9.0,10.0,8.0,13.0,6.0,5.0,4.0,2.0,2.0,2.0,15.0,2.0,10.0,12.0,2.0,3.0
673,4957.0,75.0,5073.0,3151.0,419.0,4622.0,207.0,4299.0,2886.0,2142.0,5595.0,33.0,4911.0,2293.0,701.0,16651.0,133.0,11048.0,2810.0,1947.0,1198.0
674,786.0,507.0,922.0,61.0,16.0,411.0,51.0,223.0,241.0,128.0,3082.0,498.0,842.0,82.0,12.0,1406.0,16.0,863.0,224.0,112.0,28.0
676,1708.0,25.0,689.0,322.0,12.0,2986.0,319.0,1044.0,2718.0,845.0,2100.0,12.0,1001.0,204.0,31.0,19191.0,899.0,7513.0,3085.0,618.0,302.0
677,1.0,0.0,0.0,1.0,0.0,8.0,10.0,14.0,30.0,16.0,2.0,0.0,1.0,0.0,0.0,40.0,5.0,67.0,14.0,4.0,7.0
683,1.0,1.0,0.0,1.0,2.0,39.0,6.0,8.0,78.0,17.0,2.0,0.0,2.0,0.0,0.0,127.0,8.0,177.0,85.0,9.0,38.0
685,4.0,2.0,5.0,1.0,0.0,122.0,54.0,98.0,60.0,22.0,3.0,0.0,7.0,0.0,0.0,504.0,17.0,389.0,55.0,32.0,72.0
689,9.0,89.0,0.0,12.0,4.0,4.0,12.0,7.0,23.0,2.0,10.0,74.0,9.0,3.0,2.0,16.0,2.0,41.0,6.0,4.0,3.0
690,648.0,354.0,428.0,26.0,3.0,326.0,17.0,71.0,217.0,31.0,2166.0,764.0,777.0,55.0,8.0,1681.0,12.0,672.0,74.0,23.0,29.0
692,0.0,1.0,0.0,2.0,0.0,261.0,39.0,97.0,163.0,21.0,0.0,1.0,4.0,0.0,0.0,535.0,155.0,774.0,120.0,27.0,70.0
693,11.0,7.0,10.0,50.0,7.0,240.0,97.0,187.0,294.0,86.0,4.0,3.0,20.0,11.0,4.0,1222.0,295.0,761.0,343.0,89.0,117.0
695,40.0,10.0,223.0,65.0,14.0,228.0,22.0,247.0,274.0,120.0,86.0,2.0,343.0,45.0,583.0,812.0,15.0,2163.0,227.0,78.0,15.0
697,5.0,1.0,1.0,82.0,2.0,14.0,12.0,19.0,31.0,11.0,0.0,0.0,4.0,3.0,3.0,21.0,10.0,113.0,12.0,10.0,9.0
7,11.0,4.0,38.0,13.0,2.0,29.0,8.0,19.0,24.0,24.0,4.0,0.0,19.0,8.0,4.0,112.0,2.0,105.0,34.0,12.0,10.0
701,0.0,9.0,1.0,2.0,0.0,328.0,25.0,307.0,169.0,136.0,1.0,3.0,2.0,3.0,0.0,1446.0,15.0,1276.0,352.0,96.0,36.0
702,9.0,21.0,26.0,6.0,2.0,100.0,18.0,115.0,110.0,68.0,5.0,2.0,144.0,1.0,0.0,249.0,20.0,259.0,184.0,41.0,39.0
703,6.0,1.0,1.0,6.0,2.0,2.0,3.0,2.0,3.0,0.0,3.0,0.0,2.0,1.0,1.0,4.0,7.0,10.0,6.0,4.0,2.0
705,1.0,0.0,1.0,1.0,1.0,14.0,6.0,15.0,18.0,8.0,0.0,0.0,1.0,0.0,0.0,23.0,13.0,45.0,16.0,9.0,16.0
709,8.0,12.0,3.0,21.0,3.0,295.0,20.0,205.0,278.0,90.0,6.0,2.0,21.0,8.0,3.0,1322.0,13.0,670.0,395.0,73.0,98.0
711,2.0,0.0,2.0,10.0,0.0,1.0,3.0,0.0,2.0,0.0,2.0,0.0,0.0,4.0,1.0,3.0,2.0,8.0,0.0,0.0,0.0
713,94.0,11.0,112.0,49.0,12.0,58.0,0.0,37.0,76.0,28.0,212.0,1.0,117.0,39.0,4.0,222.0,116.0,356.0,62.0,11.0,72.0
715,2.0,1.0,0.0,1.0,0.0,0.0,3.0,5.0,8.0,1.0,3.0,0.0,1.0,1.0,0.0,2.0,2.0,7.0,3.0,4.0,3.0
717,6511.0,25.0,2013.0,12408.0,23.0,505.0,313.0,116.0,350.0,77.0,7458.0,11.0,2876.0,13017.0,2906.0,1206.0,228.0,1092.0,364.0,76.0,188.0
721,1.0,9.0,2.0,30.0,13.0,7.0,20.0,15.0,15.0,10.0,4.0,0.0,5.0,4.0,1.0,15.0,58.0,37.0,11.0,6.0,9.0
724,35.0,4.0,8.0,82.0,7.0,11.0,14.0,9.0,10.0,12.0,32.0,0.0,13.0,9.0,12.0,112.0,5.0,33.0,38.0,10.0,6.0
727,876.0,5.0,3147.0,1505.0,15.0,914.0,6.0,722.0,396.0,353.0,2413.0,3.0,2562.0,856.0,92.0,1696.0,30.0,3581.0,630.0,366.0,155.0
729,116.0,83.0,56.0,127.0,46.0,81.0,25.0,81.0,52.0,31.0,53.0,54.0,172.0,182.0,20.0,332.0,23.0,130.0,90.0,36.0,20.0
731,34.0,7.0,57.0,49.0,8.0,4344.0,3038.0,3611.0,3949.0,1809.0,19.0,2.0,184.0,24.0,4.0,6822.0,4992.0,16405.0,3810.0,1391.0,985.0
732,5.0,5.0,13.0,1.0,0.0,21.0,17.0,29.0,21.0,29.0,5.0,1.0,9.0,2.0,0.0,26.0,14.0,72.0,29.0,41.0,5.0
734,73.0,8.0,2.0,80.0,71.0,7.0,18.0,33.0,41.0,8.0,70.0,3.0,9.0,41.0,23.0,24.0,5.0,91.0,23.0,13.0,12.0
735,1.0,0.0,1.0,1.0,0.0,8.0,8.0,14.0,31.0,2.0,1.0,60.0,0.0,0.0,0.0,22.0,16.0,49.0,15.0,16.0,7.0
738,1.0,39.0,3.0,3.0,1.0,6.0,6.0,9.0,2.0,5.0,4.0,49.0,1.0,0.0,0.0,9.0,31.0,11.0,14.0,8.0,3.0
739,12.0,4.0,8.0,8.0,0.0,1432.0,204.0,501.0,1607.0,260.0,37.0,2.0,16.0,1.0,0.0,3904.0,606.0,4877.0,1081.0,211.0,1138.0
740,8.0,5.0,13.0,23.0,4.0,18.0,27.0,30.0,60.0,15.0,13.0,1.0,30.0,7.0,6.0,37.0,24.0,133.0,29.0,21.0,3.0
741,26.0,7.0,10.0,87.0,35.0,5.0,4.0,8.0,10.0,4.0,18.0,2.0,21.0,17.0,6.0,13.0,11.0,30.0,10.0,12.0,1.0
742,58.0,9.0,98.0,260.0,42.0,270.0,124.0,214.0,481.0,101.0,75.0,7.0,417.0,51.0,37.0,836.0,222.0,2015.0,493.0,162.0,85.0
748,4.0,5.0,0.0,5.0,1.0,136.0,4.0,72.0,188.0,30.0,1.0,5.0,1.0,2.0,2.0,203.0,12.0,572.0,182.0,27.0,73.0
749,2.0,2.0,3.0,2.0,3.0,466.0,6.0,144.0,280.0,102.0,0.0,2.0,5.0,0.0,0.0,2283.0,8.0,901.0,190.0,57.0,32.0
754,1.0,1.0,14.0,0.0,0.0,117.0,2.0,58.0,222.0,30.0,0.0,1.0,104.0,0.0,1.0,621.0,8.0,419.0,69.0,28.0,41.0
755,2.0,0.0,0.0,8.0,0.0,5.0,4.0,5.0,6.0,2.0,0.0,0.0,0.0,1.0,0.0,7.0,5.0,15.0,5.0,4.0,2.0
756,5369.0,810.0,1608.0,17551.0,29.0,188.0,2467.0,116.0,186.0,70.0,645.0,33.0,472.0,10110.0,18903.0,301.0,24.0,1022.0,132.0,67.0,107.0
760,127.0,57.0,76.0,99.0,57.0,31.0,11.0,38.0,29.0,20.0,76.0,65.0,272.0,38.0,22.0,101.0,26.0,95.0,39.0,29.0,11.0
77,1.0,5.0,0.0,6.0,1.0,6.0,4.0,7.0,4.0,1.0,3.0,6.0,5.0,0.0,1.0,7.0,1.0,6.0,4.0,2.0,4.0
772,6.0,40.0,0.0,8.0,2.0,7.0,14.0,5.0,27.0,4.0,5.0,33.0,5.0,1.0,0.0,17.0,8.0,41.0,8.0,9.0,3.0
775,1.0,7.0,7.0,5.0,1.0,15.0,30.0,21.0,32.0,10.0,3.0,8.0,8.0,3.0,0.0,60.0,52.0,82.0,30.0,18.0,15.0
778,15.0,1.0,2.0,17.0,10.0,23.0,12.0,31.0,38.0,25.0,16.0,0.0,26.0,9.0,4.0,58.0,36.0,59.0,28.0,9.0,10.0
78,1.0,0.0,0.0,0.0,0.0,1.0,1.0,2.0,1.0,1.0,0.0,0.0,3.0,0.0,0.0,1.0,0.0,3.0,1.0,0.0,0.0
782,0.0,3.0,1.0,2.0,1.0,5.0,14.0,20.0,20.0,15.0,0.0,2.0,4.0,1.0,0.0,25.0,9.0,62.0,13.0,11.0,7.0
783,2626.0,265.0,1407.0,980.0,20.0,2172.0,175.0,398.0,2016.0,259.0,3340.0,4558.0,3575.0,1439.0,63.0,5195.0,765.0,5397.0,721.0,232.0,149.0
784,1.0,17.0,0.0,3.0,0.0,3.0,5.0,13.0,14.0,1.0,5.0,17.0,3.0,2.0,1.0,13.0,5.0,40.0,5.0,5.0,2.0
789,0.0,5.0,2.0,1.0,0.0,8.0,4.0,11.0,14.0,4.0,0.0,6.0,4.0,1.0,2.0,23.0,15.0,29.0,12.0,10.0,13.0
790,12.0,17.0,12.0,57.0,15.0,32.0,39.0,51.0,65.0,17.0,15.0,7.0,36.0,23.0,1.0,83.0,32.0,222.0,50.0,12.0,35.0
791,38.0,65.0,14.0,171.0,39.0,20.0,17.0,17.0,31.0,8.0,27.0,26.0,13.0,40.0,18.0,58.0,19.0,120.0,20.0,10.0,17.0
795,45.0,43.0,88.0,94.0,39.0,3443.0,891.0,1912.0,2129.0,1022.0,44.0,7.0,140.0,36.0,11.0,11365.0,228.0,12336.0,1863.0,921.0,261.0
796,1.0,16.0,3.0,4.0,0.0,199.0,695.0,399.0,871.0,424.0,7.0,1.0,16.0,2.0,0.0,887.0,608.0,1749.0,1032.0,290.0,141.0
797,7.0,5.0,1.0,3.0,2.0,5.0,13.0,3.0,8.0,5.0,6.0,1.0,3.0,1.0,1.0,16.0,10.0,21.0,7.0,6.0,1.0
798,2.0,13.0,6.0,12.0,0.0,74.0,153.0,87.0,72.0,74.0,8.0,6.0,9.0,2.0,0.0,303.0,206.0,116.0,115.0,58.0,35.0
800,3.0,1.0,0.0,0.0,0.0,5.0,22.0,8.0,25.0,3.0,3.0,3.0,0.0,0.0,0.0,9.0,48.0,22.0,9.0,2.0,2.0
801,83.0,86.0,55.0,18.0,2.0,22.0,127.0,10.0,38.0,9.0,345.0,946.0,67.0,15.0,6.0,35.0,71.0,75.0,88.0,6.0,86.0
803,1.0,1.0,2.0,2.0,0.0,5.0,6.0,6.0,13.0,5.0,1.0,1.0,4.0,0.0,0.0,8.0,15.0,38.0,7.0,7.0,2.0
804,1315.0,22.0,772.0,182.0,4.0,605.0,1416.0,164.0,401.0,132.0,2583.0,410.0,1298.0,350.0,12.0,3537.0,802.0,1218.0,452.0,69.0,98.0
805,6.0,8.0,4.0,6.0,0.0,6.0,10.0,6.0,9.0,9.0,8.0,18.0,20.0,6.0,0.0,9.0,10.0,20.0,7.0,5.0,1.0
807,1.0,0.0,1.0,2.0,0.0,2.0,5.0,7.0,13.0,3.0,2.0,2.0,2.0,0.0,0.0,8.0,6.0,15.0,4.0,3.0,1.0
808,47.0,12.0,5.0,44.0,2.0,14.0,40.0,5.0,33.0,9.0,62.0,2.0,20.0,13.0,4.0,33.0,60.0,36.0,17.0,5.0,2.0
809,36.0,4.0,8.0,75.0,50.0,11.0,11.0,15.0,10.0,4.0,29.0,4.0,48.0,27.0,22.0,26.0,15.0,43.0,22.0,20.0,4.0
81,3.0,6.0,2.0,7.0,1.0,2.0,3.0,7.0,0.0,1.0,1.0,3.0,2.0,3.0,0.0,6.0,2.0,8.0,3.0,3.0,1.0
811,2204.0,988.0,696.0,1130.0,10.0,280.0,32.0,114.0,392.0,112.0,6610.0,3.0,1237.0,598.0,95.0,1752.0,202.0,1047.0,497.0,76.0,59.0
812,2.0,6.0,0.0,8.0,0.0,5.0,10.0,6.0,8.0,9.0,1.0,0.0,0.0,0.0,0.0,29.0,4.0,38.0,18.0,6.0,5.0
813,19.0,34.0,22.0,87.0,17.0,35.0,37.0,28.0,71.0,28.0,22.0,8.0,35.0,28.0,10.0,75.0,28.0,129.0,45.0,34.0,9.0
819,1.0,11.0,4.0,6.0,2.0,614.0,93.0,105.0,285.0,84.0,2.0,4.0,13.0,3.0,0.0,1449.0,30.0,1027.0,322.0,67.0,31.0
821,1.0,0.0,0.0,0.0,1.0,4.0,17.0,12.0,11.0,9.0,0.0,0.0,4.0,1.0,0.0,20.0,8.0,18.0,11.0,8.0,8.0
823,18.0,9.0,14.0,37.0,12.0,29.0,27.0,41.0,78.0,11.0,16.0,4.0,13.0,14.0,5.0,39.0,36.0,144.0,44.0,21.0,5.0
830,0.0,5.0,0.0,4.0,0.0,2.0,4.0,2.0,3.0,0.0,0.0,0.0,1.0,0.0,0.0,3.0,3.0,13.0,1.0,6.0,1.0
833,13.0,18.0,4.0,44.0,6.0,22.0,11.0,21.0,42.0,4.0,19.0,6.0,16.0,12.0,3.0,26.0,9.0,75.0,36.0,16.0,6.0
835,298.0,15.0,175.0,98.0,1.0,234.0,3.0,32.0,127.0,13.0,478.0,1.0,390.0,85.0,12.0,460.0,7.0,616.0,45.0,14.0,127.0
837,33.0,7.0,11.0,160.0,12.0,10.0,26.0,24.0,18.0,7.0,23.0,2.0,20.0,21.0,2.0,27.0,12.0,62.0,13.0,17.0,7.0
838,13026.0,1056.0,14579.0,27473.0,2369.0,6413.0,802.0,1934.0,4540.0,1156.0,21520.0,379.0,27938.0,31530.0,6281.0,9276.0,832.0,14418.0,3293.0,1197.0,856.0
839,7.0,23.0,4.0,43.0,6.0,13.0,9.0,12.0,16.0,13.0,9.0,1.0,28.0,10.0,2.0,22.0,8.0,49.0,14.0,11.0,1.0
841,9.0,305.0,27.0,20.0,2.0,15.0,21.0,4.0,20.0,3.0,7.0,290.0,25.0,6.0,3.0,38.0,4.0,51.0,16.0,3.0,9.0
842,39.0,306.0,10.0,62.0,19.0,25.0,40.0,17.0,22.0,15.0,20.0,136.0,42.0,32.0,16.0,33.0,32.0,40.0,28.0,10.0,12.0
843,15.0,78.0,7.0,18.0,3.0,1517.0,878.0,1224.0,1316.0,646.0,8.0,31.0,15.0,7.0,0.0,5095.0,288.0,3100.0,1628.0,440.0,394.0
848,0.0,10.0,1.0,3.0,0.0,4.0,3.0,5.0,16.0,5.0,0.0,2.0,5.0,0.0,2.0,15.0,5.0,47.0,11.0,4.0,3.0
850,3.0,24.0,3.0,2.0,4.0,1256.0,1607.0,493.0,990.0,277.0,4.0,12.0,10.0,4.0,1.0,3345.0,2141.0,3964.0,1340.0,250.0,134.0
853,49.0,40.0,16.0,30.0,17.0,32.0,88.0,65.0,65.0,27.0,27.0,37.0,30.0,17.0,7.0,85.0,91.0,95.0,59.0,39.0,34.0
854,0.0,5.0,1.0,7.0,0.0,5.0,15.0,6.0,10.0,5.0,1.0,8.0,2.0,1.0,0.0,13.0,26.0,40.0,12.0,5.0,8.0
857,9.0,105.0,7.0,16.0,1.0,106.0,153.0,205.0,124.0,111.0,121.0,12.0,23.0,4.0,1.0,182.0,201.0,270.0,203.0,165.0,182.0
859,5.0,38.0,5.0,171.0,13.0,12.0,8.0,5.0,24.0,7.0,119.0,20.0,20.0,16.0,14.0,10.0,10.0,61.0,8.0,5.0,4.0
860,24.0,44.0,9.0,120.0,48.0,11.0,22.0,34.0,20.0,15.0,18.0,13.0,33.0,37.0,23.0,27.0,37.0,65.0,28.0,25.0,3.0
862,44.0,10.0,33.0,165.0,49.0,27.0,11.0,47.0,52.0,20.0,39.0,2.0,63.0,43.0,21.0,56.0,22.0,113.0,59.0,44.0,7.0
868,1.0,1.0,2.0,3.0,1.0,3.0,27.0,5.0,9.0,3.0,3.0,1.0,6.0,3.0,0.0,3.0,3.0,14.0,2.0,0.0,3.0
869,12.0,0.0,0.0,2.0,5.0,2.0,4.0,2.0,5.0,5.0,6.0,7.0,6.0,3.0,3.0,9.0,3.0,30.0,4.0,3.0,3.0
87,3.0,19.0,5.0,3.0,3.0,4.0,1.0,5.0,20.0,4.0,1.0,13.0,22.0,2.0,0.0,8.0,1.0,22.0,12.0,6.0,10.0
870,2.0,1.0,0.0,1.0,0.0,4.0,7.0,0.0,3.0,2.0,0.0,1.0,0.0,0.0,0.0,7.0,0.0,13.0,2.0,2.0,1.0
871,0.0,7.0,1.0,0.0,0.0,1.0,2.0,2.0,3.0,1.0,4.0,1.0,2.0,0.0,0.0,2.0,0.0,11.0,1.0,1.0,0.0
879,0.0,0.0,0.0,2.0,0.0,3.0,2.0,5.0,3.0,2.0,0.0,0.0,0.0,0.0,0.0,2.0,0.0,21.0,4.0,1.0,4.0
880,0.0,0.0,0.0,1.0,0.0,3.0,0.0,2.0,24.0,1.0,0.0,0.0,0.0,0.0,0.0,12.0,2.0,51.0,3.0,0.0,0.0
882,0.0,1.0,1.0,0.0,0.0,3.0,2.0,1.0,22.0,2.0,0.0,1.0,2.0,0.0,0.0,20.0,1.0,68.0,2.0,1.0,0.0
887,0.0,0.0,1.0,4.0,0.0,3.0,27.0,10.0,24.0,15.0,0.0,0.0,2.0,0.0,0.0,16.0,8.0,45.0,11.0,2.0,11.0
888,9.0,1.0,2.0,19.0,2.0,4.0,6.0,3.0,1.0,4.0,7.0,0.0,9.0,10.0,2.0,4.0,6.0,3.0,8.0,10.0,1.0
89,81.0,374.0,5.0,121.0,204.0,9.0,121.0,11.0,9.0,10.0,54.0,345.0,18.0,71.0,32.0,29.0,67.0,42.0,14.0,9.0,11.0
892,0.0,0.0,0.0,1.0,0.0,6.0,28.0,1.0,1.0,2.0,0.0,4.0,2.0,0.0,0.0,3.0,55.0,2.0,3.0,1.0,2.0
897,0.0,0.0,0.0,2.0,0.0,0.0,0.0,2.0,1.0,0.0,0.0,0.0,0.0,0.0,0.0,1.0,2.0,4.0,0.0,0.0,0.0
904,1.0,0.0,0.0,7.0,0.0,1.0,2.0,0.0,1.0,1.0,0.0,2.0,1.0,6.0,0.0,1.0,0.0,3.0,2.0,0.0,3.0
91,11.0,23.0,3.0,11.0,4.0,223.0,74.0,254.0,301.0,116.0,6.0,52.0,11.0,4.0,3.0,1329.0,247.0,724.0,337.0,81.0,94.0
911,21.0,10.0,5.0,18.0,6.0,11.0,5.0,10.0,12.0,8.0,25.0,11.0,19.0,7.0,1.0,12.0,7.0,25.0,18.0,13.0,8.0
916,72.0,0.0,91.0,764.0,2.0,174.0,188.0,84.0,168.0,94.0,237.0,1.0,103.0,601.0,2.0,441.0,0.0,501.0,124.0,47.0,14.0
923,0.0,2.0,0.0,3.0,1.0,24.0,10.0,11.0,11.0,5.0,0.0,2.0,0.0,0.0,0.0,77.0,19.0,64.0,13.0,5.0,23.0
924,1.0,4.0,2.0,1.0,0.0,2.0,5.0,1.0,2.0,2.0,1.0,0.0,1.0,0.0,1.0,0.0,0.0,0.0,1.0,0.0,0.0
930,6.0,0.0,0.0,1.0,2.0,4.0,3.0,6.0,4.0,1.0,2.0,1.0,1.0,0.0,1.0,12.0,3.0,12.0,3.0,3.0,3.0
931,9.0,18.0,4.0,9.0,2.0,2.0,11.0,7.0,11.0,9.0,8.0,1.0,4.0,4.0,2.0,10.0,2.0,22.0,16.0,7.0,6.0
933,9.0,12.0,0.0,11.0,4.0,0.0,6.0,1.0,3.0,2.0,13.0,6.0,4.0,2.0,1.0,4.0,0.0,18.0,10.0,5.0,0.0
936,178.0,20.0,186.0,107.0,3.0,83.0,3.0,198.0,34.0,76.0,181.0,8.0,474.0,163.0,1.0,241.0,1.0,567.0,240.0,45.0,41.0
937,4.0,4.0,0.0,7.0,0.0,2.0,2.0,5.0,29.0,8.0,2.0,0.0,2.0,3.0,0.0,15.0,1.0,36.0,6.0,6.0,1.0
939,7.0,9.0,4.0,26.0,3.0,5.0,5.0,8.0,10.0,5.0,7.0,6.0,8.0,17.0,2.0,14.0,4.0,24.0,8.0,6.0,3.0
94,23.0,109.0,3.0,25.0,14.0,8.0,13.0,5.0,9.0,2.0,24.0,133.0,48.0,18.0,6.0,10.0,10.0,39.0,5.0,7.0,4.0
941,1.0,0.0,3.0,0.0,0.0,2.0,3.0,4.0,0.0,1.0,0.0,1.0,1.0,2.0,0.0,0.0,3.0,10.0,2.0,0.0,2.0
942,4.0,1.0,0.0,10.0,1.0,1.0,3.0,2.0,2.0,1.0,5.0,0.0,0.0,3.0,1.0,6.0,1.0,9.0,4.0,3.0,2.0
943,0.0,3.0,1.0,5.0,0.0,1.0,1.0,0.0,0.0,1.0,0.0,2.0,0.0,2.0,0.0,2.0,0.0,0.0,0.0,0.0,1.0
945,1.0,0.0,0.0,0.0,1.0,0.0,1.0,0.0,2.0,1.0,0.0,0.0,0.0,0.0,0.0,4.0,0.0,2.0,0.0,1.0,1.0
946,2.0,1.0,0.0,3.0,1.0,4.0,6.0,1.0,4.0,1.0,1.0,0.0,0.0,0.0,0.0,3.0,0.0,3.0,1.0,2.0,1.0
953,5.0,4.0,0.0,13.0,0.0,0.0,4.0,4.0,0.0,2.0,6.0,4.0,1.0,6.0,0.0,2.0,2.0,11.0,2.0,5.0,2.0
957,2.0,21.0,3.0,2.0,2.0,1.0,12.0,4.0,4.0,1.0,5.0,8.0,7.0,5.0,0.0,16.0,5.0,14.0,7.0,3.0,1.0
959,13.0,0.0,4.0,14.0,4.0,38.0,163.0,122.0,56.0,64.0,94.0,3.0,7.0,16.0,0.0,145.0,40.0,73.0,206.0,64.0,27.0
960,48.0,14.0,23.0,60.0,46.0,14.0,3.0,11.0,17.0,17.0,26.0,3.0,51.0,23.0,7.0,31.0,3.0,21.0,33.0,11.0,4.0
962,2.0,3.0,1.0,5.0,7.0,3.0,9.0,11.0,8.0,2.0,7.0,0.0,1.0,0.0,0.0,14.0,3.0,14.0,6.0,1.0,2.0
966,1.0,0.0,1.0,3.0,4.0,2.0,3.0,9.0,5.0,1.0,4.0,0.0,4.0,0.0,0.0,8.0,4.0,24.0,4.0,2.0,3.0
967,8.0,5.0,5.0,4.0,4.0,14.0,11.0,9.0,3.0,16.0,9.0,4.0,14.0,4.0,2.0,20.0,8.0,21.0,9.0,13.0,5.0
972,39.0,294.0,3.0,14.0,32.0,2.0,11.0,6.0,2.0,1.0,14.0,310.0,11.0,42.0,17.0,13.0,5.0,13.0,2.0,6.0,4.0
973,2.0,1.0,0.0,0.0,1.0,3.0,7.0,5.0,3.0,3.0,2.0,3.0,3.0,0.0,0.0,11.0,3.0,15.0,11.0,2.0,2.0
976,2.0,5.0,0.0,1.0,1.0,2.0,2.0,2.0,2.0,3.0,2.0,4.0,4.0,0.0,1.0,10.0,2.0,9.0,1.0,3.0,7.0
980,5.0,20.0,0.0,7.0,2.0,7.0,15.0,9.0,9.0,6.0,0.0,18.0,2.0,1.0,1.0,14.0,6.0,12.0,12.0,3.0,0.0
983,13.0,165.0,6.0,14.0,3.0,3.0,2.0,3.0,16.0,3.0,10.0,123.0,10.0,6.0,8.0,18.0,2.0,23.0,3.0,1.0,2.0
984,2.0,7.0,51.0,10.0,0.0,1173.0,37.0,1308.0,639.0,659.0,2.0,8.0,61.0,5.0,1.0,2121.0,24.0,7016.0,523.0,466.0,112.0
985,1.0,2.0,1.0,1.0,0.0,5.0,3.0,5.0,15.0,2.0,1.0,6.0,2.0,0.0,0.0,8.0,0.0,23.0,3.0,3.0,0.0
987,11.0,1.0,1.0,4.0,3.0,2.0,5.0,5.0,15.0,1.0,3.0,0.0,13.0,3.0,1.0,11.0,10.0,14.0,2.0,2.0,2.0
99,11.0,5.0,4.0,6.0,2.0,7.0,10.0,5.0,5.0,8.0,12.0,0.0,5.0,4.0,2.0,8.0,3.0,11.0,12.0,2.0,6.0
991,2.0,1.0,1.0,9.0,1.0,3.0,6.0,5.0,5.0,10.0,0.0,1.0,1.0,2.0,0.0,12.0,27.0,13.0,12.0,5.0,4.0
992,0.0,2.0,1.0,3.0,2.0,510.0,34.0,179.0,413.0,157.0,2.0,3.0,1.0,1.0,1.0,3399.0,39.0,1381.0,263.0,90.0,19.0
996,1978.0,30.0,217.0,302.0,40.0,100.0,178.0,65.0,186.0,52.0,2860.0,1118.0,246.0,407.0,20.0,576.0,533.0,331.0,243.0,51.0,67.0
998,3.0,10.0,0.0,3.0,0.0,1.0,4.0,1.0,0.0,1.0,5.0,2.0,3.0,1.0,0.0,4.0,4.0,4.0,1.0,0.0,2.0
999,8.0,53.0,1.0,14.0,14.0,1.0,0.0,0.0,2.0,0.0,9.0,9.0,6.0,5.0,2.0,3.0,1.0,4.0,3.0,1.0,0.0
1052,0.0,7.0,0.0,2.0,0.0,0.0,3.0,1.0,0.0,1.0,2.0,5.0,2.0,0.0,0.0,2.0,1.0,6.0,1.0,0.0,0.0
17_2,0.0,0.0,0.0,1.0,0.0,1.0,0.0,0.0,0.0,0.0,0.0,0.0,1.0,0.0,0.0,3.0,0.0,8.0,1.0,1.0,2.0
217,0.0,0.0,0.0,1.0,0.0,0.0,0.0,0.0,0.0,0.0,0.0,3.0,0.0,0.0,0.0,1.0,0.0,0.0,0.0,0.0,0.0
22,1.0,1.0,0.0,1.0,0.0,0.0,0.0,0.0,1.0,1.0,0.0,1.0,0.0,0.0,0.0,4.0,0.0,1.0,2.0,0.0,1.0
292,1.0,1.0,0.0,6.0,0.0,0.0,1.0,1.0,1.0,0.0,2.0,0.0,1.0,0.0,0.0,4.0,3.0,2.0,0.0,0.0,0.0
387,2.0,7.0,2.0,1.0,2.0,1.0,0.0,3.0,12.0,0.0,3.0,4.0,2.0,0.0,0.0,5.0,39.0,14.0,1.0,0.0,1.0
411,7.0,0.0,1.0,10.0,4.0,0.0,3.0,1.0,4.0,0.0,14.0,0.0,1.0,1.0,2.0,7.0,6.0,9.0,0.0,0.0,0.0
44,1.0,0.0,0.0,1.0,0.0,0.0,0.0,1.0,1.0,0.0,1.0,0.0,0.0,0.0,0.0,1.0,0.0,0.0,1.0,0.0,0.0
501,3.0,0.0,0.0,12.0,0.0,2.0,1.0,1.0,2.0,0.0,0.0,0.0,3.0,2.0,1.0,4.0,2.0,1.0,0.0,1.0,1.0
506,1.0,1.0,1.0,18.0,0.0,0.0,1.0,0.0,0.0,0.0,1.0,0.0,2.0,4.0,0.0,1.0,5.0,0.0,0.0,0.0,1.0
59,0.0,0.0,0.0,1.0,0.0,0.0,0.0,1.0,0.0,0.0,0.0,0.0,0.0,0.0,0.0,2.0,1.0,0.0,1.0,0.0,0.0
607,4.0,1.0,1.0,1.0,0.0,1.0,3.0,3.0,4.0,0.0,2.0,0.0,1.0,0.0,1.0,15.0,2.0,15.0,2.0,0.0,2.0
643,0.0,3.0,0.0,1.0,0.0,2.0,2.0,0.0,3.0,1.0,0.0,1.0,4.0,1.0,0.0,1.0,1.0,8.0,1.0,0.0,1.0
753,4.0,5.0,1.0,22.0,0.0,2.0,2.0,2.0,9.0,0.0,2.0,8.0,2.0,0.0,1.0,3.0,3.0,19.0,3.0,1.0,1.0
79,4.0,0.0,0.0,7.0,2.0,2.0,0.0,1.0,1.0,0.0,1.0,0.0,0.0,1.0,0.0,2.0,1.0,3.0,4.0,2.0,0.0
917,2.0,0.0,0.0,1.0,0.0,2.0,1.0,4.0,10.0,0.0,3.0,0.0,0.0,0.0,0.0,4.0,1.0,10.0,3.0,0.0,2.0
956,0.0,6.0,0.0,11.0,0.0,6.0,6.0,3.0,12.0,2.0,0.0,5.0,1.0,0.0,0.0,6.0,1.0,33.0,5.0,1.0,1.0
454,0.0,1.0,0.0,0.0,0.0,3.0,1.0,2.0,5.0,0.0,1.0,0.0,0.0,0.0,0.0,0.0,0.0,14.0,1.0,0.0,0.0
932,4.0,4.0,1.0,7.0,3.0,2.0,0.0,0.0,1.0,0.0,1.0,0.0,4.0,0.0,0.0,0.0,0.0,4.0,2.0,1.0,1.0
