strain_id,A_MTX_5-FC.HNM1_MID2,A_MTX_Fluconazole.HNM1_MID2,A_MTX_Metformin.HNM1_MID2,A_MTX_Trifluoperazine.HNM1_MID2,A_MTX_noDrug.HNM1_MID2,A_noMTX_5-FC.HNM1_MID2,A_noMTX_Fluconazole.HNM1_MID2,A_noMTX_Metformin.HNM1_MID2,A_noMTX_Trifluoperazine.HNM1_MID2,A_noMTX_noDrug.HNM1_MID2,B_MTX_5-FC.HNM1_MID2,B_MTX_Fluconazole.HNM1_MID2,B_MTX_Metformin.HNM1_MID2,B_MTX_Trifluoperazine.HNM1_MID2,B_MTX_noDrug.HNM1_MID2,B_noMTX_5-FC.HNM1_MID2,B_noMTX_Fluconazole.HNM1_MID2,B_noMTX_Metformin.HNM1_MID2,B_noMTX_Trifluoperazine.HNM1_MID2,B_noMTX_noDrug.HNM1_MID2,T0_noMTX_noDrug.HNM1_MID2
1005,0.0,1.0,5.0,0.0,0.0,70.0,1.0,29.0,37,7.0,0.0,3.0,2.0,0.0,0.0,59.0,14.0,36.0,25.0,16.0,21.0
1007,1.0,8.0,65.0,0.0,0.0,150.0,94.0,117.0,139,31.0,5.0,6.0,38.0,1.0,2.0,84.0,131.0,124.0,45.0,63.0,35.0
1013,5.0,29.0,3.0,18.0,6.0,20.0,14.0,2.0,27,2.0,16.0,1.0,0.0,2.0,11.0,1.0,6.0,4.0,17.0,9.0,4.0
1016,1.0,0.0,1.0,0.0,4.0,21.0,23.0,5.0,43,0.0,1.0,0.0,2.0,0.0,1.0,4.0,9.0,9.0,15.0,18.0,5.0
1018,265.0,224.0,364.0,179.0,399.0,554.0,47.0,446.0,401,37.0,1389.0,25.0,379.0,140.0,178.0,182.0,45.0,369.0,89.0,120.0,38.0
1020,1528.0,165.0,794.0,1449.0,2555.0,1144.0,82.0,906.0,724,45.0,9762.0,8.0,1690.0,1314.0,1783.0,221.0,85.0,989.0,275.0,196.0,158.0
1025,15.0,43.0,78.0,9.0,12.0,752.0,431.0,348.0,359,23.0,21.0,24.0,100.0,11.0,6.0,231.0,208.0,495.0,209.0,239.0,78.0
1027,4.0,19.0,64.0,0.0,0.0,224.0,237.0,228.0,60,3.0,3.0,1.0,160.0,0.0,0.0,78.0,90.0,208.0,47.0,64.0,37.0
1035,11.0,17.0,3.0,10.0,23.0,3.0,3.0,3.0,8,0.0,34.0,6.0,11.0,14.0,6.0,1.0,1.0,8.0,2.0,2.0,3.0
1038,661.0,33.0,214.0,435.0,775.0,447.0,93.0,325.0,563,52.0,4223.0,1.0,690.0,549.0,533.0,282.0,173.0,330.0,180.0,132.0,207.0
1040,14.0,20.0,91.0,10.0,8.0,1475.0,110.0,849.0,1519,134.0,30.0,6.0,225.0,16.0,9.0,551.0,336.0,1086.0,467.0,306.0,123.0
1046,1.0,3.0,26.0,0.0,0.0,215.0,186.0,125.0,274,9.0,9.0,0.0,40.0,2.0,0.0,131.0,51.0,244.0,91.0,82.0,87.0
1050,23.0,7.0,15.0,12.0,32.0,46.0,2.0,38.0,90,9.0,151.0,3.0,65.0,32.0,30.0,15.0,17.0,19.0,21.0,16.0,10.0
1065,10.0,19.0,1.0,0.0,6.0,13.0,0.0,30.0,13,1.0,11.0,15.0,2.0,2.0,1.0,6.0,3.0,0.0,5.0,1.0,4.0
1069,1065.0,2902.0,421.0,410.0,1171.0,490.0,549.0,728.0,323,17.0,8815.0,2176.0,1713.0,639.0,805.0,262.0,722.0,638.0,155.0,162.0,189.0
107,4.0,23.0,4.0,2.0,0.0,18.0,8.0,21.0,11,3.0,21.0,2.0,43.0,3.0,1.0,5.0,6.0,31.0,8.0,8.0,9.0
113,5.0,5.0,3.0,2.0,2.0,4.0,7.0,5.0,18,2.0,8.0,1.0,7.0,4.0,0.0,4.0,5.0,5.0,4.0,2.0,8.0
119,0.0,6.0,1.0,2.0,3.0,0.0,3.0,2.0,6,0.0,2.0,7.0,1.0,2.0,1.0,1.0,2.0,4.0,1.0,2.0,1.0
124,45.0,8.0,15.0,18.0,91.0,43.0,18.0,39.0,54,1.0,242.0,1.0,184.0,22.0,28.0,37.0,4.0,65.0,13.0,11.0,24.0
128,2.0,22.0,71.0,1.0,1.0,942.0,113.0,545.0,427,24.0,7.0,4.0,243.0,0.0,0.0,418.0,80.0,577.0,218.0,217.0,229.0
132,15.0,255.0,171.0,0.0,1.0,472.0,60.0,536.0,472,14.0,51.0,61.0,376.0,2.0,3.0,171.0,82.0,466.0,251.0,175.0,135.0
133,1.0,3.0,12.0,0.0,2.0,97.0,9.0,71.0,352,5.0,2.0,0.0,2.0,1.0,0.0,6.0,54.0,30.0,25.0,15.0,12.0
136,0.0,2.0,0.0,0.0,1.0,17.0,137.0,20.0,85,6.0,1.0,6.0,26.0,1.0,0.0,26.0,34.0,15.0,28.0,8.0,15.0
14,309.0,641.0,135.0,255.0,532.0,366.0,38.0,247.0,319,59.0,2084.0,5.0,479.0,469.0,484.0,175.0,35.0,243.0,130.0,160.0,170.0
146,2044.0,76.0,769.0,1233.0,2478.0,2284.0,2165.0,1427.0,2002,143.0,9963.0,26.0,2673.0,1304.0,1989.0,1267.0,240.0,2117.0,972.0,783.0,749.0
15,20.0,10.0,46.0,3.0,14.0,135.0,12.0,44.0,135,5.0,151.0,0.0,52.0,17.0,11.0,59.0,139.0,89.0,27.0,51.0,24.0
151,1.0,1.0,9.0,2.0,4.0,14.0,6.0,9.0,6,0.0,8.0,0.0,2.0,2.0,0.0,20.0,3.0,12.0,12.0,5.0,12.0
153,0.0,0.0,50.0,0.0,0.0,153.0,21.0,68.0,83,9.0,0.0,0.0,53.0,1.0,0.0,63.0,51.0,163.0,41.0,60.0,26.0
17,2.0,11.0,0.0,0.0,0.0,2.0,3.0,2.0,4,0.0,2.0,4.0,1.0,2.0,0.0,0.0,3.0,2.0,3.0,0.0,3.0
171,55.0,3.0,7.0,9.0,28.0,79.0,145.0,30.0,128,2.0,127.0,11.0,15.0,35.0,8.0,32.0,199.0,42.0,32.0,41.0,43.0
175,0.0,0.0,1.0,0.0,0.0,16.0,140.0,5.0,34,2.0,1.0,0.0,1.0,0.0,0.0,19.0,192.0,11.0,6.0,23.0,4.0
180,1.0,5.0,14.0,0.0,0.0,177.0,49.0,35.0,74,3.0,7.0,0.0,5.0,0.0,0.0,36.0,11.0,48.0,35.0,80.0,26.0
180_2,3.0,8.0,1.0,0.0,7.0,148.0,49.0,18.0,132,11.0,5.0,0.0,17.0,0.0,2.0,37.0,67.0,42.0,58.0,41.0,33.0
185,21.0,10.0,10.0,18.0,34.0,19.0,2.0,7.0,29,2.0,89.0,2.0,18.0,27.0,10.0,6.0,2.0,19.0,9.0,5.0,7.0
187,6.0,0.0,42.0,4.0,2.0,90.0,7.0,104.0,53,1.0,17.0,1.0,98.0,1.0,1.0,63.0,2.0,61.0,25.0,52.0,41.0
188,11.0,23.0,217.0,1.0,6.0,130.0,1.0,105.0,176,15.0,11.0,12.0,85.0,4.0,2.0,43.0,7.0,103.0,35.0,30.0,18.0
192,3.0,25.0,3.0,1.0,6.0,25.0,10.0,9.0,45,0.0,6.0,16.0,6.0,5.0,2.0,4.0,13.0,23.0,13.0,14.0,4.0
20,3.0,3.0,13.0,0.0,1.0,65.0,0.0,67.0,24,0.0,3.0,0.0,47.0,2.0,0.0,23.0,4.0,30.0,5.0,3.0,12.0
209,0.0,6.0,10.0,0.0,2.0,77.0,3.0,14.0,43,4.0,4.0,1.0,31.0,1.0,1.0,19.0,19.0,33.0,27.0,8.0,31.0
210,1.0,1.0,1.0,1.0,2.0,22.0,1.0,15.0,45,7.0,3.0,0.0,3.0,5.0,1.0,17.0,4.0,5.0,21.0,5.0,5.0
226,143.0,31.0,95.0,191.0,193.0,305.0,154.0,128.0,308,4.0,725.0,18.0,186.0,182.0,173.0,116.0,71.0,189.0,129.0,104.0,256.0
235,0.0,2.0,0.0,0.0,1.0,2.0,1.0,0.0,1,2.0,0.0,1.0,0.0,1.0,0.0,0.0,1.0,2.0,5.0,2.0,3.0
240,0.0,0.0,0.0,0.0,0.0,1.0,0.0,1.0,2,0.0,0.0,0.0,0.0,0.0,0.0,1.0,1.0,1.0,2.0,2.0,1.0
248,6.0,1.0,0.0,21.0,0.0,49.0,4.0,120.0,134,4.0,20.0,0.0,11.0,4.0,0.0,22.0,3.0,22.0,41.0,23.0,12.0
250,5.0,2.0,0.0,1.0,1.0,21.0,1.0,0.0,5,1.0,0.0,1.0,1.0,0.0,0.0,6.0,1.0,10.0,7.0,2.0,3.0
252,3.0,3.0,0.0,0.0,0.0,5.0,13.0,1.0,10,0.0,2.0,1.0,2.0,0.0,0.0,6.0,1.0,3.0,8.0,1.0,3.0
253,8.0,11.0,0.0,7.0,18.0,8.0,15.0,104.0,68,15.0,8.0,12.0,72.0,1.0,17.0,28.0,2.0,17.0,9.0,4.0,9.0
254,9.0,8.0,80.0,0.0,1.0,126.0,120.0,142.0,198,20.0,25.0,2.0,216.0,3.0,0.0,77.0,145.0,171.0,68.0,46.0,73.0
257,3.0,5.0,2.0,2.0,3.0,49.0,100.0,17.0,117,1.0,0.0,4.0,6.0,0.0,0.0,33.0,98.0,55.0,70.0,55.0,47.0
258,156.0,12.0,50.0,57.0,176.0,252.0,19.0,180.0,209,14.0,621.0,1.0,180.0,43.0,129.0,198.0,83.0,191.0,60.0,69.0,71.0
27,0.0,1.0,1.0,0.0,3.0,14.0,1.0,2.0,37,2.0,0.0,0.0,1.0,1.0,1.0,8.0,0.0,4.0,2.0,4.0,3.0
270,0.0,1.0,0.0,0.0,1.0,1.0,3.0,0.0,8,0.0,0.0,0.0,0.0,0.0,0.0,1.0,1.0,1.0,3.0,1.0,2.0
271,0.0,1.0,16.0,0.0,0.0,188.0,458.0,111.0,187,22.0,1.0,11.0,52.0,0.0,0.0,84.0,55.0,69.0,37.0,84.0,41.0
272,1.0,0.0,12.0,0.0,1.0,64.0,1.0,10.0,49,4.0,3.0,5.0,2.0,0.0,0.0,17.0,10.0,39.0,13.0,23.0,9.0
277,1.0,0.0,0.0,0.0,0.0,0.0,0.0,0.0,1,0.0,1.0,0.0,0.0,0.0,0.0,2.0,0.0,1.0,1.0,1.0,1.0
286,12.0,1.0,9.0,2.0,1.0,37.0,0.0,30.0,6,0.0,4.0,2.0,5.0,2.0,14.0,1.0,0.0,13.0,3.0,7.0,3.0
289,4.0,5.0,42.0,0.0,0.0,643.0,235.0,433.0,362,22.0,23.0,0.0,174.0,1.0,4.0,207.0,584.0,434.0,147.0,166.0,199.0
29,1.0,2.0,1.0,1.0,2.0,22.0,2.0,11.0,131,2.0,2.0,1.0,3.0,1.0,1.0,3.0,2.0,30.0,48.0,19.0,10.0
291,0.0,1.0,1.0,0.0,1.0,3.0,1.0,5.0,7,2.0,1.0,0.0,1.0,0.0,0.0,3.0,0.0,2.0,2.0,1.0,0.0
294,6.0,28.0,169.0,0.0,4.0,728.0,659.0,186.0,483,21.0,24.0,46.0,217.0,1.0,1.0,226.0,727.0,242.0,174.0,143.0,61.0
296,0.0,22.0,62.0,0.0,1.0,316.0,46.0,209.0,228,43.0,7.0,15.0,139.0,0.0,1.0,71.0,719.0,201.0,101.0,58.0,56.0
299,3.0,1.0,8.0,1.0,1.0,124.0,69.0,35.0,174,10.0,3.0,0.0,13.0,1.0,0.0,53.0,11.0,147.0,41.0,23.0,17.0
307,8.0,1.0,0.0,0.0,3.0,26.0,8.0,18.0,156,5.0,10.0,0.0,1.0,3.0,0.0,33.0,28.0,23.0,16.0,25.0,11.0
308,11.0,0.0,2.0,0.0,2.0,6.0,1.0,1.0,11,0.0,6.0,1.0,3.0,0.0,1.0,2.0,1.0,2.0,5.0,1.0,3.0
31,14.0,5.0,4.0,1.0,10.0,4.0,9.0,1.0,19,0.0,23.0,0.0,13.0,31.0,1.0,1.0,162.0,15.0,14.0,11.0,7.0
311,2.0,0.0,2.0,0.0,1.0,4.0,5.0,2.0,7,0.0,1.0,0.0,2.0,0.0,1.0,1.0,2.0,5.0,4.0,5.0,5.0
312,59.0,10.0,132.0,81.0,114.0,136.0,4.0,94.0,48,21.0,244.0,6.0,136.0,27.0,124.0,26.0,55.0,90.0,81.0,31.0,8.0
32,0.0,0.0,0.0,0.0,0.0,3.0,0.0,0.0,3,0.0,0.0,0.0,0.0,0.0,0.0,0.0,0.0,0.0,1.0,0.0,3.0
320,685.0,31.0,887.0,78.0,497.0,1028.0,73.0,664.0,1115,101.0,1744.0,0.0,858.0,119.0,274.0,455.0,155.0,717.0,330.0,251.0,79.0
323,16.0,17.0,4.0,4.0,17.0,93.0,11.0,36.0,72,3.0,72.0,14.0,13.0,15.0,6.0,30.0,4.0,133.0,23.0,21.0,17.0
325,2.0,6.0,16.0,0.0,0.0,218.0,37.0,221.0,284,23.0,1.0,0.0,80.0,0.0,0.0,83.0,33.0,245.0,49.0,76.0,43.0
33,0.0,0.0,40.0,0.0,0.0,104.0,10.0,108.0,160,15.0,0.0,1.0,57.0,1.0,0.0,45.0,5.0,116.0,47.0,44.0,76.0
335,63.0,0.0,19.0,32.0,34.0,180.0,4.0,42.0,16,2.0,21.0,0.0,39.0,16.0,21.0,20.0,0.0,52.0,8.0,23.0,9.0
336,57.0,9.0,31.0,14.0,55.0,76.0,69.0,31.0,53,1.0,467.0,3.0,51.0,36.0,59.0,31.0,17.0,70.0,51.0,28.0,47.0
337,1.0,9.0,56.0,0.0,2.0,351.0,214.0,228.0,226,18.0,0.0,6.0,137.0,1.0,4.0,188.0,76.0,607.0,163.0,120.0,48.0
339,140.0,379.0,25.0,45.0,70.0,103.0,49.0,76.0,142,9.0,331.0,47.0,97.0,52.0,67.0,40.0,542.0,102.0,77.0,44.0,25.0
347,7.0,0.0,51.0,0.0,0.0,319.0,14.0,76.0,82,11.0,3.0,0.0,36.0,0.0,1.0,182.0,19.0,134.0,42.0,55.0,37.0
348,15.0,1.0,2.0,5.0,2.0,44.0,12.0,24.0,110,0.0,52.0,0.0,4.0,3.0,9.0,42.0,27.0,34.0,37.0,36.0,32.0
350,45.0,401.0,9.0,17.0,56.0,117.0,109.0,30.0,115,7.0,213.0,17.0,25.0,31.0,18.0,37.0,34.0,43.0,59.0,22.0,19.0
354,4.0,1.0,1.0,0.0,0.0,17.0,2.0,5.0,8,1.0,2.0,1.0,4.0,0.0,0.0,4.0,5.0,4.0,3.0,6.0,3.0
358,2.0,0.0,2.0,2.0,1.0,19.0,44.0,6.0,40,0.0,24.0,0.0,0.0,2.0,1.0,7.0,5.0,15.0,22.0,12.0,7.0
359,4.0,11.0,2.0,18.0,13.0,19.0,10.0,0.0,12,1.0,5.0,2.0,6.0,24.0,12.0,3.0,3.0,5.0,2.0,5.0,3.0
36,0.0,0.0,0.0,0.0,0.0,0.0,1.0,2.0,1,0.0,0.0,0.0,2.0,0.0,0.0,0.0,0.0,0.0,0.0,0.0,1.0
364,2.0,33.0,0.0,8.0,5.0,33.0,3.0,12.0,44,0.0,16.0,7.0,1.0,3.0,2.0,29.0,31.0,15.0,15.0,7.0,11.0
375,233.0,0.0,48.0,135.0,233.0,91.0,13.0,57.0,41,4.0,1654.0,0.0,126.0,202.0,130.0,37.0,7.0,63.0,23.0,26.0,41.0
383,5.0,5.0,29.0,0.0,2.0,228.0,31.0,63.0,129,7.0,3.0,3.0,25.0,0.0,0.0,68.0,8.0,113.0,42.0,39.0,26.0
385,7.0,13.0,0.0,1.0,3.0,1.0,1.0,0.0,6,0.0,7.0,5.0,3.0,0.0,0.0,1.0,1.0,3.0,2.0,0.0,1.0
392,3.0,15.0,37.0,0.0,7.0,247.0,48.0,216.0,319,29.0,7.0,2.0,50.0,0.0,1.0,169.0,28.0,379.0,175.0,93.0,42.0
397,1.0,1.0,0.0,0.0,0.0,7.0,1.0,7.0,25,0.0,3.0,0.0,4.0,0.0,0.0,4.0,8.0,7.0,11.0,7.0,5.0
399,25.0,1191.0,194.0,14.0,5.0,442.0,72.0,311.0,366,19.0,58.0,332.0,341.0,13.0,1.0,184.0,386.0,458.0,160.0,129.0,97.0
40,3.0,1.0,1.0,5.0,13.0,3.0,0.0,1.0,2,0.0,5.0,3.0,3.0,4.0,4.0,1.0,0.0,1.0,2.0,1.0,1.0
400,409.0,5.0,105.0,224.0,755.0,222.0,3.0,82.0,184,29.0,3097.0,0.0,458.0,537.0,445.0,115.0,2.0,132.0,66.0,81.0,68.0
406,0.0,8.0,52.0,0.0,0.0,357.0,205.0,585.0,453,78.0,1.0,2.0,195.0,0.0,0.0,146.0,56.0,462.0,182.0,92.0,67.0
408,0.0,3.0,8.0,0.0,0.0,75.0,3.0,29.0,24,4.0,0.0,2.0,18.0,0.0,0.0,11.0,3.0,74.0,13.0,12.0,17.0
409,612.0,60.0,41.0,334.0,269.0,425.0,159.0,113.0,641,33.0,1776.0,55.0,113.0,476.0,140.0,310.0,514.0,143.0,239.0,125.0,91.0
40_2,0.0,1.0,0.0,1.0,4.0,2.0,0.0,0.0,1,0.0,4.0,8.0,0.0,2.0,0.0,1.0,0.0,0.0,0.0,0.0,0.0
412,21.0,14.0,2.0,11.0,21.0,168.0,235.0,29.0,134,3.0,90.0,3.0,5.0,13.0,5.0,112.0,64.0,35.0,61.0,24.0,13.0
418,1.0,0.0,0.0,0.0,0.0,2.0,1.0,0.0,2,0.0,2.0,0.0,0.0,0.0,0.0,4.0,2.0,4.0,2.0,2.0,0.0
419,6.0,2.0,47.0,0.0,0.0,315.0,3.0,83.0,166,13.0,14.0,0.0,183.0,0.0,1.0,120.0,63.0,138.0,85.0,83.0,29.0
420,1.0,1.0,5.0,0.0,1.0,132.0,5.0,50.0,165,6.0,3.0,0.0,4.0,2.0,0.0,59.0,44.0,77.0,60.0,29.0,10.0
421,53.0,161.0,71.0,39.0,129.0,114.0,14.0,103.0,47,8.0,713.0,5.0,113.0,54.0,58.0,23.0,16.0,94.0,49.0,35.0,8.0
426,7.0,8.0,4.0,6.0,16.0,26.0,9.0,10.0,25,1.0,10.0,1.0,9.0,12.0,4.0,15.0,80.0,29.0,17.0,15.0,7.0
43,0.0,0.0,1.0,1.0,0.0,2.0,0.0,3.0,5,1.0,1.0,0.0,0.0,0.0,0.0,0.0,3.0,6.0,0.0,0.0,1.0
431,1.0,1.0,29.0,1.0,0.0,39.0,1.0,41.0,23,3.0,2.0,0.0,65.0,1.0,1.0,16.0,2.0,66.0,15.0,37.0,18.0
433,11.0,2.0,3.0,2.0,11.0,96.0,550.0,33.0,96,8.0,50.0,2.0,28.0,7.0,3.0,62.0,29.0,58.0,53.0,34.0,68.0
434,5.0,2.0,56.0,2.0,31.0,42.0,40.0,14.0,56,6.0,59.0,1.0,14.0,7.0,12.0,29.0,42.0,37.0,50.0,19.0,38.0
437,52.0,7.0,6.0,8.0,15.0,10.0,9.0,6.0,13,2.0,41.0,3.0,11.0,13.0,7.0,9.0,8.0,12.0,6.0,5.0,6.0
438,6.0,43.0,3.0,0.0,3.0,193.0,625.0,32.0,106,2.0,2.0,27.0,13.0,0.0,0.0,84.0,491.0,36.0,51.0,32.0,110.0
439,0.0,9.0,0.0,3.0,0.0,29.0,18.0,12.0,37,3.0,2.0,6.0,0.0,1.0,0.0,8.0,161.0,35.0,15.0,13.0,8.0
43_ref1,3.0,1.0,0.0,0.0,3.0,6.0,501.0,0.0,22,1.0,2.0,1.0,1.0,3.0,0.0,4.0,160.0,9.0,19.0,2.0,204.0
43_ref2,2.0,7.0,2.0,3.0,5.0,55.0,42.0,69.0,129,25.0,6.0,2.0,3.0,2.0,3.0,19.0,18.0,54.0,72.0,21.0,390.0
442,22.0,6.0,7.0,12.0,20.0,13.0,3.0,7.0,17,2.0,44.0,0.0,14.0,26.0,6.0,3.0,6.0,13.0,18.0,5.0,5.0
444,4.0,0.0,2.0,0.0,2.0,0.0,1.0,0.0,7,0.0,4.0,0.0,2.0,1.0,0.0,2.0,1.0,5.0,5.0,1.0,5.0
446,1.0,13.0,9.0,0.0,0.0,76.0,7.0,21.0,67,6.0,2.0,4.0,3.0,0.0,0.0,15.0,72.0,44.0,39.0,72.0,12.0
45,0.0,1.0,0.0,0.0,1.0,3.0,6.0,2.0,8,1.0,2.0,0.0,3.0,0.0,0.0,3.0,5.0,7.0,4.0,5.0,1.0
450,4.0,16.0,53.0,1.0,1.0,159.0,15.0,193.0,228,11.0,3.0,0.0,124.0,1.0,1.0,100.0,3.0,171.0,84.0,65.0,30.0
452,0.0,2.0,0.0,0.0,3.0,6.0,2.0,3.0,5,0.0,7.0,1.0,1.0,1.0,0.0,2.0,4.0,5.0,3.0,2.0,1.0
458,0.0,4.0,6.0,0.0,1.0,111.0,4.0,114.0,329,30.0,2.0,1.0,58.0,0.0,0.0,75.0,47.0,272.0,70.0,64.0,65.0
459,39.0,19.0,6.0,30.0,48.0,37.0,271.0,26.0,73,14.0,85.0,21.0,26.0,33.0,1.0,19.0,12.0,41.0,42.0,28.0,19.0
460,164.0,553.0,195.0,40.0,277.0,620.0,52.0,298.0,317,37.0,1206.0,201.0,599.0,66.0,163.0,235.0,343.0,939.0,154.0,171.0,76.0
466,19.0,0.0,3.0,5.0,4.0,12.0,3.0,3.0,27,3.0,16.0,0.0,6.0,3.0,1.0,8.0,1.0,1.0,4.0,2.0,7.0
468,1011.0,3.0,238.0,330.0,1119.0,496.0,26.0,237.0,253,36.0,3671.0,0.0,640.0,673.0,877.0,172.0,83.0,248.0,94.0,111.0,105.0
470,153.0,46.0,15.0,26.0,41.0,33.0,34.0,17.0,50,9.0,79.0,0.0,19.0,35.0,18.0,22.0,16.0,24.0,25.0,17.0,12.0
473,6.0,4.0,23.0,1.0,4.0,65.0,33.0,37.0,71,10.0,8.0,5.0,38.0,1.0,1.0,46.0,6.0,98.0,16.0,31.0,21.0
475,34.0,313.0,5459.0,14.0,8.0,8163.0,7836.0,13121.0,11244,976.0,163.0,262.0,9558.0,21.0,29.0,4908.0,5005.0,16466.0,4418.0,4693.0,2889.0
476,3.0,50.0,256.0,12.0,3.0,3548.0,1777.0,2318.0,6192,294.0,74.0,9.0,638.0,5.0,3.0,1377.0,3316.0,3099.0,2738.0,2628.0,1847.0
48,7.0,11.0,6.0,3.0,1.0,65.0,28.0,66.0,108,6.0,14.0,6.0,22.0,4.0,1.0,18.0,6.0,109.0,40.0,26.0,35.0
485,4.0,20.0,3.0,1.0,2.0,12.0,1.0,2.0,8,1.0,3.0,2.0,4.0,0.0,1.0,0.0,0.0,1.0,1.0,1.0,6.0
486,74.0,12.0,128.0,10.0,111.0,25.0,26.0,85.0,51,3.0,80.0,2.0,202.0,73.0,51.0,25.0,8.0,158.0,11.0,27.0,6.0
491,79.0,2.0,91.0,158.0,112.0,65.0,6.0,50.0,128,9.0,416.0,3.0,296.0,166.0,90.0,35.0,8.0,94.0,55.0,48.0,50.0
493,12.0,17.0,13.0,22.0,17.0,72.0,28.0,52.0,49,5.0,89.0,26.0,48.0,13.0,22.0,7.0,4.0,38.0,17.0,12.0,40.0
495,11.0,4.0,486.0,0.0,3.0,1969.0,242.0,1198.0,2137,104.0,81.0,0.0,919.0,3.0,0.0,841.0,429.0,1311.0,652.0,429.0,268.0
50,4.0,6.0,0.0,0.0,11.0,2.0,3.0,2.0,15,2.0,9.0,5.0,18.0,3.0,5.0,2.0,3.0,10.0,7.0,6.0,4.0
503,2.0,5.0,2.0,0.0,1.0,170.0,62.0,82.0,144,9.0,7.0,0.0,41.0,1.0,0.0,75.0,60.0,102.0,65.0,52.0,52.0
507,1.0,6.0,13.0,3.0,1.0,239.0,11.0,118.0,169,3.0,3.0,0.0,18.0,1.0,0.0,155.0,20.0,176.0,75.0,81.0,138.0
508,20.0,305.0,75.0,12.0,1.0,77.0,46.0,46.0,90,2.0,31.0,24.0,65.0,2.0,1.0,24.0,206.0,49.0,37.0,25.0,48.0
52,1.0,3.0,10.0,0.0,1.0,45.0,3.0,94.0,38,6.0,6.0,3.0,112.0,0.0,1.0,39.0,14.0,147.0,14.0,31.0,13.0
520,5.0,1.0,2.0,1.0,3.0,4.0,2.0,5.0,16,4.0,5.0,1.0,5.0,1.0,0.0,5.0,0.0,4.0,3.0,3.0,1.0
521,7.0,0.0,9.0,2.0,4.0,863.0,11.0,444.0,465,70.0,35.0,12.0,20.0,2.0,4.0,668.0,6.0,80.0,86.0,206.0,244.0
522,12.0,5.0,48.0,1.0,5.0,174.0,38.0,215.0,253,55.0,36.0,9.0,67.0,6.0,4.0,108.0,88.0,416.0,148.0,95.0,65.0
523,3024.0,465.0,5107.0,960.0,3087.0,3353.0,1411.0,2681.0,3068,428.0,15467.0,17381.0,8477.0,985.0,2734.0,1578.0,316.0,3577.0,820.0,863.0,308.0
524,107.0,194.0,204.0,31.0,95.0,472.0,52.0,221.0,63,12.0,1166.0,89.0,121.0,28.0,82.0,59.0,120.0,112.0,58.0,56.0,25.0
525,781.0,66.0,244.0,246.0,819.0,333.0,32.0,356.0,296,27.0,4380.0,7.0,968.0,430.0,741.0,176.0,61.0,394.0,69.0,66.0,97.0
531,2.0,11.0,2.0,4.0,5.0,25.0,0.0,7.0,48,1.0,9.0,2.0,6.0,3.0,1.0,6.0,14.0,15.0,15.0,12.0,12.0
532,1.0,8.0,8.0,0.0,8.0,344.0,39.0,81.0,292,13.0,3.0,17.0,18.0,0.0,1.0,152.0,77.0,141.0,74.0,56.0,12.0
535,815.0,498.0,70.0,296.0,386.0,451.0,49.0,138.0,605,43.0,1602.0,493.0,152.0,364.0,320.0,263.0,137.0,179.0,216.0,264.0,100.0
538,618.0,116.0,380.0,404.0,809.0,547.0,716.0,523.0,669,66.0,4444.0,13.0,777.0,533.0,625.0,265.0,1296.0,490.0,311.0,236.0,122.0
539,232.0,442.0,483.0,81.0,399.0,443.0,280.0,360.0,705,69.0,1259.0,200.0,606.0,78.0,130.0,127.0,284.0,244.0,129.0,172.0,53.0
540,1116.0,313.0,650.0,814.0,1547.0,2261.0,636.0,986.0,361,42.0,7325.0,157.0,1000.0,717.0,925.0,613.0,1015.0,799.0,290.0,290.0,377.0
541,7.0,2.0,182.0,3.0,17.0,262.0,49.0,76.0,263,6.0,9.0,1.0,172.0,10.0,6.0,92.0,26.0,213.0,87.0,63.0,16.0
543,3.0,4.0,0.0,0.0,1.0,18.0,11.0,8.0,41,3.0,3.0,2.0,6.0,1.0,0.0,12.0,15.0,29.0,26.0,27.0,52.0
545,185.0,4570.0,91.0,71.0,209.0,146.0,114.0,111.0,249,20.0,1279.0,843.0,158.0,30.0,114.0,113.0,443.0,144.0,67.0,63.0,49.0
546,2.0,72.0,52.0,1.0,9.0,427.0,132.0,302.0,242,3.0,12.0,13.0,125.0,1.0,2.0,118.0,80.0,163.0,133.0,96.0,39.0
557,5.0,3.0,8.0,6.0,8.0,113.0,3.0,58.0,139,8.0,21.0,0.0,63.0,5.0,2.0,52.0,139.0,68.0,40.0,32.0,10.0
559,4.0,9.0,1.0,189.0,32.0,6.0,3.0,7.0,1578,0.0,4.0,7.0,6.0,3.0,3.0,40.0,7.0,5.0,7.0,6.0,12.0
564,4.0,65.0,21.0,2.0,36.0,9.0,13.0,19.0,27,2.0,82.0,37.0,7.0,25.0,9.0,12.0,20.0,22.0,10.0,7.0,6.0
567,236.0,6.0,142.0,35.0,161.0,186.0,25.0,177.0,144,21.0,617.0,4.0,244.0,31.0,109.0,44.0,16.0,77.0,35.0,52.0,30.0
57,0.0,1.0,16.0,0.0,1.0,76.0,1.0,97.0,49,5.0,4.0,1.0,19.0,2.0,0.0,43.0,7.0,83.0,22.0,16.0,27.0
571,69.0,12.0,15.0,9.0,58.0,124.0,72.0,55.0,219,5.0,326.0,8.0,38.0,32.0,36.0,44.0,38.0,72.0,61.0,53.0,12.0
574,4.0,0.0,38.0,1.0,1.0,125.0,28.0,47.0,92,6.0,7.0,0.0,11.0,3.0,0.0,58.0,30.0,65.0,56.0,41.0,18.0
576,0.0,60.0,20.0,0.0,4.0,105.0,0.0,48.0,21,1.0,4.0,17.0,16.0,3.0,2.0,39.0,4.0,36.0,16.0,13.0,6.0
578,1416.0,44951.0,614.0,1285.0,2563.0,1237.0,1488.0,674.0,1812,69.0,10060.0,16576.0,1820.0,2076.0,1675.0,618.0,1494.0,864.0,635.0,391.0,388.0
58,2.0,1.0,0.0,2.0,6.0,14.0,9.0,7.0,104,3.0,1.0,0.0,0.0,1.0,0.0,5.0,3.0,8.0,55.0,8.0,47.0
581,1.0,25.0,41.0,0.0,0.0,439.0,35.0,194.0,335,36.0,3.0,6.0,49.0,1.0,0.0,215.0,41.0,286.0,186.0,143.0,40.0
586,21.0,36.0,236.0,7.0,22.0,360.0,70.0,353.0,540,53.0,41.0,8.0,306.0,12.0,5.0,310.0,158.0,319.0,179.0,140.0,68.0
588,30.0,4.0,16.0,14.0,25.0,30.0,15.0,25.0,91,10.0,78.0,1.0,21.0,24.0,22.0,18.0,2.0,42.0,39.0,32.0,12.0
589,1.0,175.0,138.0,0.0,1.0,510.0,2199.0,231.0,682,76.0,11.0,27.0,138.0,6.0,0.0,288.0,443.0,1025.0,255.0,246.0,135.0
590,4.0,2.0,5.0,3.0,2.0,15.0,7.0,15.0,35,9.0,6.0,4.0,2.0,2.0,2.0,12.0,6.0,24.0,26.0,13.0,6.0
596,2.0,31.0,8.0,2.0,0.0,116.0,41.0,115.0,356,14.0,2.0,1.0,13.0,0.0,0.0,108.0,20.0,88.0,83.0,186.0,33.0
598,493.0,404.0,133.0,346.0,888.0,273.0,8.0,136.0,231,12.0,4772.0,45.0,344.0,483.0,392.0,107.0,267.0,292.0,74.0,48.0,65.0
599,730.0,8.0,119.0,214.0,794.0,494.0,118.0,236.0,326,33.0,3966.0,30.0,546.0,568.0,494.0,241.0,22.0,289.0,180.0,85.0,95.0
599_ref1,4.0,1.0,6.0,3.0,1.0,178.0,30.0,235.0,109,15.0,5.0,1.0,5.0,2.0,1.0,140.0,8.0,208.0,32.0,45.0,357.0
599_ref2,2.0,2.0,4.0,0.0,0.0,167.0,8.0,270.0,164,36.0,0.0,0.0,9.0,1.0,0.0,121.0,7.0,245.0,75.0,49.0,428.0
6,3.0,3.0,1.0,0.0,4.0,9.0,10.0,10.0,22,1.0,1.0,1.0,4.0,0.0,1.0,1.0,2.0,6.0,8.0,4.0,3.0
60,4569.0,3.0,1804.0,3615.0,4632.0,4845.0,353.0,3063.0,3674,97.0,30358.0,0.0,3957.0,3748.0,3287.0,1520.0,554.0,4037.0,2737.0,632.0,409.0
61,1.0,0.0,2.0,0.0,3.0,1.0,0.0,6.0,15,0.0,8.0,2.0,2.0,0.0,2.0,0.0,1.0,5.0,0.0,1.0,1.0
611,3.0,41.0,86.0,1.0,1.0,340.0,114.0,451.0,173,21.0,16.0,3.0,199.0,2.0,0.0,127.0,60.0,395.0,121.0,65.0,109.0
616,318.0,165.0,335.0,48.0,404.0,544.0,192.0,326.0,524,30.0,1794.0,2.0,421.0,127.0,272.0,213.0,88.0,329.0,260.0,175.0,76.0
619,6.0,9.0,0.0,0.0,6.0,11.0,6.0,6.0,16,3.0,7.0,0.0,0.0,4.0,0.0,6.0,6.0,7.0,8.0,12.0,5.0
622,3.0,3.0,25.0,2.0,8.0,515.0,17.0,187.0,544,35.0,25.0,1.0,83.0,3.0,3.0,168.0,77.0,253.0,151.0,140.0,41.0
627,10.0,4.0,3.0,1.0,7.0,10.0,8.0,12.0,26,5.0,7.0,2.0,8.0,2.0,1.0,10.0,12.0,16.0,11.0,11.0,5.0
631,455.0,20.0,403.0,73.0,173.0,1238.0,35.0,441.0,913,107.0,1106.0,11.0,492.0,66.0,224.0,579.0,41.0,807.0,273.0,383.0,90.0
632,50.0,8.0,46.0,40.0,73.0,182.0,213.0,134.0,379,14.0,135.0,14.0,88.0,67.0,12.0,92.0,94.0,115.0,128.0,69.0,26.0
636,3.0,3.0,64.0,1.0,3.0,221.0,31.0,97.0,170,8.0,11.0,2.0,123.0,0.0,3.0,130.0,16.0,281.0,76.0,53.0,29.0
638,5.0,2.0,3.0,0.0,12.0,139.0,50.0,21.0,42,5.0,40.0,1.0,32.0,8.0,6.0,40.0,5.0,54.0,25.0,33.0,23.0
639,34.0,3.0,10.0,12.0,85.0,9.0,5.0,6.0,24,1.0,146.0,0.0,18.0,48.0,25.0,9.0,5.0,22.0,38.0,13.0,6.0
64,32.0,24.0,26.0,71.0,192.0,86.0,6.0,60.0,68,9.0,183.0,7.0,52.0,75.0,60.0,13.0,9.0,135.0,58.0,18.0,22.0
640,68.0,16.0,47.0,43.0,65.0,140.0,9.0,150.0,114,2.0,592.0,4.0,52.0,19.0,51.0,61.0,55.0,141.0,66.0,74.0,41.0
642,286.0,112.0,252.0,118.0,278.0,341.0,43.0,226.0,268,7.0,1269.0,26.0,436.0,124.0,221.0,119.0,263.0,398.0,169.0,143.0,47.0
648,171.0,302.0,7.0,11.0,90.0,50.0,114.0,23.0,43,5.0,173.0,113.0,17.0,28.0,31.0,57.0,142.0,33.0,34.0,20.0,30.0
649,853.0,11.0,553.0,842.0,1477.0,489.0,9.0,409.0,451,51.0,4624.0,24.0,855.0,1012.0,913.0,243.0,18.0,552.0,208.0,142.0,102.0
65,2.0,3.0,0.0,0.0,3.0,6.0,10.0,1.0,9,0.0,6.0,1.0,3.0,1.0,1.0,2.0,4.0,1.0,4.0,5.0,4.0
651,42.0,3.0,35.0,26.0,31.0,32.0,6.0,23.0,65,3.0,158.0,5.0,35.0,99.0,19.0,21.0,11.0,79.0,48.0,22.0,20.0
652,860.0,24.0,413.0,1003.0,1233.0,613.0,78.0,373.0,462,30.0,5622.0,88.0,780.0,1002.0,751.0,183.0,56.0,377.0,212.0,178.0,399.0
653,30.0,189.0,11.0,18.0,51.0,47.0,19.0,39.0,107,2.0,74.0,62.0,22.0,16.0,19.0,29.0,9.0,50.0,46.0,25.0,29.0
657,129.0,2620.0,48.0,35.0,138.0,284.0,58.0,221.0,274,42.0,387.0,3631.0,72.0,40.0,43.0,84.0,35.0,228.0,110.0,72.0,61.0
658,21.0,110.0,7.0,7.0,16.0,65.0,4.0,14.0,15,1.0,63.0,1.0,11.0,9.0,20.0,12.0,3.0,15.0,3.0,12.0,8.0
66,0.0,40.0,19.0,1.0,1.0,68.0,872.0,138.0,87,7.0,0.0,4.0,42.0,3.0,0.0,36.0,47.0,59.0,45.0,66.0,69.0
660,186.0,38.0,57.0,182.0,222.0,214.0,11.0,116.0,281,36.0,913.0,14.0,243.0,184.0,203.0,122.0,69.0,262.0,132.0,111.0,50.0
666,125.0,9756.0,42.0,85.0,157.0,239.0,511.0,138.0,194,11.0,903.0,1756.0,120.0,108.0,106.0,100.0,67.0,134.0,61.0,46.0,75.0
667,294.0,578.0,135.0,261.0,493.0,227.0,11.0,232.0,404,18.0,1252.0,25.0,265.0,340.0,237.0,130.0,30.0,320.0,141.0,131.0,63.0
668,9.0,25.0,5.0,5.0,14.0,25.0,6.0,20.0,31,4.0,32.0,14.0,7.0,15.0,5.0,15.0,89.0,30.0,22.0,15.0,12.0
673,14849.0,1984.0,6998.0,8298.0,16969.0,15990.0,486.0,9837.0,12284,1965.0,71937.0,2013.0,14150.0,9370.0,13835.0,7411.0,342.0,16208.0,4530.0,4733.0,4258.0
674,209.0,1973.0,233.0,466.0,495.0,572.0,153.0,259.0,305,29.0,1810.0,585.0,428.0,398.0,414.0,103.0,76.0,267.0,89.0,76.0,63.0
676,169.0,25.0,44.0,154.0,250.0,178.0,102.0,110.0,284,12.0,886.0,5.0,173.0,306.0,197.0,109.0,30.0,199.0,142.0,123.0,68.0
677,1.0,2.0,0.0,0.0,1.0,11.0,5.0,4.0,25,1.0,0.0,0.0,0.0,0.0,0.0,3.0,3.0,8.0,6.0,8.0,8.0
683,2.0,2.0,5.0,1.0,1.0,56.0,2.0,14.0,21,3.0,3.0,0.0,7.0,1.0,0.0,16.0,0.0,25.0,21.0,8.0,23.0
685,0.0,36.0,68.0,1.0,2.0,476.0,162.0,380.0,541,31.0,6.0,25.0,70.0,0.0,2.0,229.0,463.0,349.0,183.0,169.0,147.0
689,10.0,125.0,5.0,3.0,10.0,13.0,6.0,8.0,10,2.0,11.0,84.0,9.0,5.0,1.0,5.0,2.0,6.0,6.0,24.0,12.0
690,63.0,133.0,33.0,6.0,21.0,93.0,6.0,34.0,58,6.0,94.0,289.0,41.0,13.0,20.0,30.0,18.0,30.0,16.0,18.0,22.0
692,9.0,8.0,331.0,0.0,2.0,1619.0,1292.0,1473.0,1022,46.0,25.0,4.0,695.0,10.0,0.0,638.0,719.0,1811.0,552.0,626.0,497.0
693,22.0,14.0,43.0,10.0,19.0,109.0,51.0,104.0,50,3.0,36.0,5.0,24.0,23.0,7.0,44.0,88.0,73.0,28.0,26.0,38.0
695,396.0,16.0,485.0,191.0,389.0,418.0,216.0,489.0,404,51.0,1152.0,10.0,440.0,207.0,290.0,226.0,6.0,722.0,177.0,140.0,56.0
697,3.0,5.0,5.0,3.0,1.0,31.0,14.0,37.0,59,5.0,10.0,0.0,29.0,0.0,1.0,9.0,22.0,44.0,36.0,44.0,21.0
7,6.0,5.0,5.0,6.0,2.0,71.0,5.0,36.0,134,8.0,87.0,4.0,10.0,10.0,5.0,64.0,15.0,49.0,63.0,55.0,30.0
701,0.0,148.0,86.0,0.0,0.0,546.0,241.0,270.0,412,28.0,8.0,34.0,238.0,1.0,1.0,274.0,131.0,246.0,111.0,93.0,53.0
702,31.0,21.0,492.0,3.0,3.0,1113.0,453.0,847.0,838,90.0,80.0,18.0,967.0,4.0,0.0,506.0,126.0,1235.0,271.0,230.0,353.0
703,27.0,1.0,2.0,0.0,43.0,121.0,18.0,23.0,78,4.0,212.0,4.0,5.0,17.0,5.0,20.0,4.0,23.0,11.0,13.0,6.0
705,1.0,6.0,162.0,0.0,0.0,945.0,184.0,614.0,889,61.0,20.0,0.0,216.0,0.0,0.0,448.0,144.0,1124.0,306.0,265.0,152.0
709,97.0,12.0,411.0,173.0,370.0,69.0,8.0,55.0,131,17.0,813.0,37.0,440.0,257.0,248.0,54.0,7.0,120.0,56.0,34.0,28.0
711,1.0,0.0,0.0,0.0,1.0,10.0,2.0,1.0,4,0.0,1.0,8.0,1.0,0.0,0.0,0.0,0.0,6.0,2.0,1.0,6.0
713,99.0,3.0,100.0,204.0,202.0,86.0,10.0,108.0,98,3.0,836.0,1.0,241.0,274.0,92.0,91.0,2.0,134.0,38.0,39.0,91.0
715,1.0,2.0,3.0,0.0,0.0,12.0,3.0,39.0,20,0.0,0.0,1.0,7.0,0.0,0.0,0.0,5.0,33.0,6.0,7.0,13.0
717,405.0,94.0,252.0,665.0,679.0,459.0,30.0,273.0,348,24.0,2786.0,18139.0,485.0,843.0,340.0,261.0,17.0,349.0,141.0,107.0,303.0
721,6.0,50.0,70.0,1.0,5.0,529.0,453.0,588.0,324,20.0,11.0,14.0,128.0,4.0,1.0,152.0,604.0,300.0,138.0,129.0,66.0
724,11.0,3.0,19.0,8.0,17.0,99.0,5.0,22.0,184,8.0,21.0,2.0,13.0,4.0,4.0,44.0,1.0,29.0,49.0,28.0,17.0
727,667.0,357.0,263.0,138.0,560.0,380.0,61.0,346.0,251,34.0,2555.0,39.0,646.0,263.0,445.0,202.0,57.0,823.0,135.0,152.0,107.0
729,386.0,353.0,131.0,153.0,346.0,481.0,90.0,234.0,314,21.0,1559.0,62.0,325.0,221.0,268.0,191.0,72.0,251.0,109.0,119.0,78.0
731,176.0,31.0,2297.0,62.0,19.0,3613.0,470.0,5195.0,3554,421.0,480.0,2.0,4174.0,21.0,18.0,1482.0,542.0,6231.0,1032.0,984.0,1261.0
732,2.0,4.0,137.0,1.0,3.0,431.0,21.0,557.0,333,88.0,15.0,1.0,306.0,4.0,1.0,212.0,109.0,455.0,178.0,168.0,75.0
734,819.0,26.0,60.0,102.0,602.0,191.0,10.0,188.0,183,17.0,1517.0,14.0,231.0,282.0,540.0,109.0,38.0,337.0,96.0,87.0,37.0
735,1.0,1.0,28.0,0.0,0.0,102.0,93.0,84.0,126,7.0,9.0,0.0,29.0,0.0,0.0,66.0,2.0,85.0,58.0,58.0,18.0
738,7.0,31.0,4.0,3.0,8.0,18.0,10.0,24.0,71,3.0,12.0,25.0,6.0,6.0,14.0,20.0,41.0,30.0,45.0,16.0,11.0
739,12.0,18.0,546.0,1.0,7.0,2665.0,431.0,2477.0,3213,102.0,27.0,9.0,852.0,14.0,3.0,1358.0,517.0,2986.0,1575.0,1300.0,2654.0
740,9.0,3.0,3.0,3.0,4.0,34.0,6.0,37.0,64,3.0,7.0,1.0,17.0,6.0,1.0,14.0,3.0,61.0,28.0,20.0,11.0
741,80.0,9.0,38.0,57.0,61.0,22.0,2.0,30.0,60,12.0,292.0,4.0,40.0,31.0,43.0,5.0,3.0,47.0,24.0,19.0,9.0
742,49.0,57.0,169.0,16.0,60.0,893.0,446.0,1210.0,1233,102.0,126.0,29.0,433.0,33.0,19.0,440.0,463.0,1017.0,661.0,278.0,278.0
748,7.0,9.0,73.0,2.0,30.0,204.0,113.0,132.0,171,12.0,10.0,6.0,118.0,9.0,3.0,118.0,14.0,203.0,70.0,41.0,108.0
749,2.0,3.0,7.0,0.0,7.0,43.0,294.0,14.0,39,6.0,3.0,1.0,9.0,1.0,0.0,26.0,263.0,45.0,22.0,19.0,6.0
754,0.0,23.0,34.0,0.0,0.0,167.0,8.0,181.0,178,18.0,0.0,3.0,43.0,0.0,0.0,71.0,33.0,162.0,98.0,91.0,54.0
755,0.0,5.0,0.0,1.0,0.0,9.0,3.0,7.0,40,1.0,0.0,2.0,0.0,2.0,0.0,1.0,3.0,4.0,6.0,3.0,0.0
756,389.0,499.0,442.0,577.0,800.0,355.0,535.0,307.0,300,35.0,1624.0,358.0,493.0,655.0,510.0,337.0,246.0,712.0,489.0,128.0,362.0
760,331.0,68.0,502.0,58.0,292.0,605.0,144.0,253.0,400,31.0,1186.0,1509.0,308.0,84.0,157.0,220.0,17.0,410.0,161.0,177.0,49.0
77,40.0,39.0,82.0,21.0,149.0,227.0,13.0,47.0,61,17.0,365.0,13.0,109.0,7.0,48.0,50.0,7.0,72.0,26.0,26.0,18.0
772,5.0,78.0,17.0,5.0,34.0,22.0,11.0,18.0,36,6.0,3.0,15.0,72.0,25.0,11.0,12.0,16.0,54.0,6.0,18.0,5.0
775,2.0,20.0,207.0,5.0,0.0,371.0,16.0,321.0,310,45.0,23.0,6.0,272.0,3.0,0.0,223.0,25.0,524.0,189.0,120.0,195.0
778,410.0,30.0,280.0,89.0,502.0,743.0,93.0,383.0,1060,60.0,3266.0,4.0,627.0,166.0,325.0,324.0,83.0,553.0,379.0,213.0,110.0
78,0.0,1.0,6.0,0.0,0.0,78.0,0.0,97.0,88,15.0,0.0,0.0,2.0,0.0,1.0,57.0,5.0,41.0,49.0,31.0,9.0
782,0.0,3.0,216.0,0.0,1.0,188.0,3.0,178.0,110,20.0,3.0,2.0,75.0,0.0,0.0,114.0,85.0,204.0,53.0,69.0,32.0
783,267.0,8347.0,102.0,337.0,543.0,347.0,121.0,218.0,75,7.0,2185.0,3218.0,338.0,461.0,395.0,107.0,109.0,121.0,40.0,57.0,48.0
784,7.0,85.0,12.0,0.0,2.0,162.0,44.0,55.0,148,6.0,9.0,21.0,45.0,1.0,0.0,55.0,374.0,68.0,89.0,92.0,25.0
789,0.0,6.0,4.0,0.0,0.0,135.0,1.0,71.0,121,13.0,1.0,1.0,42.0,0.0,0.0,30.0,77.0,141.0,50.0,89.0,68.0
790,31.0,138.0,119.0,14.0,43.0,392.0,332.0,453.0,626,26.0,190.0,51.0,445.0,32.0,21.0,198.0,619.0,637.0,244.0,208.0,248.0
791,21.0,178.0,8.0,24.0,39.0,50.0,262.0,32.0,61,6.0,103.0,40.0,46.0,43.0,12.0,15.0,50.0,78.0,26.0,30.0,24.0
795,687.0,37.0,6854.0,106.0,92.0,13018.0,1685.0,14596.0,7578,885.0,2559.0,6.0,15463.0,98.0,48.0,4788.0,1463.0,16570.0,2850.0,3074.0,1769.0
796,4.0,240.0,37.0,2.0,0.0,404.0,860.0,369.0,1200,105.0,14.0,84.0,108.0,0.0,1.0,230.0,283.0,514.0,479.0,279.0,155.0
797,2.0,9.0,2.0,0.0,1.0,24.0,25.0,7.0,40,2.0,4.0,3.0,17.0,3.0,1.0,27.0,18.0,3.0,21.0,7.0,10.0
798,7.0,65.0,80.0,1.0,2.0,1498.0,606.0,1033.0,1477,154.0,9.0,6.0,196.0,0.0,0.0,806.0,563.0,1364.0,499.0,655.0,146.0
800,0.0,1.0,0.0,0.0,0.0,2.0,0.0,3.0,12,0.0,1.0,0.0,0.0,0.0,0.0,1.0,8.0,3.0,5.0,6.0,3.0
801,5.0,1023.0,1.0,11.0,10.0,3.0,10.0,7.0,12,2.0,13.0,269.0,5.0,6.0,2.0,2.0,8.0,8.0,3.0,7.0,18.0
803,0.0,3.0,2.0,1.0,0.0,58.0,4.0,50.0,53,7.0,1.0,1.0,1.0,0.0,0.0,14.0,57.0,49.0,26.0,15.0,6.0
804,13.0,87.0,14.0,9.0,25.0,43.0,16.0,25.0,136,5.0,89.0,24.0,16.0,26.0,6.0,18.0,10.0,32.0,47.0,36.0,14.0
805,144.0,1514.0,472.0,20.0,165.0,149.0,89.0,182.0,79,9.0,771.0,588.0,119.0,15.0,211.0,89.0,91.0,180.0,53.0,69.0,23.0
807,0.0,2.0,6.0,0.0,1.0,157.0,118.0,29.0,52,1.0,0.0,0.0,21.0,0.0,2.0,31.0,4.0,123.0,27.0,23.0,6.0
808,8.0,13.0,18.0,6.0,17.0,77.0,15.0,69.0,147,11.0,24.0,5.0,49.0,8.0,3.0,26.0,39.0,64.0,49.0,25.0,30.0
809,232.0,28.0,193.0,61.0,423.0,209.0,17.0,188.0,236,27.0,1299.0,18.0,406.0,130.0,290.0,144.0,331.0,322.0,107.0,117.0,51.0
81,26.0,8203.0,11.0,19.0,17.0,58.0,158.0,11.0,33,4.0,104.0,1626.0,8.0,26.0,20.0,5.0,2.0,19.0,46.0,32.0,14.0
811,11.0,20.0,5.0,42.0,18.0,49.0,13.0,24.0,85,5.0,65.0,2.0,10.0,25.0,13.0,19.0,0.0,84.0,36.0,12.0,14.0
812,3.0,4.0,1.0,0.0,3.0,7.0,4.0,8.0,58,4.0,8.0,1.0,14.0,2.0,0.0,7.0,3.0,15.0,13.0,18.0,10.0
813,28.0,26.0,99.0,22.0,31.0,301.0,354.0,241.0,628,26.0,83.0,8.0,75.0,41.0,25.0,145.0,72.0,243.0,311.0,138.0,34.0
819,6.0,7.0,299.0,2.0,4.0,1731.0,266.0,792.0,872,63.0,20.0,15.0,460.0,7.0,1.0,722.0,497.0,1219.0,594.0,279.0,221.0
821,3.0,4.0,27.0,0.0,2.0,209.0,271.0,41.0,99,17.0,4.0,1.0,12.0,0.0,0.0,105.0,126.0,83.0,24.0,78.0,37.0
823,27.0,8.0,127.0,12.0,47.0,85.0,242.0,49.0,222,10.0,72.0,8.0,186.0,25.0,7.0,79.0,42.0,135.0,64.0,36.0,33.0
830,0.0,0.0,0.0,0.0,0.0,4.0,3.0,5.0,6,0.0,4.0,0.0,1.0,2.0,0.0,4.0,3.0,6.0,5.0,4.0,2.0
833,28.0,7217.0,12.0,15.0,22.0,43.0,9.0,40.0,89,3.0,42.0,25.0,35.0,26.0,19.0,19.0,84.0,65.0,24.0,28.0,17.0
835,88.0,117.0,38.0,23.0,26.0,48.0,14.0,40.0,36,2.0,214.0,16.0,38.0,45.0,11.0,26.0,3.0,50.0,14.0,24.0,46.0
837,50.0,3.0,69.0,31.0,217.0,318.0,106.0,373.0,270,33.0,316.0,7.0,131.0,29.0,24.0,126.0,121.0,251.0,131.0,112.0,40.0
838,32877.0,8242.0,23185.0,26341.0,57586.0,32579.0,5196.0,21111.0,14974,1071.0,198026.0,4498.0,39568.0,33715.0,41656.0,10688.0,2457.0,27468.0,7942.0,7791.0,5903.0
839,16.0,1.0,23.0,8.0,42.0,75.0,10.0,48.0,33,5.0,64.0,1.0,45.0,34.0,11.0,41.0,21.0,61.0,41.0,35.0,12.0
841,13.0,2345.0,20.0,42.0,12.0,77.0,9.0,15.0,123,4.0,51.0,2008.0,21.0,45.0,7.0,24.0,11.0,41.0,49.0,26.0,85.0
842,345.0,4600.0,345.0,276.0,546.0,365.0,106.0,130.0,314,31.0,2122.0,213.0,517.0,393.0,200.0,176.0,139.0,242.0,126.0,127.0,181.0
843,8.0,118.0,66.0,2.0,12.0,821.0,1582.0,575.0,1543,118.0,21.0,20.0,180.0,9.0,4.0,594.0,4689.0,1609.0,696.0,696.0,557.0
848,2.0,7.0,2.0,0.0,9.0,7.0,0.0,3.0,12,3.0,3.0,1.0,5.0,2.0,0.0,1.0,0.0,2.0,4.0,2.0,4.0
850,10.0,114.0,287.0,2.0,3.0,1405.0,543.0,1200.0,1641,89.0,67.0,15.0,699.0,3.0,0.0,752.0,363.0,1469.0,634.0,395.0,308.0
853,316.0,496.0,137.0,131.0,368.0,240.0,44.0,303.0,234,22.0,2105.0,1440.0,1081.0,295.0,298.0,116.0,708.0,296.0,129.0,112.0,263.0
854,12.0,21.0,83.0,2.0,5.0,146.0,24.0,80.0,81,6.0,27.0,6.0,23.0,1.0,0.0,25.0,16.0,114.0,14.0,30.0,28.0
857,2.0,364.0,1822.0,2.0,7.0,7188.0,560.0,9746.0,5232,376.0,196.0,24.0,2378.0,0.0,5.0,2969.0,1718.0,6083.0,3058.0,2561.0,1180.0
859,89.0,549.0,39.0,77.0,68.0,84.0,48.0,53.0,74,5.0,330.0,18.0,99.0,68.0,34.0,28.0,52.0,56.0,31.0,39.0,34.0
860,32.0,50.0,50.0,24.0,40.0,176.0,31.0,153.0,285,20.0,101.0,13.0,79.0,53.0,15.0,93.0,35.0,236.0,110.0,106.0,66.0
862,112.0,18.0,38.0,62.0,115.0,73.0,15.0,56.0,147,12.0,292.0,11.0,97.0,95.0,49.0,22.0,15.0,105.0,52.0,46.0,34.0
868,6.0,0.0,15.0,30.0,56.0,18.0,5.0,21.0,34,3.0,70.0,0.0,12.0,36.0,17.0,5.0,1.0,27.0,8.0,11.0,26.0
869,34.0,0.0,3.0,14.0,45.0,32.0,1.0,3.0,10,1.0,142.0,1.0,30.0,5.0,8.0,7.0,4.0,20.0,17.0,9.0,8.0
87,1.0,15.0,1.0,0.0,9.0,16.0,0.0,5.0,21,3.0,2.0,9.0,3.0,2.0,0.0,0.0,2.0,19.0,4.0,8.0,10.0
870,2.0,7.0,0.0,0.0,0.0,4.0,4.0,6.0,27,2.0,35.0,7.0,1.0,2.0,3.0,8.0,2.0,18.0,11.0,4.0,5.0
871,0.0,8.0,1.0,1.0,0.0,8.0,3.0,23.0,6,2.0,1.0,1.0,5.0,0.0,0.0,0.0,1.0,10.0,4.0,3.0,1.0
879,1.0,0.0,0.0,0.0,0.0,10.0,5.0,4.0,5,1.0,0.0,0.0,16.0,0.0,0.0,1.0,1.0,4.0,5.0,12.0,4.0
880,0.0,4.0,0.0,1.0,2.0,3.0,6.0,2.0,14,0.0,1.0,8.0,1.0,0.0,0.0,2.0,1.0,4.0,6.0,2.0,2.0
882,1.0,3.0,0.0,0.0,0.0,4.0,29.0,8.0,47,3.0,0.0,1.0,0.0,0.0,0.0,5.0,3.0,10.0,15.0,2.0,2.0
887,8.0,7.0,11.0,5.0,1.0,132.0,100.0,84.0,437,10.0,24.0,1.0,60.0,5.0,0.0,78.0,112.0,124.0,269.0,102.0,75.0
888,110.0,6.0,5.0,55.0,100.0,63.0,18.0,38.0,44,3.0,261.0,1.0,49.0,70.0,54.0,70.0,3.0,50.0,16.0,15.0,15.0
89,463.0,2767.0,35.0,131.0,278.0,161.0,1591.0,136.0,131,11.0,867.0,4413.0,117.0,246.0,268.0,129.0,1325.0,167.0,60.0,159.0,140.0
892,4.0,1.0,36.0,0.0,1.0,30.0,10.0,52.0,19,2.0,8.0,5.0,100.0,0.0,0.0,18.0,1.0,78.0,10.0,24.0,6.0
897,0.0,0.0,0.0,0.0,0.0,1.0,0.0,0.0,2,0.0,0.0,0.0,1.0,1.0,0.0,0.0,0.0,0.0,0.0,1.0,0.0
904,0.0,0.0,0.0,1.0,2.0,3.0,1.0,2.0,2,0.0,1.0,2.0,1.0,1.0,0.0,2.0,1.0,4.0,10.0,6.0,2.0
91,73.0,1431.0,109.0,59.0,58.0,51.0,111.0,129.0,211,16.0,225.0,30.0,127.0,79.0,94.0,43.0,263.0,154.0,78.0,57.0,24.0
911,69.0,362.0,135.0,50.0,235.0,275.0,12.0,298.0,97,6.0,2022.0,169.0,147.0,95.0,138.0,38.0,47.0,91.0,66.0,51.0,59.0
916,135.0,57.0,42.0,20.0,76.0,73.0,266.0,108.0,251,19.0,320.0,62.0,158.0,36.0,27.0,56.0,33.0,102.0,60.0,68.0,39.0
923,2.0,28.0,37.0,2.0,2.0,355.0,172.0,159.0,211,20.0,1.0,12.0,44.0,1.0,0.0,218.0,103.0,223.0,97.0,63.0,207.0
924,3.0,3.0,6.0,0.0,3.0,19.0,2.0,17.0,15,0.0,2.0,8.0,17.0,1.0,0.0,12.0,1.0,80.0,9.0,5.0,12.0
930,4.0,4.0,7.0,1.0,3.0,138.0,100.0,120.0,169,17.0,1.0,3.0,54.0,0.0,0.0,83.0,161.0,121.0,100.0,52.0,18.0
931,81.0,0.0,170.0,26.0,109.0,301.0,42.0,141.0,146,21.0,290.0,7.0,120.0,26.0,47.0,84.0,43.0,109.0,82.0,95.0,40.0
933,1.0,16.0,2.0,0.0,9.0,2.0,2.0,2.0,3,1.0,7.0,2.0,2.0,0.0,1.0,0.0,0.0,2.0,0.0,6.0,2.0
936,93.0,47.0,81.0,63.0,165.0,196.0,717.0,92.0,324,32.0,672.0,173.0,264.0,187.0,132.0,101.0,287.0,145.0,90.0,83.0,41.0
937,1.0,1.0,3.0,0.0,2.0,6.0,12.0,4.0,51,1.0,4.0,5.0,2.0,1.0,0.0,6.0,10.0,10.0,11.0,8.0,3.0
939,199.0,444.0,276.0,184.0,486.0,282.0,90.0,197.0,246,19.0,2797.0,24.0,443.0,210.0,295.0,116.0,62.0,151.0,116.0,62.0,52.0
94,775.0,3163.0,86.0,251.0,557.0,327.0,36.0,121.0,169,11.0,2625.0,1279.0,392.0,451.0,576.0,138.0,50.0,174.0,107.0,65.0,66.0
941,0.0,1.0,6.0,0.0,4.0,54.0,7.0,24.0,42,4.0,2.0,3.0,12.0,3.0,0.0,25.0,0.0,78.0,17.0,39.0,10.0
942,7.0,0.0,1.0,1.0,3.0,2.0,1.0,1.0,9,0.0,72.0,0.0,1.0,3.0,1.0,7.0,1.0,2.0,2.0,2.0,0.0
943,23.0,38.0,1.0,10.0,10.0,49.0,7.0,10.0,40,0.0,51.0,50.0,7.0,7.0,3.0,12.0,30.0,5.0,23.0,18.0,14.0
945,0.0,20.0,23.0,0.0,1.0,12.0,19.0,41.0,40,0.0,0.0,10.0,19.0,0.0,0.0,7.0,2.0,29.0,24.0,15.0,10.0
946,0.0,2.0,0.0,0.0,0.0,3.0,5.0,1.0,14,2.0,1.0,1.0,0.0,1.0,0.0,1.0,3.0,3.0,1.0,4.0,4.0
953,5.0,3.0,1.0,0.0,3.0,19.0,4.0,8.0,20,1.0,1.0,1.0,6.0,2.0,4.0,16.0,7.0,2.0,4.0,9.0,10.0
957,42.0,6762.0,77.0,34.0,71.0,75.0,45.0,19.0,39,6.0,385.0,1500.0,39.0,43.0,24.0,32.0,26.0,44.0,25.0,27.0,17.0
959,361.0,116.0,523.0,93.0,45.0,6603.0,20863.0,2719.0,16049,579.0,908.0,106.0,1556.0,108.0,3.0,2940.0,13065.0,3573.0,5614.0,2950.0,730.0
960,35.0,5.0,35.0,15.0,70.0,46.0,2.0,35.0,27,16.0,30.0,1.0,85.0,22.0,12.0,17.0,7.0,8.0,22.0,17.0,4.0
962,2.0,15.0,3.0,2.0,4.0,110.0,4.0,8.0,35,2.0,5.0,2.0,15.0,1.0,3.0,41.0,36.0,27.0,12.0,19.0,10.0
966,1.0,0.0,17.0,0.0,1.0,9.0,5.0,13.0,27,0.0,1.0,3.0,7.0,0.0,0.0,3.0,7.0,11.0,17.0,3.0,10.0
967,106.0,13.0,50.0,54.0,105.0,337.0,102.0,170.0,172,18.0,367.0,1098.0,94.0,88.0,73.0,80.0,43.0,117.0,97.0,113.0,38.0
972,368.0,1440.0,48.0,292.0,359.0,131.0,21.0,40.0,95,13.0,1935.0,843.0,188.0,188.0,266.0,71.0,20.0,132.0,33.0,31.0,33.0
973,2.0,8.0,15.0,0.0,1.0,69.0,1.0,119.0,67,5.0,0.0,4.0,141.0,0.0,0.0,23.0,61.0,89.0,29.0,28.0,3.0
976,0.0,19.0,4.0,0.0,2.0,18.0,16.0,45.0,34,1.0,3.0,1.0,4.0,1.0,1.0,12.0,1.0,24.0,21.0,14.0,4.0
980,2.0,57.0,4.0,1.0,3.0,33.0,26.0,11.0,93,3.0,6.0,17.0,2.0,1.0,1.0,15.0,10.0,26.0,62.0,17.0,14.0
983,49.0,336.0,41.0,32.0,105.0,37.0,32.0,12.0,64,7.0,410.0,663.0,108.0,30.0,56.0,34.0,24.0,34.0,24.0,11.0,8.0
984,3.0,41.0,194.0,18.0,6.0,419.0,54.0,349.0,328,78.0,16.0,6.0,310.0,4.0,0.0,168.0,52.0,933.0,148.0,162.0,56.0
985,2.0,6.0,0.0,0.0,0.0,5.0,4.0,3.0,56,1.0,1.0,1.0,2.0,0.0,0.0,3.0,14.0,16.0,11.0,3.0,2.0
987,26.0,2.0,52.0,8.0,51.0,32.0,0.0,15.0,12,6.0,42.0,1.0,122.0,6.0,41.0,9.0,2.0,26.0,6.0,13.0,8.0
99,199.0,8.0,241.0,74.0,178.0,125.0,6.0,162.0,134,14.0,1282.0,5.0,505.0,67.0,151.0,98.0,55.0,185.0,63.0,42.0,40.0
991,2.0,24.0,23.0,0.0,2.0,145.0,97.0,332.0,187,26.0,8.0,3.0,38.0,1.0,0.0,101.0,8.0,314.0,70.0,62.0,52.0
992,2.0,3.0,52.0,0.0,1.0,665.0,51.0,270.0,551,49.0,14.0,0.0,66.0,0.0,0.0,276.0,191.0,295.0,228.0,204.0,38.0
996,57.0,64.0,9.0,80.0,74.0,105.0,857.0,40.0,196,3.0,259.0,19.0,50.0,137.0,31.0,55.0,270.0,54.0,53.0,53.0,53.0
998,0.0,10.0,1.0,0.0,1.0,12.0,0.0,15.0,22,0.0,3.0,1.0,0.0,0.0,0.0,2.0,8.0,2.0,9.0,2.0,5.0
999,6.0,19.0,1.0,8.0,1.0,6.0,1.0,0.0,13,0.0,18.0,11.0,0.0,15.0,2.0,3.0,6.0,2.0,1.0,3.0,5.0
1052,1.0,22.0,0.0,1.0,1.0,0.0,1.0,0.0,1,0.0,2.0,12.0,1.0,1.0,0.0,0.0,0.0,0.0,2.0,0.0,0.0
17_2,1.0,1.0,0.0,1.0,2.0,1.0,0.0,0.0,3,0.0,8.0,0.0,0.0,0.0,1.0,2.0,0.0,0.0,1.0,2.0,1.0
217,0.0,10.0,1.0,0.0,0.0,1.0,0.0,0.0,5,0.0,1.0,0.0,0.0,1.0,0.0,0.0,0.0,1.0,1.0,0.0,0.0
22,0.0,2.0,0.0,1.0,0.0,6.0,1.0,4.0,9,0.0,2.0,0.0,0.0,0.0,2.0,0.0,0.0,4.0,2.0,0.0,2.0
292,3.0,4.0,0.0,1.0,4.0,4.0,1.0,0.0,3,1.0,11.0,0.0,5.0,2.0,0.0,0.0,3.0,2.0,4.0,3.0,0.0
387,3.0,5.0,1.0,0.0,5.0,4.0,1.0,3.0,8,3.0,3.0,0.0,1.0,1.0,0.0,0.0,12.0,2.0,4.0,6.0,6.0
411,2.0,0.0,0.0,1.0,1.0,1.0,0.0,0.0,6,0.0,2.0,0.0,0.0,1.0,0.0,3.0,0.0,1.0,4.0,0.0,0.0
44,2.0,0.0,0.0,0.0,0.0,3.0,1.0,0.0,4,2.0,3.0,0.0,1.0,1.0,0.0,0.0,0.0,3.0,1.0,0.0,1.0
501,2.0,0.0,0.0,2.0,3.0,2.0,2.0,0.0,2,0.0,0.0,2.0,0.0,1.0,0.0,1.0,2.0,2.0,0.0,1.0,0.0
506,0.0,3.0,0.0,3.0,3.0,0.0,0.0,0.0,2,0.0,0.0,13.0,1.0,1.0,0.0,0.0,0.0,0.0,0.0,2.0,0.0
59,1.0,0.0,0.0,0.0,0.0,1.0,1.0,0.0,5,0.0,1.0,1.0,0.0,0.0,0.0,0.0,0.0,6.0,3.0,1.0,0.0
607,18.0,0.0,0.0,0.0,3.0,10.0,13.0,12.0,18,0.0,6.0,0.0,1.0,4.0,0.0,3.0,5.0,16.0,4.0,16.0,2.0
643,1.0,1.0,0.0,2.0,3.0,4.0,2.0,0.0,3,0.0,2.0,0.0,2.0,6.0,2.0,1.0,4.0,2.0,1.0,0.0,1.0
753,3.0,27.0,4.0,4.0,2.0,11.0,17.0,10.0,10,2.0,2.0,9.0,2.0,4.0,0.0,5.0,6.0,14.0,10.0,2.0,3.0
79,2.0,1.0,2.0,0.0,0.0,3.0,0.0,0.0,9,1.0,1.0,0.0,2.0,0.0,1.0,0.0,3.0,2.0,2.0,1.0,2.0
917,1.0,0.0,0.0,0.0,2.0,1.0,9.0,0.0,23,0.0,2.0,0.0,3.0,0.0,0.0,1.0,2.0,4.0,8.0,0.0,4.0
956,2.0,8.0,2.0,1.0,11.0,20.0,16.0,4.0,16,1.0,2.0,5.0,3.0,1.0,1.0,3.0,15.0,27.0,22.0,3.0,3.0
454,0.0,1.0,0.0,0.0,0.0,11.0,6.0,0.0,9,0.0,1.0,3.0,3.0,2.0,0.0,5.0,0.0,3.0,5.0,8.0,6.0
932,1.0,7.0,20.0,1.0,3.0,48.0,1.0,5.0,26,1.0,12.0,0.0,19.0,0.0,1.0,15.0,1.0,45.0,12.0,3.0,2.0
