strain_id,A_MTX_5-FC.MID2_TPO2,A_MTX_Fluconazole.MID2_TPO2,A_MTX_Metformin.MID2_TPO2,A_MTX_Trifluoperazine.MID2_TPO2,A_MTX_noDrug.MID2_TPO2,A_noMTX_5-FC.MID2_TPO2,A_noMTX_Fluconazole.MID2_TPO2,A_noMTX_Metformin.MID2_TPO2,A_noMTX_Trifluoperazine.MID2_TPO2,A_noMTX_noDrug.MID2_TPO2,B_MTX_5-FC.MID2_TPO2,B_MTX_Fluconazole.MID2_TPO2,B_MTX_Metformin.MID2_TPO2,B_MTX_Trifluoperazine.MID2_TPO2,B_MTX_noDrug.MID2_TPO2,B_noMTX_5-FC.MID2_TPO2,B_noMTX_Fluconazole.MID2_TPO2,B_noMTX_Metformin.MID2_TPO2,B_noMTX_Trifluoperazine.MID2_TPO2,B_noMTX_noDrug.MID2_TPO2,T0_noMTX_noDrug.MID2_TPO2
1005,1.0,2.0,2.0,2.0,0.0,863.0,32.0,232.0,315.0,54.0,1.0,0.0,8.0,2.0,0.0,223.0,6.0,252.0,38.0,127.0,35.0
1007,0.0,0.0,6.0,0.0,0.0,422.0,94.0,248.0,158.0,40.0,2.0,0.0,5.0,1.0,0.0,117.0,43.0,159.0,48.0,84.0,8.0
1013,0.0,2.0,0.0,7.0,0.0,35.0,3.0,17.0,4.0,2.0,7.0,1.0,4.0,1.0,0.0,6.0,1.0,34.0,1.0,2.0,2.0
1016,3.0,1.0,3.0,0.0,1.0,516.0,1170.0,288.0,135.0,69.0,3.0,1.0,11.0,1.0,0.0,316.0,260.0,244.0,94.0,116.0,37.0
1018,119.0,622.0,221.0,213.0,29.0,378.0,143.0,235.0,91.0,57.0,385.0,528.0,846.0,367.0,104.0,198.0,127.0,210.0,16.0,66.0,25.0
1020,700.0,19.0,561.0,1398.0,32.0,1890.0,197.0,836.0,441.0,161.0,1574.0,0.0,4005.0,3193.0,321.0,324.0,6.0,875.0,97.0,429.0,88.0
1025,5.0,38.0,11.0,9.0,67.0,1464.0,6806.0,853.0,391.0,91.0,9.0,2.0,51.0,9.0,1.0,500.0,260.0,790.0,71.0,234.0,82.0
1027,2.0,5.0,2.0,0.0,0.0,1210.0,589.0,299.0,174.0,41.0,1.0,0.0,81.0,0.0,0.0,80.0,20.0,685.0,33.0,216.0,27.0
1035,14.0,27.0,4.0,55.0,9.0,16.0,2.0,13.0,13.0,3.0,12.0,3.0,25.0,37.0,2.0,4.0,1.0,16.0,3.0,4.0,0.0
1038,28.0,4.0,39.0,30.0,5.0,136.0,4.0,59.0,24.0,13.0,181.0,0.0,13.0,118.0,11.0,35.0,6.0,45.0,25.0,43.0,13.0
1040,6.0,27.0,30.0,11.0,3.0,1811.0,36.0,934.0,426.0,172.0,15.0,2.0,134.0,17.0,1.0,873.0,139.0,1059.0,158.0,521.0,37.0
1046,1.0,1.0,4.0,7.0,0.0,434.0,34.0,163.0,248.0,39.0,0.0,1.0,40.0,3.0,0.0,238.0,21.0,156.0,45.0,63.0,39.0
1050,7.0,2.0,30.0,20.0,0.0,48.0,2.0,95.0,31.0,4.0,139.0,0.0,103.0,87.0,7.0,16.0,3.0,32.0,21.0,16.0,0.0
1065,14.0,16.0,51.0,17.0,0.0,126.0,1.0,134.0,15.0,9.0,2.0,5.0,62.0,26.0,3.0,11.0,0.0,53.0,3.0,20.0,2.0
1069,3127.0,7311.0,1935.0,4215.0,116.0,3374.0,614.0,2048.0,1358.0,229.0,7506.0,4768.0,11301.0,9412.0,856.0,1508.0,486.0,1645.0,300.0,707.0,235.0
107,1.0,4.0,1.0,0.0,0.0,174.0,8.0,20.0,38.0,8.0,0.0,1.0,1.0,0.0,0.0,12.0,1.0,74.0,4.0,16.0,12.0
113,39.0,10.0,39.0,34.0,15.0,122.0,4.0,29.0,25.0,19.0,55.0,4.0,37.0,62.0,17.0,92.0,53.0,35.0,15.0,16.0,8.0
119,1.0,7.0,2.0,5.0,6.0,11.0,6.0,5.0,8.0,0.0,2.0,0.0,2.0,4.0,3.0,3.0,3.0,7.0,4.0,2.0,3.0
124,44.0,1.0,68.0,63.0,2.0,76.0,2.0,77.0,59.0,22.0,106.0,49.0,859.0,79.0,40.0,88.0,5.0,64.0,5.0,20.0,23.0
128,1.0,0.0,0.0,1.0,0.0,1186.0,364.0,416.0,321.0,78.0,3.0,0.0,7.0,4.0,2.0,456.0,326.0,385.0,79.0,163.0,46.0
132,0.0,1.0,18.0,0.0,2.0,882.0,10.0,725.0,514.0,89.0,11.0,0.0,134.0,0.0,0.0,185.0,6.0,751.0,119.0,294.0,53.0
133,0.0,1.0,1.0,0.0,0.0,80.0,0.0,38.0,60.0,61.0,0.0,0.0,1.0,0.0,0.0,31.0,0.0,13.0,25.0,4.0,4.0
136,1.0,2.0,1.0,3.0,0.0,124.0,2.0,38.0,359.0,7.0,2.0,0.0,2.0,3.0,0.0,35.0,9.0,38.0,51.0,27.0,10.0
14,500.0,39.0,1357.0,1320.0,9.0,965.0,68.0,755.0,516.0,130.0,901.0,99.0,963.0,3270.0,430.0,338.0,6.0,586.0,264.0,181.0,116.0
146,1784.0,87.0,1750.0,1668.0,69.0,6567.0,625.0,3073.0,2993.0,513.0,3734.0,7.0,7081.0,3651.0,586.0,2648.0,427.0,2918.0,728.0,1323.0,319.0
15,65.0,1.0,147.0,41.0,0.0,138.0,33.0,79.0,24.0,16.0,309.0,19.0,60.0,111.0,29.0,101.0,2.0,27.0,12.0,18.0,15.0
151,1.0,29.0,1.0,5.0,0.0,79.0,4.0,27.0,16.0,1.0,3.0,0.0,4.0,1.0,2.0,15.0,0.0,36.0,3.0,6.0,5.0
153,2.0,4.0,3.0,1.0,0.0,249.0,277.0,257.0,77.0,32.0,1.0,1.0,5.0,1.0,0.0,130.0,19.0,30.0,12.0,85.0,45.0
17,0.0,29.0,1.0,7.0,3.0,4.0,2.0,5.0,3.0,1.0,0.0,9.0,3.0,2.0,0.0,2.0,7.0,2.0,2.0,2.0,0.0
171,12.0,4.0,9.0,27.0,0.0,103.0,7.0,51.0,20.0,8.0,45.0,1.0,20.0,25.0,2.0,59.0,3.0,34.0,17.0,31.0,18.0
175,2.0,0.0,1.0,2.0,1.0,365.0,3.0,214.0,154.0,35.0,0.0,0.0,0.0,2.0,1.0,221.0,1.0,158.0,15.0,53.0,23.0
180,0.0,1.0,0.0,0.0,0.0,394.0,234.0,105.0,27.0,15.0,1.0,0.0,2.0,0.0,1.0,157.0,6.0,102.0,15.0,88.0,19.0
180_2,1.0,6.0,10.0,2.0,0.0,151.0,24.0,118.0,37.0,31.0,1.0,2.0,3.0,1.0,0.0,178.0,8.0,119.0,12.0,69.0,21.0
185,8.0,3.0,9.0,8.0,3.0,29.0,2.0,12.0,7.0,3.0,9.0,1.0,24.0,32.0,2.0,7.0,0.0,21.0,0.0,7.0,1.0
187,0.0,0.0,1.0,0.0,68.0,327.0,5.0,101.0,44.0,8.0,0.0,0.0,23.0,4.0,1.0,22.0,6.0,61.0,5.0,38.0,15.0
188,4.0,33.0,35.0,9.0,0.0,1445.0,4.0,177.0,201.0,109.0,11.0,16.0,26.0,6.0,1.0,270.0,5.0,463.0,86.0,211.0,26.0
192,9.0,48.0,6.0,16.0,17.0,264.0,502.0,146.0,100.0,49.0,7.0,28.0,12.0,6.0,7.0,363.0,50.0,113.0,20.0,65.0,28.0
20,0.0,1.0,0.0,0.0,0.0,48.0,0.0,20.0,17.0,1.0,0.0,0.0,1.0,0.0,0.0,8.0,8.0,29.0,2.0,5.0,2.0
209,0.0,1.0,9.0,5.0,1.0,287.0,17.0,102.0,81.0,29.0,4.0,0.0,14.0,3.0,2.0,306.0,108.0,140.0,55.0,39.0,37.0
210,0.0,0.0,7.0,8.0,0.0,80.0,17.0,26.0,34.0,6.0,1.0,0.0,12.0,3.0,1.0,88.0,3.0,41.0,7.0,9.0,5.0
226,21.0,22.0,29.0,43.0,0.0,356.0,192.0,157.0,119.0,15.0,32.0,15.0,94.0,42.0,5.0,108.0,4.0,56.0,17.0,59.0,43.0
235,1.0,1.0,0.0,0.0,0.0,43.0,1.0,53.0,8.0,7.0,0.0,0.0,8.0,1.0,0.0,123.0,1.0,23.0,8.0,17.0,7.0
240,2.0,0.0,0.0,2.0,0.0,9.0,6.0,11.0,5.0,1.0,2.0,0.0,0.0,0.0,0.0,8.0,0.0,17.0,0.0,2.0,2.0
248,10.0,0.0,2.0,0.0,0.0,68.0,6.0,89.0,12.0,6.0,0.0,0.0,79.0,13.0,5.0,19.0,1.0,34.0,6.0,7.0,5.0
250,4.0,1.0,0.0,0.0,0.0,0.0,1.0,5.0,1.0,1.0,5.0,1.0,0.0,0.0,0.0,5.0,4.0,3.0,1.0,1.0,0.0
252,56.0,11.0,0.0,33.0,43.0,15.0,24.0,7.0,5.0,0.0,44.0,0.0,3.0,53.0,23.0,3.0,33.0,8.0,3.0,1.0,1.0
253,1.0,4.0,11.0,19.0,0.0,137.0,18.0,172.0,27.0,10.0,5.0,5.0,10.0,11.0,4.0,67.0,7.0,40.0,8.0,15.0,7.0
254,2.0,2.0,10.0,4.0,1.0,417.0,37.0,124.0,169.0,46.0,1.0,2.0,31.0,1.0,1.0,171.0,34.0,140.0,107.0,127.0,28.0
257,1.0,1.0,5.0,1.0,2.0,217.0,43.0,132.0,80.0,24.0,7.0,0.0,4.0,7.0,2.0,270.0,184.0,132.0,8.0,66.0,47.0
258,351.0,22.0,55.0,219.0,1.0,821.0,120.0,394.0,242.0,41.0,567.0,0.0,703.0,457.0,74.0,431.0,77.0,269.0,54.0,130.0,38.0
27,7.0,0.0,3.0,6.0,0.0,24.0,1.0,25.0,4.0,3.0,1.0,0.0,3.0,8.0,1.0,15.0,2.0,25.0,1.0,4.0,5.0
270,0.0,0.0,0.0,0.0,0.0,7.0,11.0,6.0,2.0,0.0,0.0,0.0,0.0,0.0,0.0,1.0,6.0,6.0,1.0,0.0,1.0
271,0.0,0.0,8.0,0.0,0.0,540.0,348.0,206.0,182.0,54.0,0.0,1.0,13.0,1.0,0.0,347.0,129.0,181.0,43.0,69.0,45.0
272,1.0,0.0,1.0,1.0,0.0,96.0,5.0,25.0,31.0,8.0,5.0,0.0,4.0,0.0,0.0,19.0,2.0,29.0,11.0,51.0,1.0
277,2.0,0.0,0.0,0.0,0.0,2.0,3.0,3.0,9.0,0.0,1.0,0.0,1.0,0.0,0.0,6.0,2.0,5.0,1.0,1.0,0.0
286,17.0,5.0,79.0,23.0,4.0,72.0,2.0,85.0,38.0,15.0,30.0,5.0,68.0,40.0,14.0,20.0,4.0,21.0,18.0,11.0,8.0
289,0.0,1.0,2.0,0.0,0.0,779.0,173.0,488.0,540.0,102.0,0.0,0.0,12.0,4.0,0.0,331.0,154.0,410.0,170.0,181.0,61.0
29,3.0,5.0,1.0,2.0,2.0,71.0,0.0,46.0,21.0,5.0,4.0,0.0,7.0,3.0,1.0,42.0,2.0,29.0,15.0,8.0,9.0
291,1.0,0.0,1.0,4.0,0.0,8.0,11.0,9.0,11.0,0.0,1.0,0.0,3.0,1.0,1.0,0.0,0.0,13.0,0.0,3.0,1.0
294,0.0,1.0,5.0,1.0,1.0,544.0,89.0,299.0,275.0,41.0,1.0,0.0,11.0,2.0,0.0,534.0,142.0,227.0,67.0,224.0,24.0
296,3.0,0.0,37.0,2.0,1.0,461.0,877.0,190.0,133.0,85.0,2.0,0.0,81.0,0.0,3.0,317.0,24.0,308.0,48.0,86.0,13.0
299,1.0,0.0,4.0,0.0,0.0,286.0,114.0,106.0,133.0,34.0,1.0,0.0,5.0,3.0,1.0,223.0,38.0,64.0,31.0,64.0,10.0
307,7.0,0.0,4.0,1.0,2.0,188.0,14.0,106.0,161.0,44.0,14.0,0.0,1.0,1.0,0.0,387.0,9.0,79.0,52.0,70.0,34.0
308,9.0,0.0,1.0,2.0,1.0,5.0,13.0,8.0,7.0,0.0,4.0,0.0,2.0,1.0,1.0,8.0,6.0,7.0,3.0,3.0,0.0
31,7.0,0.0,3.0,8.0,0.0,124.0,0.0,7.0,15.0,9.0,2.0,0.0,10.0,7.0,0.0,5.0,0.0,11.0,0.0,4.0,2.0
311,2.0,0.0,2.0,6.0,5.0,21.0,1.0,17.0,26.0,1.0,4.0,0.0,7.0,7.0,4.0,9.0,2.0,24.0,7.0,3.0,2.0
312,83.0,40.0,23.0,30.0,1.0,127.0,5.0,93.0,31.0,2.0,7.0,6.0,5.0,64.0,14.0,18.0,1.0,21.0,6.0,9.0,1.0
32,0.0,0.0,0.0,0.0,0.0,4.0,0.0,2.0,0.0,0.0,0.0,0.0,1.0,0.0,0.0,1.0,2.0,2.0,1.0,0.0,0.0
320,393.0,18.0,1008.0,387.0,6.0,998.0,123.0,627.0,443.0,106.0,736.0,6.0,2678.0,1014.0,198.0,616.0,129.0,789.0,156.0,240.0,18.0
323,1.0,2.0,0.0,4.0,1.0,32.0,13.0,29.0,9.0,4.0,0.0,0.0,0.0,3.0,0.0,32.0,5.0,18.0,6.0,3.0,8.0
325,2.0,1.0,6.0,4.0,0.0,459.0,321.0,370.0,101.0,53.0,7.0,0.0,75.0,2.0,0.0,319.0,9.0,210.0,49.0,140.0,49.0
33,1.0,0.0,0.0,0.0,0.0,23.0,2.0,19.0,38.0,9.0,0.0,0.0,1.0,0.0,0.0,13.0,2.0,16.0,7.0,2.0,14.0
335,100.0,17.0,177.0,95.0,1.0,703.0,6.0,334.0,209.0,41.0,94.0,0.0,320.0,110.0,22.0,296.0,9.0,299.0,43.0,215.0,52.0
336,74.0,0.0,37.0,63.0,0.0,147.0,1.0,77.0,47.0,9.0,174.0,0.0,106.0,130.0,37.0,74.0,1.0,137.0,36.0,22.0,28.0
337,0.0,2.0,12.0,1.0,0.0,628.0,32.0,170.0,151.0,61.0,8.0,0.0,30.0,2.0,0.0,368.0,12.0,190.0,55.0,99.0,26.0
339,160.0,68.0,313.0,145.0,0.0,322.0,45.0,332.0,88.0,44.0,340.0,61.0,1296.0,273.0,51.0,298.0,7.0,362.0,32.0,170.0,17.0
347,3.0,0.0,1.0,0.0,0.0,246.0,5.0,116.0,50.0,14.0,3.0,0.0,3.0,1.0,1.0,105.0,5.0,52.0,17.0,24.0,14.0
348,10.0,6.0,2.0,2.0,1.0,67.0,89.0,27.0,34.0,6.0,7.0,0.0,11.0,1.0,1.0,57.0,83.0,45.0,13.0,14.0,9.0
350,198.0,3.0,29.0,355.0,3.0,281.0,6.0,148.0,67.0,31.0,417.0,1.0,235.0,445.0,39.0,221.0,1.0,91.0,12.0,50.0,12.0
354,2.0,1.0,0.0,3.0,1.0,185.0,5.0,157.0,131.0,27.0,5.0,0.0,4.0,7.0,1.0,165.0,3.0,144.0,33.0,92.0,16.0
358,6.0,4.0,5.0,17.0,3.0,51.0,894.0,37.0,19.0,3.0,21.0,1.0,31.0,11.0,3.0,18.0,13.0,18.0,5.0,13.0,6.0
359,24.0,8.0,8.0,6.0,3.0,206.0,191.0,107.0,44.0,17.0,42.0,1.0,40.0,102.0,15.0,269.0,693.0,252.0,12.0,48.0,23.0
36,1.0,5.0,1.0,5.0,1.0,4.0,0.0,0.0,2.0,0.0,1.0,0.0,1.0,6.0,0.0,0.0,3.0,0.0,0.0,0.0,0.0
364,2.0,4.0,37.0,11.0,0.0,279.0,11.0,129.0,76.0,38.0,15.0,1.0,24.0,5.0,1.0,306.0,3.0,125.0,41.0,77.0,24.0
375,78.0,6.0,115.0,37.0,0.0,654.0,32.0,139.0,112.0,38.0,95.0,0.0,205.0,119.0,31.0,337.0,153.0,157.0,37.0,52.0,33.0
383,4.0,1.0,13.0,2.0,1.0,596.0,5.0,172.0,168.0,30.0,3.0,0.0,9.0,2.0,0.0,297.0,7.0,117.0,39.0,65.0,23.0
385,7.0,9.0,3.0,6.0,1.0,4.0,7.0,5.0,4.0,0.0,13.0,5.0,5.0,0.0,0.0,8.0,1.0,1.0,1.0,1.0,0.0
392,0.0,20.0,5.0,5.0,1.0,491.0,34.0,157.0,240.0,46.0,3.0,2.0,5.0,7.0,1.0,166.0,27.0,231.0,67.0,134.0,28.0
397,4.0,2.0,7.0,0.0,1.0,67.0,4.0,26.0,23.0,4.0,2.0,0.0,12.0,2.0,0.0,26.0,1.0,26.0,13.0,10.0,29.0
399,0.0,51.0,11.0,0.0,0.0,1490.0,1757.0,523.0,485.0,133.0,3.0,1.0,37.0,0.0,0.0,915.0,78.0,638.0,142.0,358.0,74.0
40,9.0,14.0,7.0,19.0,2.0,162.0,1.0,44.0,44.0,3.0,44.0,0.0,72.0,84.0,13.0,36.0,0.0,37.0,2.0,18.0,5.0
400,539.0,4.0,239.0,732.0,18.0,538.0,8683.0,267.0,289.0,71.0,1861.0,4.0,796.0,1871.0,169.0,413.0,75.0,311.0,70.0,126.0,43.0
406,0.0,1.0,8.0,0.0,0.0,199.0,118.0,322.0,161.0,94.0,0.0,0.0,10.0,0.0,0.0,107.0,52.0,281.0,92.0,222.0,17.0
408,0.0,0.0,2.0,0.0,0.0,181.0,3.0,161.0,60.0,21.0,0.0,0.0,2.0,0.0,0.0,203.0,1.0,90.0,7.0,81.0,20.0
409,837.0,277.0,226.0,313.0,21.0,1545.0,1111.0,538.0,727.0,175.0,1299.0,29.0,500.0,642.0,192.0,3798.0,608.0,531.0,522.0,320.0,245.0
40_2,1.0,4.0,0.0,1.0,2.0,5.0,1.0,2.0,0.0,0.0,2.0,1.0,2.0,3.0,1.0,1.0,0.0,4.0,1.0,0.0,0.0
412,43.0,1.0,9.0,8.0,1.0,29.0,15.0,13.0,9.0,3.0,25.0,1.0,21.0,16.0,1.0,49.0,18.0,32.0,14.0,9.0,1.0
418,2.0,1.0,0.0,2.0,0.0,3.0,4.0,4.0,2.0,0.0,2.0,0.0,0.0,2.0,1.0,3.0,2.0,1.0,1.0,2.0,0.0
419,1.0,1.0,25.0,4.0,1.0,426.0,50.0,223.0,112.0,27.0,3.0,3.0,233.0,3.0,1.0,420.0,6.0,202.0,33.0,111.0,16.0
420,1.0,0.0,2.0,1.0,0.0,115.0,87.0,36.0,20.0,19.0,0.0,0.0,1.0,0.0,0.0,215.0,251.0,79.0,7.0,18.0,10.0
421,32.0,1.0,75.0,50.0,3.0,406.0,404.0,215.0,85.0,56.0,39.0,0.0,51.0,76.0,5.0,377.0,5.0,243.0,50.0,119.0,23.0
426,5.0,6.0,5.0,14.0,0.0,27.0,25.0,23.0,15.0,1.0,3.0,0.0,14.0,15.0,1.0,15.0,15.0,27.0,7.0,3.0,1.0
43,0.0,0.0,0.0,0.0,0.0,96.0,72.0,29.0,9.0,0.0,0.0,0.0,0.0,0.0,0.0,14.0,0.0,25.0,0.0,10.0,7.0
431,0.0,1.0,6.0,2.0,0.0,355.0,7.0,216.0,122.0,32.0,1.0,0.0,39.0,1.0,0.0,50.0,0.0,184.0,27.0,82.0,28.0
433,3.0,0.0,7.0,11.0,0.0,37.0,6.0,16.0,22.0,9.0,8.0,0.0,17.0,9.0,2.0,15.0,6.0,37.0,4.0,5.0,7.0
434,23.0,2.0,65.0,10.0,0.0,105.0,2.0,101.0,66.0,24.0,40.0,11.0,736.0,59.0,6.0,48.0,4.0,83.0,19.0,25.0,4.0
437,37.0,11.0,11.0,30.0,5.0,71.0,10.0,34.0,34.0,4.0,94.0,0.0,35.0,18.0,6.0,81.0,13.0,33.0,15.0,14.0,12.0
438,0.0,1.0,8.0,1.0,0.0,591.0,1155.0,206.0,121.0,33.0,7.0,0.0,16.0,2.0,0.0,558.0,336.0,219.0,26.0,78.0,231.0
439,0.0,1.0,8.0,0.0,0.0,201.0,2203.0,273.0,220.0,64.0,1.0,7.0,13.0,1.0,0.0,538.0,61.0,288.0,64.0,134.0,46.0
43_ref1,1.0,2.0,1.0,4.0,0.0,7.0,680.0,5.0,3.0,0.0,3.0,0.0,1.0,4.0,1.0,7.0,370.0,77.0,3.0,0.0,199.0
43_ref2,6.0,7.0,11.0,16.0,2.0,206.0,127.0,68.0,115.0,31.0,15.0,0.0,14.0,11.0,3.0,78.0,5.0,84.0,56.0,52.0,278.0
442,16.0,9.0,7.0,45.0,5.0,58.0,9.0,41.0,27.0,4.0,11.0,1.0,26.0,34.0,6.0,35.0,13.0,46.0,7.0,9.0,4.0
444,2.0,0.0,0.0,0.0,0.0,12.0,0.0,8.0,9.0,0.0,3.0,0.0,1.0,1.0,0.0,1.0,0.0,4.0,0.0,2.0,0.0
446,0.0,9.0,12.0,1.0,1.0,277.0,40.0,276.0,62.0,43.0,0.0,1.0,42.0,0.0,0.0,107.0,0.0,144.0,22.0,82.0,34.0
45,9.0,4.0,1.0,14.0,26.0,36.0,3.0,36.0,48.0,3.0,5.0,1.0,3.0,6.0,12.0,17.0,2.0,35.0,14.0,8.0,4.0
450,0.0,2.0,5.0,1.0,0.0,185.0,6.0,211.0,91.0,17.0,1.0,0.0,8.0,3.0,0.0,153.0,8.0,70.0,9.0,38.0,14.0
452,0.0,0.0,2.0,4.0,0.0,14.0,29.0,23.0,11.0,1.0,1.0,4.0,1.0,3.0,1.0,6.0,6.0,14.0,2.0,0.0,2.0
458,5.0,1.0,19.0,1.0,0.0,1241.0,406.0,808.0,702.0,185.0,0.0,0.0,48.0,0.0,0.0,892.0,47.0,634.0,247.0,336.0,151.0
459,50.0,74.0,78.0,32.0,0.0,141.0,9.0,169.0,109.0,39.0,151.0,5.0,197.0,89.0,13.0,223.0,10.0,92.0,57.0,58.0,18.0
460,128.0,2140.0,181.0,158.0,12.0,1099.0,892.0,599.0,299.0,112.0,430.0,801.0,1101.0,264.0,65.0,792.0,364.0,575.0,88.0,170.0,81.0
466,5.0,3.0,9.0,8.0,2.0,22.0,15.0,16.0,23.0,4.0,14.0,0.0,11.0,3.0,2.0,21.0,5.0,17.0,6.0,4.0,1.0
468,777.0,9.0,941.0,2185.0,30.0,2930.0,378.0,992.0,876.0,272.0,2492.0,36.0,1383.0,4239.0,836.0,1664.0,84.0,920.0,175.0,478.0,153.0
470,285.0,101.0,124.0,108.0,19.0,199.0,21.0,167.0,58.0,45.0,446.0,28.0,183.0,205.0,65.0,311.0,27.0,107.0,33.0,81.0,28.0
473,12.0,2.0,10.0,9.0,1.0,344.0,49.0,249.0,78.0,33.0,1.0,1.0,17.0,4.0,3.0,223.0,16.0,170.0,27.0,87.0,37.0
475,15.0,2.0,148.0,14.0,8.0,2188.0,2435.0,4406.0,1446.0,593.0,13.0,1.0,455.0,11.0,2.0,1192.0,370.0,3639.0,523.0,790.0,372.0
476,11.0,2.0,228.0,9.0,71.0,24476.0,5577.0,31028.0,11601.0,3177.0,10.0,0.0,666.0,7.0,0.0,22503.0,5198.0,21008.0,3022.0,7947.0,7500.0
48,4.0,7.0,4.0,7.0,6.0,117.0,12.0,78.0,73.0,26.0,6.0,1.0,6.0,3.0,1.0,152.0,22.0,51.0,24.0,25.0,19.0
485,6.0,14.0,5.0,2.0,1.0,165.0,2.0,96.0,6.0,13.0,11.0,14.0,497.0,37.0,1.0,94.0,10.0,35.0,0.0,10.0,9.0
486,45.0,9.0,50.0,50.0,1.0,498.0,8.0,355.0,229.0,45.0,123.0,1.0,1010.0,71.0,13.0,201.0,9.0,537.0,34.0,201.0,22.0
491,65.0,5.0,186.0,74.0,13.0,324.0,23.0,143.0,118.0,29.0,130.0,3.0,433.0,88.0,31.0,106.0,54.0,156.0,44.0,78.0,37.0
493,48.0,9.0,41.0,52.0,2.0,247.0,89.0,152.0,112.0,33.0,159.0,1.0,273.0,126.0,21.0,92.0,32.0,122.0,44.0,52.0,38.0
495,2.0,1.0,62.0,5.0,0.0,3451.0,116.0,1123.0,1143.0,221.0,1.0,0.0,305.0,4.0,6.0,1525.0,102.0,1176.0,369.0,543.0,106.0
50,6.0,13.0,21.0,14.0,10.0,12.0,9.0,45.0,17.0,1.0,6.0,25.0,52.0,9.0,3.0,17.0,8.0,20.0,27.0,12.0,2.0
503,1.0,4.0,0.0,1.0,0.0,160.0,144.0,78.0,39.0,26.0,1.0,0.0,6.0,0.0,0.0,124.0,5.0,63.0,13.0,33.0,15.0
507,0.0,1.0,1.0,1.0,1.0,479.0,17.0,201.0,146.0,30.0,3.0,0.0,14.0,1.0,0.0,318.0,8.0,198.0,24.0,84.0,49.0
508,4.0,12.0,16.0,2.0,0.0,314.0,121.0,185.0,203.0,72.0,2.0,1.0,50.0,1.0,0.0,409.0,271.0,397.0,89.0,200.0,59.0
52,1.0,0.0,9.0,0.0,0.0,402.0,1.0,74.0,50.0,6.0,15.0,0.0,49.0,0.0,0.0,64.0,39.0,92.0,7.0,39.0,13.0
520,0.0,1.0,4.0,4.0,1.0,29.0,5.0,14.0,19.0,2.0,5.0,1.0,4.0,1.0,1.0,9.0,0.0,23.0,6.0,10.0,2.0
521,50.0,1.0,6.0,23.0,14.0,113.0,11.0,332.0,160.0,13.0,10.0,0.0,15.0,8.0,17.0,71.0,7.0,186.0,265.0,16.0,15.0
522,8.0,3.0,13.0,8.0,3.0,475.0,20.0,527.0,210.0,94.0,12.0,0.0,49.0,9.0,2.0,319.0,4.0,506.0,102.0,176.0,49.0
523,1047.0,110.0,2731.0,1128.0,35.0,2157.0,174.0,1774.0,1402.0,339.0,2564.0,57.0,5378.0,2277.0,556.0,947.0,149.0,1785.0,332.0,735.0,103.0
524,193.0,682.0,67.0,500.0,12.0,1557.0,164.0,1028.0,405.0,62.0,1312.0,74.0,742.0,722.0,64.0,486.0,371.0,971.0,66.0,190.0,82.0
525,227.0,29.0,392.0,402.0,28.0,548.0,8.0,272.0,120.0,40.0,711.0,11.0,770.0,395.0,110.0,147.0,14.0,237.0,26.0,54.0,20.0
531,1.0,6.0,5.0,1.0,0.0,62.0,183.0,11.0,26.0,0.0,1.0,2.0,6.0,5.0,2.0,9.0,1.0,8.0,1.0,10.0,0.0
532,2.0,5.0,3.0,5.0,0.0,10.0,7.0,9.0,6.0,0.0,2.0,0.0,10.0,6.0,0.0,5.0,2.0,11.0,2.0,2.0,1.0
535,1236.0,1156.0,284.0,697.0,38.0,2049.0,1535.0,614.0,516.0,210.0,3110.0,800.0,766.0,1459.0,295.0,2566.0,352.0,442.0,132.0,216.0,159.0
538,207.0,110.0,70.0,132.0,9.0,503.0,334.0,256.0,170.0,76.0,353.0,15.0,236.0,268.0,63.0,590.0,45.0,318.0,54.0,137.0,24.0
539,695.0,511.0,2413.0,1070.0,21.0,2010.0,1372.0,1296.0,499.0,310.0,1420.0,91.0,6336.0,2095.0,429.0,1350.0,689.0,1620.0,187.0,693.0,117.0
540,1074.0,2027.0,953.0,1282.0,145.0,12961.0,933.0,4813.0,3318.0,636.0,3137.0,686.0,7629.0,2112.0,362.0,2757.0,654.0,4725.0,513.0,1934.0,689.0
541,2.0,2.0,6.0,5.0,1.0,450.0,108.0,229.0,100.0,41.0,5.0,0.0,22.0,3.0,0.0,177.0,26.0,219.0,53.0,120.0,24.0
543,4.0,0.0,1.0,1.0,1.0,77.0,33.0,45.0,69.0,13.0,2.0,0.0,6.0,0.0,1.0,140.0,75.0,62.0,19.0,20.0,84.0
545,66.0,2135.0,57.0,86.0,4.0,449.0,18.0,202.0,107.0,43.0,137.0,1993.0,279.0,273.0,45.0,141.0,16.0,202.0,29.0,88.0,33.0
546,3.0,5.0,22.0,7.0,0.0,1388.0,51.0,746.0,801.0,99.0,4.0,4.0,58.0,2.0,1.0,278.0,233.0,545.0,156.0,301.0,54.0
557,7.0,21.0,10.0,9.0,8.0,441.0,8.0,127.0,110.0,38.0,17.0,1.0,23.0,3.0,5.0,54.0,9.0,208.0,28.0,117.0,11.0
559,28.0,9.0,176.0,12.0,2.0,62.0,3.0,217.0,162.0,9.0,5.0,3.0,50.0,1.0,2.0,37.0,0.0,37.0,74.0,48.0,6.0
564,28.0,55.0,12.0,18.0,2.0,66.0,17.0,60.0,29.0,6.0,26.0,14.0,18.0,14.0,12.0,63.0,12.0,48.0,18.0,20.0,5.0
567,53.0,30.0,119.0,110.0,2.0,335.0,9.0,182.0,65.0,37.0,183.0,1.0,278.0,116.0,67.0,88.0,14.0,262.0,20.0,68.0,20.0
57,0.0,2.0,7.0,2.0,0.0,307.0,43.0,201.0,117.0,62.0,3.0,0.0,1.0,2.0,0.0,696.0,113.0,157.0,47.0,75.0,21.0
571,69.0,120.0,40.0,38.0,11.0,226.0,46.0,106.0,63.0,27.0,166.0,16.0,172.0,112.0,20.0,146.0,156.0,166.0,20.0,58.0,26.0
574,2.0,1.0,1.0,3.0,1.0,301.0,5.0,106.0,19.0,32.0,1.0,0.0,4.0,0.0,0.0,132.0,0.0,64.0,6.0,22.0,12.0
576,1.0,21.0,1.0,2.0,1.0,193.0,7.0,49.0,57.0,12.0,1.0,5.0,6.0,2.0,0.0,119.0,3.0,69.0,12.0,17.0,10.0
578,539.0,7853.0,499.0,699.0,52.0,1334.0,2903.0,667.0,653.0,105.0,1272.0,5782.0,2058.0,1469.0,225.0,885.0,705.0,634.0,174.0,304.0,89.0
58,1.0,0.0,0.0,4.0,0.0,73.0,267.0,27.0,124.0,12.0,0.0,0.0,9.0,3.0,2.0,198.0,45.0,77.0,57.0,32.0,199.0
581,1.0,10.0,4.0,0.0,1.0,413.0,5.0,197.0,80.0,48.0,0.0,0.0,11.0,0.0,0.0,124.0,0.0,141.0,21.0,96.0,22.0
586,11.0,41.0,145.0,36.0,17.0,1764.0,3650.0,692.0,493.0,118.0,39.0,7.0,302.0,21.0,9.0,1080.0,33.0,721.0,147.0,278.0,100.0
588,14.0,4.0,15.0,15.0,6.0,93.0,11.0,61.0,40.0,5.0,18.0,1.0,18.0,3.0,7.0,14.0,3.0,67.0,9.0,19.0,0.0
589,8.0,27.0,22.0,5.0,0.0,1359.0,2535.0,759.0,435.0,218.0,10.0,2.0,42.0,3.0,1.0,1349.0,1624.0,790.0,128.0,306.0,121.0
590,5.0,3.0,11.0,10.0,3.0,312.0,28.0,171.0,112.0,72.0,3.0,0.0,23.0,7.0,0.0,282.0,50.0,145.0,61.0,105.0,38.0
596,6.0,0.0,0.0,3.0,2.0,67.0,4.0,109.0,41.0,50.0,5.0,0.0,5.0,1.0,3.0,50.0,6.0,104.0,39.0,61.0,19.0
598,49.0,180.0,16.0,112.0,12.0,173.0,3.0,44.0,40.0,12.0,186.0,210.0,39.0,107.0,49.0,113.0,3.0,78.0,16.0,25.0,15.0
599,1765.0,29.0,1055.0,1709.0,28.0,2826.0,14.0,848.0,673.0,259.0,5247.0,4.0,2630.0,4754.0,541.0,994.0,44.0,1278.0,164.0,461.0,82.0
599_ref1,32.0,1.0,19.0,11.0,1.0,462.0,83.0,288.0,246.0,79.0,25.0,0.0,117.0,8.0,2.0,116.0,18.0,233.0,74.0,265.0,284.0
599_ref2,16.0,0.0,16.0,2.0,1.0,109.0,0.0,121.0,109.0,34.0,10.0,0.0,36.0,5.0,0.0,121.0,7.0,103.0,48.0,114.0,250.0
6,9.0,4.0,6.0,4.0,2.0,131.0,9.0,105.0,55.0,19.0,1.0,2.0,10.0,5.0,4.0,129.0,8.0,90.0,40.0,44.0,11.0
60,93.0,2.0,149.0,118.0,4.0,2582.0,3.0,342.0,383.0,47.0,341.0,1.0,391.0,147.0,25.0,370.0,13.0,690.0,118.0,220.0,39.0
61,0.0,0.0,1.0,0.0,0.0,1.0,1.0,2.0,5.0,2.0,3.0,0.0,2.0,1.0,0.0,2.0,0.0,6.0,0.0,0.0,0.0
611,1.0,2.0,3.0,1.0,0.0,540.0,191.0,246.0,111.0,44.0,1.0,1.0,21.0,1.0,1.0,364.0,37.0,148.0,72.0,119.0,30.0
616,124.0,43.0,75.0,169.0,5.0,704.0,674.0,301.0,272.0,68.0,349.0,29.0,782.0,230.0,54.0,351.0,303.0,262.0,54.0,130.0,54.0
619,7.0,0.0,5.0,8.0,2.0,37.0,7.0,27.0,21.0,1.0,11.0,1.0,6.0,6.0,3.0,17.0,5.0,31.0,7.0,5.0,3.0
622,8.0,4.0,40.0,27.0,3.0,2000.0,548.0,733.0,464.0,182.0,26.0,2.0,59.0,24.0,8.0,2857.0,75.0,625.0,183.0,324.0,77.0
627,15.0,56.0,10.0,10.0,3.0,98.0,233.0,85.0,40.0,6.0,20.0,32.0,44.0,10.0,5.0,73.0,3.0,50.0,9.0,23.0,8.0
631,227.0,138.0,793.0,107.0,4.0,5250.0,102.0,1824.0,1333.0,399.0,662.0,23.0,1831.0,234.0,77.0,3995.0,42.0,1602.0,371.0,685.0,118.0
632,40.0,14.0,38.0,86.0,28.0,189.0,25.0,275.0,130.0,21.0,45.0,0.0,118.0,65.0,15.0,52.0,14.0,257.0,30.0,57.0,16.0
636,4.0,6.0,5.0,6.0,1.0,740.0,54.0,190.0,169.0,20.0,6.0,0.0,27.0,7.0,1.0,122.0,24.0,256.0,35.0,61.0,10.0
638,9.0,11.0,3.0,4.0,0.0,34.0,8.0,8.0,25.0,4.0,34.0,0.0,4.0,25.0,0.0,41.0,0.0,7.0,4.0,10.0,20.0
639,98.0,471.0,27.0,113.0,16.0,334.0,109.0,139.0,67.0,17.0,285.0,131.0,114.0,192.0,17.0,162.0,4.0,96.0,15.0,51.0,23.0
64,18.0,2.0,9.0,15.0,3.0,152.0,9.0,63.0,182.0,17.0,13.0,1.0,67.0,15.0,13.0,66.0,2.0,86.0,37.0,53.0,13.0
640,26.0,83.0,24.0,58.0,4.0,537.0,42.0,356.0,257.0,44.0,66.0,64.0,333.0,95.0,7.0,276.0,143.0,439.0,29.0,177.0,41.0
642,61.0,192.0,80.0,55.0,17.0,486.0,7.0,306.0,107.0,27.0,121.0,4.0,103.0,42.0,21.0,160.0,7.0,207.0,29.0,77.0,10.0
648,777.0,2612.0,55.0,207.0,22.0,589.0,168.0,216.0,145.0,45.0,1258.0,1484.0,149.0,499.0,83.0,669.0,99.0,138.0,37.0,49.0,62.0
649,1004.0,629.0,1046.0,1914.0,122.0,2127.0,3599.0,695.0,653.0,124.0,3204.0,5.0,5604.0,2712.0,420.0,770.0,29.0,729.0,184.0,382.0,127.0
65,2.0,87.0,3.0,9.0,6.0,25.0,7.0,17.0,14.0,2.0,7.0,35.0,8.0,4.0,2.0,8.0,9.0,18.0,1.0,1.0,0.0
651,64.0,306.0,48.0,87.0,59.0,490.0,7.0,185.0,216.0,50.0,90.0,6.0,259.0,92.0,25.0,132.0,2.0,315.0,54.0,106.0,50.0
652,1383.0,29.0,1213.0,2241.0,7.0,2428.0,131.0,1126.0,1400.0,167.0,2813.0,7.0,6272.0,3200.0,405.0,726.0,61.0,756.0,316.0,372.0,232.0
653,29.0,735.0,27.0,51.0,7.0,342.0,19.0,313.0,221.0,42.0,87.0,362.0,164.0,94.0,24.0,397.0,20.0,256.0,62.0,56.0,57.0
657,26.0,97.0,30.0,46.0,3.0,254.0,262.0,259.0,162.0,48.0,19.0,13.0,108.0,39.0,27.0,72.0,14.0,189.0,35.0,69.0,28.0
658,191.0,11.0,42.0,101.0,7.0,470.0,67.0,144.0,10.0,23.0,443.0,0.0,383.0,241.0,32.0,268.0,40.0,121.0,7.0,69.0,32.0
66,0.0,0.0,4.0,1.0,0.0,141.0,11.0,203.0,64.0,12.0,0.0,0.0,1.0,1.0,0.0,88.0,10.0,79.0,10.0,27.0,40.0
660,38.0,90.0,117.0,47.0,6.0,238.0,14.0,90.0,75.0,33.0,137.0,56.0,224.0,95.0,25.0,229.0,11.0,91.0,30.0,41.0,45.0
666,204.0,3903.0,20.0,225.0,6.0,405.0,85.0,204.0,135.0,31.0,254.0,1262.0,251.0,658.0,24.0,84.0,12.0,127.0,26.0,43.0,48.0
667,200.0,51.0,326.0,237.0,3.0,1061.0,128.0,413.0,349.0,100.0,549.0,8.0,944.0,414.0,63.0,200.0,31.0,319.0,78.0,194.0,48.0
668,30.0,9.0,13.0,24.0,5.0,235.0,643.0,133.0,140.0,46.0,55.0,3.0,96.0,63.0,12.0,311.0,8.0,116.0,32.0,64.0,22.0
673,10966.0,636.0,21789.0,13043.0,205.0,58740.0,12197.0,23463.0,19982.0,5543.0,21420.0,3002.0,40744.0,20171.0,7576.0,26419.0,652.0,19511.0,8235.0,10035.0,3282.0
674,140.0,219.0,921.0,379.0,9.0,563.0,55.0,182.0,182.0,57.0,428.0,22.0,660.0,417.0,119.0,391.0,22.0,293.0,63.0,109.0,30.0
676,337.0,51.0,316.0,355.0,37.0,709.0,171.0,539.0,410.0,119.0,942.0,68.0,1095.0,634.0,137.0,684.0,160.0,771.0,185.0,361.0,70.0
677,1.0,5.0,2.0,1.0,0.0,137.0,64.0,221.0,100.0,22.0,2.0,2.0,3.0,4.0,0.0,153.0,195.0,179.0,19.0,48.0,27.0
683,2.0,3.0,2.0,2.0,0.0,51.0,4.0,40.0,51.0,8.0,3.0,0.0,1.0,2.0,1.0,62.0,9.0,46.0,22.0,19.0,13.0
685,4.0,3.0,16.0,2.0,0.0,1055.0,163.0,602.0,286.0,67.0,8.0,1.0,17.0,2.0,1.0,691.0,87.0,374.0,53.0,145.0,111.0
689,228.0,6830.0,371.0,376.0,29.0,393.0,678.0,166.0,93.0,45.0,814.0,4143.0,1496.0,630.0,91.0,225.0,8.0,137.0,23.0,153.0,26.0
690,74.0,54.0,39.0,18.0,33.0,422.0,35.0,51.0,19.0,9.0,100.0,17.0,45.0,53.0,11.0,17.0,46.0,66.0,9.0,13.0,4.0
692,0.0,1.0,0.0,0.0,0.0,1284.0,138.0,686.0,469.0,37.0,1.0,1.0,20.0,2.0,0.0,265.0,78.0,690.0,42.0,274.0,91.0
693,13.0,25.0,16.0,43.0,11.0,163.0,6.0,83.0,49.0,18.0,12.0,9.0,29.0,27.0,3.0,176.0,13.0,67.0,17.0,18.0,21.0
695,226.0,12.0,156.0,102.0,43.0,817.0,32.0,493.0,335.0,123.0,216.0,8.0,574.0,214.0,47.0,332.0,71.0,864.0,77.0,278.0,32.0
697,3.0,1.0,14.0,7.0,2.0,239.0,169.0,199.0,112.0,26.0,7.0,1.0,49.0,8.0,2.0,52.0,78.0,212.0,24.0,94.0,16.0
7,149.0,15.0,92.0,104.0,2.0,440.0,312.0,173.0,186.0,67.0,379.0,19.0,118.0,308.0,58.0,456.0,3.0,204.0,47.0,109.0,44.0
701,0.0,6.0,15.0,0.0,1.0,554.0,184.0,651.0,186.0,52.0,2.0,1.0,14.0,0.0,1.0,745.0,35.0,473.0,59.0,145.0,39.0
702,3.0,23.0,23.0,1.0,0.0,2238.0,225.0,682.0,645.0,165.0,1.0,0.0,92.0,3.0,0.0,1276.0,26.0,900.0,209.0,270.0,116.0
703,19.0,1.0,71.0,14.0,0.0,305.0,5.0,43.0,52.0,8.0,6.0,1.0,246.0,65.0,6.0,92.0,2.0,51.0,14.0,38.0,6.0
705,0.0,1.0,1.0,0.0,0.0,1052.0,9.0,721.0,588.0,104.0,0.0,0.0,20.0,1.0,0.0,323.0,32.0,510.0,57.0,260.0,67.0
709,146.0,83.0,171.0,80.0,0.0,265.0,81.0,159.0,189.0,36.0,245.0,5.0,779.0,319.0,51.0,264.0,69.0,146.0,50.0,75.0,33.0
711,0.0,0.0,0.0,0.0,0.0,12.0,0.0,7.0,6.0,0.0,1.0,0.0,0.0,1.0,0.0,8.0,1.0,3.0,2.0,2.0,1.0
713,79.0,2.0,27.0,173.0,4.0,144.0,104.0,142.0,93.0,21.0,123.0,6.0,152.0,237.0,19.0,123.0,4.0,123.0,15.0,46.0,31.0
715,0.0,1.0,0.0,0.0,0.0,109.0,3.0,39.0,66.0,7.0,1.0,0.0,1.0,0.0,0.0,21.0,60.0,47.0,11.0,18.0,26.0
717,299.0,8.0,246.0,507.0,19.0,799.0,285.0,259.0,383.0,83.0,663.0,46.0,1120.0,1375.0,113.0,384.0,5.0,287.0,89.0,111.0,49.0
721,1.0,5.0,5.0,15.0,8.0,337.0,717.0,224.0,69.0,23.0,8.0,1.0,15.0,3.0,5.0,130.0,79.0,137.0,30.0,36.0,20.0
724,4.0,1.0,18.0,9.0,3.0,916.0,10.0,224.0,189.0,80.0,4.0,0.0,37.0,13.0,2.0,316.0,20.0,261.0,122.0,136.0,16.0
727,377.0,14.0,901.0,379.0,14.0,1021.0,35.0,406.0,296.0,88.0,413.0,3.0,1445.0,386.0,162.0,336.0,46.0,384.0,195.0,121.0,44.0
729,522.0,329.0,673.0,880.0,30.0,2177.0,310.0,933.0,613.0,206.0,829.0,186.0,1734.0,2054.0,387.0,1249.0,402.0,845.0,173.0,602.0,87.0
731,31.0,10.0,388.0,34.0,4.0,31104.0,3574.0,16075.0,15282.0,3510.0,34.0,1.0,1052.0,25.0,13.0,10701.0,1411.0,16001.0,4516.0,6550.0,2586.0
732,1.0,5.0,32.0,5.0,0.0,1451.0,37.0,669.0,479.0,186.0,5.0,0.0,83.0,4.0,2.0,529.0,27.0,978.0,106.0,373.0,60.0
734,1915.0,233.0,189.0,1320.0,41.0,827.0,106.0,847.0,422.0,110.0,4346.0,37.0,801.0,3612.0,442.0,715.0,29.0,874.0,82.0,248.0,135.0
735,2.0,2.0,1.0,1.0,1.0,126.0,14.0,107.0,92.0,13.0,0.0,1.0,3.0,0.0,2.0,76.0,64.0,107.0,19.0,23.0,11.0
738,11.0,672.0,26.0,24.0,0.0,256.0,795.0,109.0,49.0,16.0,102.0,864.0,27.0,21.0,5.0,178.0,241.0,182.0,19.0,84.0,24.0
739,17.0,4.0,63.0,43.0,28.0,4451.0,6437.0,3054.0,2545.0,311.0,22.0,0.0,317.0,30.0,4.0,2244.0,167.0,2584.0,478.0,1102.0,691.0
740,33.0,4.0,7.0,74.0,44.0,115.0,10.0,136.0,116.0,12.0,17.0,1.0,6.0,35.0,103.0,20.0,4.0,173.0,32.0,32.0,12.0
741,15.0,9.0,31.0,50.0,12.0,52.0,14.0,31.0,21.0,8.0,37.0,2.0,42.0,24.0,7.0,11.0,9.0,43.0,7.0,8.0,7.0
742,21.0,12.0,59.0,106.0,35.0,2894.0,865.0,2004.0,1685.0,342.0,26.0,2.0,198.0,66.0,26.0,886.0,623.0,2472.0,532.0,993.0,124.0
748,1.0,2.0,2.0,3.0,1.0,549.0,7.0,182.0,147.0,34.0,2.0,2.0,7.0,5.0,0.0,151.0,6.0,156.0,50.0,55.0,57.0
749,1.0,1.0,12.0,1.0,3.0,371.0,16.0,169.0,98.0,45.0,2.0,0.0,40.0,1.0,2.0,182.0,15.0,260.0,29.0,110.0,19.0
754,1.0,1.0,5.0,3.0,0.0,198.0,6.0,120.0,61.0,33.0,1.0,2.0,15.0,1.0,0.0,140.0,13.0,152.0,16.0,85.0,37.0
755,1.0,20.0,0.0,1.0,0.0,15.0,4.0,16.0,24.0,1.0,1.0,10.0,0.0,1.0,1.0,6.0,7.0,13.0,5.0,6.0,1.0
756,309.0,80.0,391.0,821.0,15.0,975.0,45.0,475.0,625.0,73.0,469.0,17.0,799.0,1874.0,205.0,369.0,21.0,495.0,118.0,210.0,90.0
760,1319.0,158.0,2403.0,1303.0,42.0,5812.0,608.0,1781.0,719.0,356.0,4460.0,835.0,13693.0,2103.0,447.0,1694.0,102.0,1384.0,206.0,915.0,164.0
77,11.0,47.0,12.0,9.0,0.0,420.0,192.0,127.0,26.0,29.0,0.0,1.0,181.0,18.0,9.0,125.0,18.0,45.0,11.0,42.0,7.0
772,7.0,87.0,73.0,12.0,5.0,104.0,41.0,77.0,36.0,23.0,27.0,12.0,270.0,39.0,6.0,81.0,4.0,82.0,20.0,46.0,20.0
775,1.0,10.0,31.0,5.0,1.0,1644.0,272.0,697.0,418.0,158.0,6.0,3.0,92.0,4.0,1.0,1082.0,231.0,579.0,153.0,285.0,89.0
778,197.0,13.0,206.0,129.0,5.0,1798.0,94.0,743.0,691.0,130.0,415.0,2.0,652.0,421.0,97.0,861.0,67.0,637.0,210.0,368.0,106.0
78,0.0,1.0,1.0,2.0,0.0,89.0,1.0,44.0,20.0,23.0,0.0,0.0,6.0,0.0,1.0,33.0,3.0,26.0,5.0,35.0,5.0
782,0.0,5.0,6.0,0.0,1.0,628.0,68.0,432.0,323.0,52.0,0.0,1.0,39.0,2.0,0.0,402.0,27.0,380.0,52.0,161.0,63.0
783,24.0,117.0,15.0,25.0,6.0,58.0,3.0,28.0,27.0,7.0,45.0,40.0,55.0,35.0,6.0,35.0,15.0,46.0,15.0,8.0,4.0
784,1.0,25.0,1.0,5.0,2.0,310.0,5.0,177.0,68.0,14.0,2.0,11.0,4.0,3.0,0.0,156.0,37.0,197.0,11.0,49.0,11.0
789,1.0,2.0,3.0,1.0,0.0,557.0,5.0,219.0,92.0,23.0,0.0,0.0,2.0,0.0,0.0,103.0,5.0,133.0,37.0,81.0,87.0
790,10.0,26.0,18.0,33.0,10.0,541.0,193.0,342.0,334.0,46.0,31.0,2.0,64.0,36.0,12.0,313.0,55.0,222.0,46.0,97.0,50.0
791,13.0,65.0,13.0,79.0,31.0,154.0,76.0,112.0,68.0,22.0,20.0,17.0,34.0,29.0,18.0,168.0,254.0,137.0,25.0,33.0,23.0
795,25.0,12.0,806.0,34.0,7.0,10044.0,1194.0,5602.0,3285.0,951.0,33.0,3.0,3185.0,48.0,7.0,2741.0,218.0,5789.0,969.0,2220.0,255.0
796,0.0,6.0,16.0,0.0,1.0,313.0,963.0,308.0,193.0,77.0,3.0,0.0,28.0,1.0,0.0,314.0,60.0,196.0,93.0,158.0,43.0
797,2.0,6.0,2.0,2.0,2.0,122.0,18.0,34.0,53.0,13.0,3.0,0.0,3.0,1.0,2.0,88.0,8.0,38.0,27.0,25.0,14.0
798,2.0,21.0,45.0,4.0,0.0,6204.0,1473.0,2640.0,1629.0,653.0,2.0,2.0,219.0,19.0,0.0,4614.0,1242.0,2171.0,551.0,1018.0,279.0
800,1.0,1.0,3.0,1.0,0.0,31.0,6.0,17.0,26.0,1.0,3.0,0.0,4.0,1.0,0.0,7.0,11.0,12.0,1.0,7.0,1.0
801,43.0,4895.0,30.0,92.0,0.0,25.0,173.0,19.0,71.0,2.0,57.0,1689.0,40.0,144.0,17.0,33.0,42.0,43.0,15.0,8.0,78.0
803,1.0,3.0,1.0,0.0,1.0,256.0,3.0,66.0,42.0,6.0,0.0,1.0,10.0,1.0,1.0,145.0,1.0,86.0,16.0,77.0,13.0
804,52.0,32.0,120.0,75.0,0.0,271.0,38.0,112.0,109.0,13.0,62.0,1.0,409.0,333.0,16.0,50.0,14.0,151.0,6.0,44.0,5.0
805,22.0,142.0,82.0,21.0,1.0,447.0,47.0,170.0,120.0,20.0,205.0,22.0,220.0,59.0,11.0,137.0,9.0,170.0,26.0,66.0,17.0
807,0.0,0.0,1.0,3.0,0.0,306.0,9.0,45.0,14.0,4.0,0.0,0.0,1.0,1.0,3.0,21.0,17.0,58.0,10.0,11.0,0.0
808,8.0,3.0,12.0,9.0,4.0,157.0,16.0,131.0,64.0,31.0,9.0,1.0,12.0,9.0,7.0,189.0,31.0,138.0,18.0,49.0,11.0
809,260.0,13.0,105.0,255.0,9.0,394.0,30.0,319.0,181.0,38.0,451.0,4.0,932.0,644.0,102.0,204.0,23.0,256.0,38.0,100.0,23.0
81,7.0,121.0,6.0,10.0,0.0,302.0,4.0,64.0,10.0,17.0,4.0,50.0,16.0,9.0,2.0,68.0,7.0,76.0,13.0,35.0,14.0
811,26.0,21.0,6.0,62.0,8.0,65.0,16.0,47.0,35.0,7.0,35.0,5.0,59.0,97.0,13.0,33.0,8.0,59.0,17.0,13.0,1.0
812,1.0,49.0,1.0,1.0,0.0,31.0,8.0,45.0,18.0,3.0,1.0,1.0,4.0,2.0,0.0,23.0,7.0,16.0,6.0,11.0,3.0
813,9.0,204.0,40.0,50.0,14.0,392.0,318.0,236.0,136.0,53.0,26.0,11.0,68.0,64.0,16.0,143.0,19.0,280.0,37.0,67.0,16.0
819,3.0,116.0,10.0,0.0,1.0,10625.0,87.0,1943.0,1899.0,459.0,1.0,0.0,49.0,10.0,2.0,3048.0,771.0,2455.0,435.0,1557.0,180.0
821,1.0,3.0,9.0,1.0,0.0,669.0,520.0,388.0,147.0,50.0,0.0,0.0,19.0,0.0,1.0,490.0,83.0,307.0,41.0,111.0,53.0
823,8.0,11.0,12.0,29.0,9.0,422.0,37.0,327.0,232.0,63.0,20.0,2.0,48.0,24.0,7.0,176.0,25.0,489.0,40.0,160.0,44.0
830,0.0,202.0,1.0,0.0,0.0,22.0,19.0,62.0,35.0,3.0,0.0,0.0,1.0,0.0,0.0,3.0,2.0,30.0,7.0,13.0,5.0
833,19.0,142.0,10.0,16.0,7.0,180.0,77.0,128.0,77.0,10.0,34.0,25.0,32.0,24.0,7.0,105.0,30.0,152.0,8.0,46.0,25.0
835,50.0,304.0,20.0,44.0,4.0,120.0,3.0,72.0,41.0,4.0,173.0,24.0,209.0,112.0,6.0,23.0,3.0,78.0,3.0,19.0,14.0
837,138.0,10.0,171.0,129.0,8.0,857.0,130.0,569.0,264.0,97.0,367.0,41.0,719.0,251.0,73.0,552.0,54.0,447.0,65.0,208.0,66.0
838,14539.0,2245.0,16686.0,33722.0,1660.0,43769.0,7537.0,17824.0,11466.0,2378.0,28644.0,1612.0,64117.0,79151.0,7448.0,11591.0,1795.0,21203.0,2502.0,10766.0,1678.0
839,8.0,2608.0,8.0,36.0,6.0,251.0,280.0,75.0,45.0,12.0,13.0,0.0,47.0,20.0,0.0,89.0,3.0,99.0,11.0,21.0,8.0
841,123.0,12969.0,131.0,239.0,2.0,220.0,187.0,137.0,194.0,17.0,165.0,7718.0,380.0,734.0,31.0,205.0,52.0,119.0,46.0,65.0,181.0
842,77.0,913.0,175.0,219.0,20.0,477.0,2213.0,193.0,200.0,55.0,510.0,563.0,656.0,383.0,102.0,399.0,1548.0,503.0,71.0,68.0,63.0
843,6.0,58.0,56.0,11.0,0.0,4205.0,18253.0,3087.0,1547.0,589.0,7.0,18.0,111.0,21.0,0.0,6126.0,1855.0,2631.0,595.0,874.0,1101.0
848,1.0,30.0,2.0,7.0,1.0,37.0,3.0,58.0,75.0,4.0,35.0,292.0,32.0,28.0,1.0,14.0,6.0,25.0,4.0,17.0,11.0
850,2.0,20.0,19.0,8.0,2.0,1259.0,133.0,502.0,985.0,163.0,12.0,6.0,37.0,6.0,2.0,596.0,661.0,722.0,242.0,300.0,85.0
853,273.0,213.0,350.0,131.0,8.0,1177.0,1194.0,434.0,737.0,108.0,848.0,654.0,557.0,551.0,88.0,1250.0,712.0,505.0,253.0,331.0,152.0
854,0.0,14.0,17.0,1.0,0.0,790.0,361.0,463.0,369.0,52.0,0.0,4.0,61.0,0.0,0.0,161.0,649.0,529.0,63.0,122.0,74.0
857,6.0,39.0,31.0,10.0,0.0,8929.0,824.0,2904.0,5479.0,435.0,3.0,4.0,102.0,7.0,1.0,3064.0,3060.0,5541.0,465.0,2729.0,747.0
859,27.0,40.0,27.0,53.0,8.0,187.0,11.0,100.0,31.0,11.0,66.0,4.0,63.0,65.0,15.0,36.0,19.0,110.0,14.0,11.0,17.0
860,17.0,53.0,31.0,110.0,39.0,459.0,138.0,314.0,323.0,64.0,29.0,7.0,79.0,58.0,42.0,628.0,129.0,300.0,63.0,162.0,49.0
862,23.0,6.0,87.0,156.0,13.0,152.0,33.0,167.0,136.0,10.0,34.0,2.0,164.0,58.0,22.0,45.0,21.0,169.0,16.0,31.0,7.0
868,2.0,1.0,33.0,2.0,2.0,101.0,10.0,62.0,49.0,13.0,32.0,2.0,11.0,6.0,0.0,81.0,5.0,68.0,21.0,23.0,11.0
869,31.0,8.0,49.0,16.0,0.0,170.0,3.0,79.0,26.0,6.0,74.0,0.0,34.0,18.0,4.0,37.0,2.0,40.0,7.0,13.0,2.0
87,0.0,14.0,1.0,2.0,5.0,15.0,2.0,25.0,8.0,3.0,0.0,10.0,6.0,2.0,2.0,11.0,2.0,5.0,11.0,4.0,0.0
870,13.0,61.0,9.0,4.0,0.0,33.0,9.0,14.0,27.0,5.0,59.0,3.0,5.0,3.0,4.0,74.0,1.0,15.0,7.0,9.0,2.0
871,1.0,10.0,1.0,0.0,1.0,32.0,11.0,21.0,11.0,3.0,0.0,17.0,27.0,4.0,0.0,2.0,2.0,11.0,4.0,5.0,4.0
879,1.0,0.0,1.0,0.0,0.0,169.0,7.0,149.0,53.0,15.0,2.0,0.0,5.0,3.0,0.0,110.0,6.0,99.0,7.0,33.0,27.0
880,0.0,11.0,0.0,1.0,0.0,8.0,2.0,0.0,0.0,1.0,0.0,4.0,1.0,1.0,1.0,1.0,1.0,2.0,1.0,1.0,2.0
882,2.0,1.0,4.0,3.0,0.0,8.0,8.0,12.0,10.0,3.0,0.0,0.0,3.0,3.0,0.0,7.0,3.0,11.0,5.0,2.0,1.0
887,0.0,1.0,18.0,0.0,0.0,136.0,178.0,229.0,125.0,55.0,10.0,1.0,45.0,0.0,1.0,245.0,96.0,212.0,60.0,85.0,89.0
888,9.0,3.0,4.0,19.0,1.0,80.0,2.0,6.0,25.0,11.0,13.0,1.0,5.0,18.0,5.0,18.0,19.0,53.0,3.0,14.0,4.0
89,1218.0,3337.0,288.0,1010.0,186.0,1472.0,3844.0,583.0,339.0,93.0,2321.0,806.0,915.0,2629.0,435.0,1076.0,549.0,585.0,60.0,157.0,199.0
892,0.0,0.0,0.0,0.0,0.0,42.0,13.0,13.0,5.0,2.0,0.0,0.0,0.0,1.0,1.0,6.0,20.0,17.0,5.0,5.0,2.0
897,0.0,1.0,1.0,0.0,0.0,9.0,0.0,5.0,4.0,3.0,0.0,0.0,1.0,5.0,0.0,4.0,0.0,12.0,2.0,2.0,3.0
904,0.0,0.0,1.0,1.0,0.0,37.0,1.0,45.0,22.0,4.0,0.0,0.0,0.0,1.0,1.0,14.0,1.0,16.0,1.0,21.0,3.0
91,146.0,154.0,224.0,114.0,7.0,192.0,16.0,116.0,120.0,55.0,235.0,30.0,650.0,276.0,63.0,248.0,103.0,129.0,52.0,95.0,24.0
911,127.0,10.0,99.0,188.0,0.0,902.0,292.0,209.0,260.0,57.0,219.0,7.0,479.0,162.0,35.0,128.0,11.0,201.0,42.0,139.0,41.0
916,13.0,66.0,54.0,68.0,2.0,113.0,3.0,75.0,59.0,14.0,157.0,13.0,393.0,88.0,40.0,75.0,2.0,97.0,33.0,25.0,12.0
923,10.0,10.0,7.0,3.0,5.0,744.0,112.0,205.0,276.0,37.0,8.0,4.0,14.0,1.0,2.0,248.0,18.0,244.0,79.0,113.0,67.0
924,1.0,9.0,0.0,0.0,0.0,199.0,4.0,54.0,8.0,4.0,1.0,2.0,0.0,0.0,0.0,10.0,2.0,9.0,1.0,1.0,1.0
930,0.0,2.0,2.0,1.0,2.0,107.0,6.0,52.0,20.0,14.0,0.0,0.0,0.0,1.0,1.0,137.0,105.0,67.0,17.0,34.0,8.0
931,271.0,67.0,35.0,298.0,171.0,682.0,51.0,453.0,258.0,30.0,206.0,13.0,258.0,182.0,351.0,183.0,7.0,286.0,36.0,110.0,34.0
933,2.0,9.0,2.0,12.0,2.0,29.0,5.0,22.0,12.0,0.0,4.0,1.0,9.0,7.0,2.0,17.0,5.0,16.0,2.0,5.0,4.0
936,136.0,69.0,102.0,41.0,7.0,173.0,76.0,374.0,93.0,39.0,316.0,9.0,121.0,147.0,34.0,233.0,11.0,127.0,33.0,67.0,16.0
937,3.0,4.0,1.0,0.0,1.0,128.0,7.0,45.0,85.0,12.0,0.0,0.0,3.0,3.0,0.0,100.0,2.0,77.0,6.0,37.0,16.0
939,24.0,75.0,33.0,18.0,0.0,112.0,2.0,78.0,78.0,10.0,17.0,79.0,25.0,23.0,5.0,224.0,1.0,83.0,21.0,21.0,17.0
94,225.0,159.0,316.0,518.0,12.0,604.0,25.0,234.0,151.0,48.0,757.0,135.0,981.0,460.0,85.0,289.0,48.0,293.0,62.0,184.0,28.0
941,1.0,0.0,1.0,4.0,0.0,48.0,1.0,31.0,15.0,4.0,0.0,1.0,10.0,2.0,0.0,32.0,5.0,17.0,2.0,14.0,1.0
942,17.0,6.0,2.0,8.0,3.0,102.0,217.0,52.0,24.0,12.0,20.0,0.0,11.0,7.0,2.0,47.0,90.0,91.0,11.0,10.0,9.0
943,13.0,3.0,5.0,6.0,0.0,37.0,20.0,37.0,40.0,8.0,7.0,1.0,14.0,7.0,3.0,45.0,8.0,11.0,4.0,9.0,7.0
945,1.0,2.0,1.0,1.0,0.0,110.0,5.0,110.0,36.0,18.0,0.0,2.0,21.0,1.0,0.0,146.0,0.0,54.0,9.0,39.0,12.0
946,2.0,37.0,3.0,1.0,1.0,373.0,97.0,161.0,74.0,13.0,2.0,1.0,8.0,0.0,0.0,85.0,13.0,90.0,20.0,71.0,14.0
953,0.0,39.0,1.0,6.0,2.0,45.0,2.0,15.0,14.0,3.0,11.0,2.0,15.0,4.0,2.0,30.0,0.0,30.0,4.0,15.0,4.0
957,79.0,1405.0,139.0,51.0,4.0,338.0,1.0,190.0,98.0,23.0,176.0,537.0,212.0,144.0,34.0,140.0,24.0,118.0,13.0,44.0,39.0
959,8.0,30.0,15.0,8.0,3.0,2484.0,4911.0,1284.0,825.0,322.0,4.0,0.0,112.0,10.0,1.0,2129.0,369.0,1168.0,295.0,799.0,136.0
960,344.0,24.0,185.0,290.0,40.0,576.0,182.0,220.0,120.0,54.0,949.0,0.0,630.0,955.0,84.0,460.0,2.0,225.0,63.0,98.0,15.0
962,2.0,0.0,9.0,7.0,2.0,349.0,8.0,175.0,128.0,46.0,1.0,1.0,16.0,0.0,2.0,677.0,25.0,91.0,26.0,77.0,24.0
966,1.0,1.0,1.0,2.0,1.0,72.0,2.0,247.0,53.0,9.0,1.0,0.0,4.0,0.0,0.0,51.0,3.0,23.0,11.0,43.0,17.0
967,64.0,7.0,252.0,77.0,0.0,1709.0,85.0,508.0,395.0,102.0,137.0,6.0,827.0,215.0,34.0,463.0,51.0,449.0,92.0,204.0,65.0
972,152.0,2400.0,61.0,126.0,39.0,554.0,202.0,336.0,137.0,40.0,363.0,1376.0,348.0,228.0,62.0,613.0,66.0,216.0,40.0,124.0,44.0
973,0.0,3.0,7.0,0.0,0.0,241.0,58.0,254.0,114.0,32.0,1.0,0.0,31.0,0.0,0.0,141.0,53.0,176.0,20.0,74.0,26.0
976,2.0,13.0,7.0,1.0,0.0,260.0,13.0,149.0,75.0,27.0,0.0,3.0,28.0,4.0,1.0,87.0,3.0,72.0,24.0,50.0,14.0
980,2.0,30.0,4.0,7.0,0.0,656.0,2140.0,316.0,198.0,63.0,6.0,4.0,16.0,4.0,0.0,386.0,110.0,204.0,57.0,176.0,45.0
983,332.0,5074.0,876.0,347.0,9.0,338.0,105.0,157.0,91.0,70.0,690.0,3745.0,825.0,702.0,149.0,201.0,0.0,208.0,33.0,86.0,26.0
984,29.0,26.0,213.0,79.0,13.0,2073.0,1037.0,1567.0,613.0,321.0,48.0,4.0,396.0,45.0,4.0,1431.0,204.0,974.0,162.0,417.0,103.0
985,1.0,5.0,1.0,0.0,0.0,23.0,4.0,42.0,18.0,2.0,1.0,0.0,1.0,0.0,0.0,17.0,2.0,12.0,6.0,10.0,2.0
987,63.0,0.0,138.0,40.0,3.0,190.0,2.0,97.0,49.0,24.0,101.0,0.0,92.0,78.0,21.0,173.0,4.0,69.0,11.0,36.0,24.0
99,61.0,16.0,80.0,70.0,0.0,198.0,116.0,190.0,75.0,30.0,343.0,6.0,579.0,150.0,50.0,245.0,159.0,217.0,31.0,62.0,30.0
991,0.0,2.0,4.0,3.0,2.0,731.0,25.0,377.0,242.0,67.0,2.0,0.0,12.0,1.0,1.0,88.0,16.0,80.0,85.0,73.0,22.0
992,2.0,0.0,23.0,2.0,0.0,1734.0,632.0,897.0,461.0,201.0,0.0,94.0,81.0,2.0,0.0,1152.0,177.0,605.0,148.0,454.0,87.0
996,135.0,76.0,43.0,97.0,27.0,219.0,1134.0,79.0,86.0,22.0,319.0,58.0,113.0,236.0,43.0,275.0,47.0,110.0,36.0,45.0,34.0
998,2.0,3.0,2.0,1.0,1.0,122.0,1.0,52.0,6.0,15.0,1.0,0.0,2.0,1.0,0.0,93.0,2.0,35.0,1.0,10.0,8.0
999,30.0,532.0,14.0,78.0,14.0,40.0,7.0,6.0,27.0,0.0,116.0,233.0,77.0,253.0,9.0,28.0,0.0,12.0,5.0,4.0,27.0
1052,0.0,9.0,0.0,0.0,0.0,1.0,0.0,2.0,4.0,0.0,2.0,3.0,0.0,0.0,0.0,2.0,0.0,4.0,0.0,0.0,0.0
17_2,0.0,0.0,0.0,0.0,0.0,5.0,6.0,1.0,3.0,1.0,0.0,2.0,1.0,1.0,0.0,1.0,0.0,2.0,1.0,0.0,1.0
217,0.0,1.0,0.0,0.0,0.0,3.0,0.0,2.0,1.0,0.0,0.0,0.0,1.0,0.0,0.0,1.0,0.0,0.0,0.0,0.0,0.0
22,4.0,17.0,1.0,5.0,0.0,4.0,0.0,4.0,4.0,0.0,3.0,15.0,2.0,13.0,2.0,2.0,0.0,12.0,0.0,0.0,1.0
292,3.0,1.0,0.0,0.0,0.0,4.0,31.0,5.0,6.0,0.0,1.0,1.0,0.0,1.0,0.0,4.0,14.0,4.0,0.0,2.0,2.0
387,23.0,206.0,2.0,13.0,2.0,33.0,5.0,18.0,12.0,3.0,34.0,260.0,14.0,39.0,2.0,25.0,29.0,11.0,6.0,7.0,6.0
411,3.0,2.0,1.0,1.0,1.0,5.0,16.0,2.0,2.0,1.0,10.0,0.0,0.0,1.0,0.0,3.0,5.0,3.0,4.0,1.0,0.0
44,0.0,0.0,0.0,0.0,0.0,3.0,0.0,0.0,2.0,0.0,0.0,0.0,0.0,0.0,0.0,0.0,0.0,0.0,0.0,0.0,0.0
501,1.0,0.0,0.0,2.0,0.0,0.0,5.0,2.0,1.0,0.0,1.0,0.0,2.0,0.0,0.0,2.0,4.0,2.0,0.0,0.0,1.0
506,2.0,1.0,1.0,3.0,3.0,0.0,2.0,1.0,0.0,1.0,3.0,2.0,0.0,5.0,0.0,0.0,0.0,1.0,1.0,1.0,0.0
59,2.0,0.0,0.0,0.0,0.0,5.0,0.0,6.0,6.0,0.0,0.0,0.0,2.0,2.0,0.0,0.0,0.0,6.0,0.0,0.0,2.0
607,2.0,149.0,3.0,2.0,3.0,59.0,9.0,51.0,13.0,4.0,4.0,82.0,5.0,19.0,5.0,54.0,6.0,24.0,3.0,4.0,4.0
643,1.0,555.0,0.0,0.0,0.0,29.0,0.0,13.0,9.0,1.0,0.0,0.0,2.0,1.0,0.0,11.0,1.0,38.0,1.0,3.0,3.0
753,0.0,3.0,2.0,0.0,0.0,8.0,3.0,13.0,7.0,3.0,0.0,2.0,0.0,1.0,0.0,4.0,7.0,11.0,2.0,2.0,0.0
79,4.0,1.0,0.0,3.0,0.0,4.0,1.0,5.0,5.0,3.0,1.0,0.0,3.0,4.0,0.0,1.0,1.0,5.0,0.0,2.0,3.0
917,0.0,0.0,1.0,0.0,0.0,5.0,1.0,3.0,4.0,0.0,0.0,0.0,0.0,0.0,0.0,6.0,0.0,4.0,2.0,3.0,0.0
956,0.0,6.0,2.0,0.0,0.0,223.0,2.0,60.0,49.0,8.0,0.0,1.0,3.0,1.0,1.0,135.0,1.0,89.0,17.0,29.0,14.0
454,0.0,2.0,1.0,0.0,0.0,6.0,0.0,3.0,5.0,1.0,0.0,0.0,2.0,0.0,0.0,2.0,0.0,3.0,1.0,2.0,2.0
932,1.0,4.0,2.0,4.0,1.0,23.0,0.0,7.0,20.0,7.0,2.0,0.0,5.0,2.0,1.0,5.0,0.0,13.0,21.0,22.0,1.0
