strain_id,A_MTX_5-FC.noPPI_reference,A_MTX_Fluconazole.noPPI_reference,A_MTX_Metformin.noPPI_reference,A_MTX_Trifluoperazine.noPPI_reference,A_MTX_noDrug.noPPI_reference,A_noMTX_5-FC.noPPI_reference,A_noMTX_Fluconazole.noPPI_reference,A_noMTX_Metformin.noPPI_reference,A_noMTX_Trifluoperazine.noPPI_reference,A_noMTX_noDrug.noPPI_reference,B_MTX_5-FC.noPPI_reference,B_MTX_Fluconazole.noPPI_reference,B_MTX_Metformin.noPPI_reference,B_MTX_Trifluoperazine.noPPI_reference,B_MTX_noDrug.noPPI_reference,B_noMTX_5-FC.noPPI_reference,B_noMTX_Fluconazole.noPPI_reference,B_noMTX_Metformin.noPPI_reference,B_noMTX_Trifluoperazine.noPPI_reference,B_noMTX_noDrug.noPPI_reference,T0_noMTX_noDrug.noPPI_reference
1005,1.0,5.0,0.0,1.0,0.0,53.0,5.0,158,62.0,6.0,0.0,0.0,1.0,0.0,0.0,85.0,5.0,16.0,77.0,19.0,17.0
1007,3.0,0.0,0.0,5.0,0.0,190.0,7.0,426,62.0,23.0,1.0,1.0,3.0,0.0,1.0,195.0,18.0,104.0,387.0,45.0,9.0
1013,47.0,4.0,18.0,115.0,43.0,8.0,4.0,425,34.0,4.0,58.0,9.0,1540.0,6.0,40.0,21.0,2.0,5.0,6.0,1.0,4.0
1016,1.0,0.0,2.0,0.0,1.0,106.0,7.0,303,103.0,27.0,0.0,0.0,5.0,0.0,0.0,279.0,15.0,52.0,298.0,298.0,27.0
1018,2491.0,55.0,589.0,1354.0,2864.0,155.0,17.0,535,95.0,12.0,908.0,7.0,2648.0,1781.0,570.0,267.0,41.0,57.0,164.0,107.0,27.0
1020,1625.0,0.0,726.0,272.0,226.0,270.0,44.0,782,232.0,19.0,368.0,0.0,3955.0,651.0,115.0,500.0,1.0,71.0,414.0,71.0,25.0
1025,4.0,17.0,4.0,10.0,1.0,197.0,97.0,1004,119.0,26.0,4.0,6.0,24.0,16.0,2.0,496.0,28.0,74.0,317.0,173.0,56.0
1027,0.0,1.0,3.0,2.0,0.0,229.0,52.0,666,175.0,16.0,0.0,1.0,6.0,0.0,0.0,436.0,47.0,45.0,319.0,43.0,13.0
1035,7.0,27.0,1.0,26.0,21.0,3.0,2.0,7,1.0,2.0,11.0,5.0,36.0,10.0,4.0,4.0,0.0,1.0,3.0,4.0,2.0
1038,193.0,3.0,61.0,73.0,52.0,270.0,13.0,640,248.0,25.0,81.0,0.0,529.0,91.0,43.0,356.0,7.0,165.0,653.0,117.0,21.0
1040,8.0,13.0,6.0,22.0,9.0,113.0,34.0,242,126.0,39.0,14.0,7.0,60.0,30.0,6.0,187.0,29.0,86.0,256.0,92.0,26.0
1046,0.0,0.0,0.0,4.0,1.0,115.0,43.0,389,191.0,8.0,1.0,0.0,9.0,0.0,0.0,165.0,6.0,43.0,640.0,73.0,24.0
1050,183.0,0.0,388.0,147.0,7.0,383.0,15.0,1266,326.0,39.0,63.0,0.0,1754.0,198.0,29.0,410.0,7.0,221.0,1539.0,172.0,27.0
1065,73.0,12.0,85.0,17.0,46.0,49.0,16.0,157,27.0,4.0,3.0,6.0,509.0,146.0,28.0,77.0,2.0,12.0,47.0,18.0,26.0
1069,1135.0,3413.0,320.0,1119.0,502.0,194.0,151.0,790,272.0,31.0,579.0,365.0,1975.0,1343.0,231.0,336.0,83.0,100.0,540.0,104.0,41.0
107,0.0,8.0,1.0,3.0,1.0,83.0,10.0,279,101.0,3.0,2.0,0.0,1.0,0.0,0.0,163.0,10.0,14.0,194.0,28.0,7.0
113,6848.0,2.0,359.0,2118.0,3826.0,638.0,12.0,2785,307.0,118.0,2939.0,1.0,1807.0,3547.0,3848.0,834.0,9.0,554.0,1004.0,794.0,143.0
119,1.0,2.0,1.0,6.0,0.0,3.0,19.0,16,6.0,2.0,1.0,1.0,12.0,2.0,2.0,4.0,2.0,2.0,1.0,3.0,0.0
124,630.0,0.0,145.0,521.0,118.0,38.0,0.0,197,33.0,6.0,406.0,0.0,940.0,248.0,274.0,94.0,9.0,19.0,80.0,34.0,17.0
128,2.0,1.0,0.0,0.0,0.0,455.0,10.0,681,331.0,18.0,1.0,0.0,5.0,3.0,1.0,613.0,20.0,95.0,888.0,92.0,26.0
132,1.0,3.0,9.0,0.0,0.0,241.0,20.0,699,308.0,25.0,4.0,1.0,22.0,1.0,0.0,355.0,22.0,75.0,750.0,88.0,15.0
133,1.0,0.0,2.0,0.0,0.0,167.0,7.0,494,89.0,29.0,1.0,0.0,1.0,0.0,1.0,280.0,21.0,145.0,295.0,145.0,23.0
136,1.0,0.0,0.0,0.0,0.0,108.0,23.0,274,104.0,30.0,0.0,0.0,2.0,0.0,0.0,162.0,45.0,87.0,638.0,138.0,23.0
14,2284.0,7.0,336.0,422.0,244.0,221.0,40.0,942,303.0,50.0,879.0,284.0,1922.0,678.0,232.0,340.0,17.0,279.0,1018.0,182.0,48.0
146,69.0,18.0,268.0,126.0,57.0,463.0,148.0,891,302.0,72.0,99.0,7.0,1208.0,93.0,56.0,537.0,58.0,158.0,916.0,149.0,74.0
15,186.0,0.0,79.0,31.0,95.0,50.0,16.0,230,35.0,11.0,120.0,0.0,248.0,30.0,6.0,102.0,8.0,33.0,101.0,55.0,13.0
151,0.0,0.0,5.0,1.0,1.0,63.0,32.0,149,69.0,6.0,0.0,1.0,21.0,1.0,0.0,97.0,25.0,16.0,108.0,20.0,32.0
153,0.0,0.0,0.0,2.0,0.0,84.0,213.0,518,55.0,9.0,0.0,0.0,3.0,0.0,0.0,164.0,165.0,87.0,96.0,80.0,15.0
17,4.0,5.0,4.0,9.0,2.0,0.0,3.0,11,0.0,0.0,0.0,7.0,29.0,2.0,1.0,3.0,3.0,0.0,4.0,1.0,3.0
171,9.0,2.0,15.0,26.0,4.0,8.0,16.0,45,8.0,5.0,12.0,0.0,37.0,16.0,1.0,8.0,21.0,4.0,11.0,8.0,18.0
175,0.0,0.0,0.0,2.0,0.0,111.0,28.0,413,88.0,9.0,0.0,0.0,1.0,0.0,0.0,274.0,53.0,42.0,204.0,76.0,18.0
180,1.0,2.0,4.0,11.0,0.0,74.0,14.0,166,59.0,18.0,4.0,1.0,10.0,2.0,0.0,127.0,32.0,19.0,97.0,63.0,7.0
180_2,13.0,2.0,1.0,1.0,2.0,146.0,22.0,346,104.0,43.0,4.0,3.0,28.0,2.0,1.0,296.0,26.0,100.0,267.0,268.0,32.0
185,22.0,4.0,3.0,17.0,5.0,1.0,3.0,10,3.0,0.0,5.0,1.0,28.0,18.0,9.0,1.0,2.0,2.0,3.0,2.0,5.0
187,1.0,0.0,0.0,0.0,1.0,107.0,1.0,433,79.0,3.0,1.0,0.0,6.0,0.0,0.0,228.0,6.0,7.0,205.0,23.0,10.0
188,1.0,1.0,2.0,2.0,1.0,350.0,25.0,801,282.0,19.0,1.0,7.0,31.0,1.0,3.0,478.0,1.0,152.0,834.0,96.0,21.0
192,1.0,27.0,3.0,12.0,3.0,59.0,16950.0,239,73.0,20.0,5.0,18.0,48.0,8.0,3.0,83.0,11509.0,2530.0,159.0,90.0,11.0
20,1.0,2.0,1.0,3.0,0.0,252.0,0.0,442,194.0,6.0,1.0,0.0,4.0,2.0,4.0,390.0,7.0,14.0,505.0,20.0,6.0
209,1.0,1.0,5.0,3.0,3.0,72.0,32.0,210,97.0,18.0,1.0,0.0,8.0,4.0,2.0,137.0,39.0,59.0,383.0,73.0,26.0
210,3.0,0.0,2.0,3.0,0.0,85.0,23.0,214,64.0,15.0,2.0,0.0,16.0,0.0,0.0,123.0,11.0,43.0,131.0,100.0,27.0
226,325.0,0.0,245.0,196.0,369.0,67.0,5.0,177,99.0,6.0,183.0,0.0,656.0,268.0,94.0,112.0,12.0,16.0,294.0,27.0,23.0
235,0.0,3.0,0.0,4.0,2.0,76.0,12.0,149,58.0,15.0,0.0,7.0,14.0,1.0,0.0,99.0,6.0,26.0,105.0,68.0,15.0
240,303.0,1.0,78.0,32.0,48.0,18.0,16.0,387,29.0,2.0,209.0,3.0,465.0,31.0,66.0,71.0,7.0,21.0,40.0,30.0,12.0
248,188.0,0.0,90.0,42.0,12.0,50.0,8.0,394,121.0,15.0,93.0,0.0,524.0,76.0,23.0,119.0,2.0,63.0,294.0,68.0,8.0
250,4.0,3.0,3.0,20.0,11.0,62.0,0.0,272,24.0,5.0,2.0,0.0,2.0,3.0,2.0,92.0,2.0,71.0,150.0,41.0,11.0
252,11569.0,1448.0,207.0,9773.0,36130.0,31.0,3509.0,122,25.0,3.0,7161.0,1.0,1560.0,12123.0,23557.0,60.0,2490.0,547.0,42.0,43.0,1.0
253,47.0,5.0,92.0,29.0,3.0,116.0,15.0,378,74.0,17.0,41.0,6.0,361.0,67.0,6.0,211.0,24.0,56.0,305.0,103.0,12.0
254,8.0,0.0,2.0,5.0,1.0,206.0,45.0,500,237.0,18.0,1.0,4.0,6.0,1.0,0.0,229.0,14.0,94.0,905.0,109.0,17.0
257,6.0,0.0,2.0,6.0,4.0,8.0,8.0,16,7.0,3.0,4.0,0.0,16.0,3.0,2.0,20.0,17.0,6.0,7.0,1.0,11.0
258,6.0,2.0,56.0,7.0,5.0,174.0,16.0,490,105.0,16.0,11.0,0.0,232.0,25.0,0.0,346.0,8.0,72.0,284.0,51.0,19.0
27,90.0,0.0,40.0,3.0,17.0,44.0,6.0,229,27.0,7.0,69.0,0.0,233.0,18.0,35.0,87.0,5.0,44.0,67.0,45.0,2.0
270,0.0,0.0,0.0,0.0,0.0,17.0,2950.0,85,48.0,6.0,1.0,0.0,1.0,0.0,0.0,34.0,1421.0,355.0,81.0,25.0,2.0
271,0.0,0.0,0.0,0.0,0.0,91.0,8.0,272,37.0,11.0,1.0,0.0,3.0,0.0,0.0,119.0,3.0,39.0,103.0,97.0,22.0
272,2.0,0.0,0.0,4.0,9.0,276.0,0.0,507,169.0,12.0,2.0,0.0,3.0,3.0,6.0,396.0,1.0,129.0,670.0,89.0,16.0
277,1.0,0.0,0.0,1.0,1.0,1.0,0.0,4,2.0,0.0,1.0,0.0,2.0,0.0,1.0,1.0,1.0,1.0,1.0,0.0,0.0
286,293.0,3.0,158.0,156.0,146.0,29.0,2.0,163,21.0,5.0,145.0,2.0,580.0,101.0,43.0,68.0,7.0,23.0,84.0,39.0,11.0
289,0.0,1.0,0.0,0.0,0.0,132.0,21.0,403,91.0,12.0,1.0,1.0,9.0,0.0,0.0,182.0,19.0,70.0,449.0,44.0,8.0
29,0.0,0.0,1.0,3.0,0.0,64.0,15.0,174,58.0,16.0,0.0,0.0,18.0,1.0,0.0,136.0,2.0,28.0,143.0,138.0,11.0
291,6.0,0.0,0.0,2.0,2.0,5.0,30.0,44,12.0,1.0,1.0,0.0,1.0,2.0,3.0,9.0,9.0,3.0,14.0,2.0,3.0
294,3.0,7.0,2.0,4.0,1.0,62.0,157.0,319,53.0,8.0,4.0,2.0,24.0,4.0,1.0,173.0,111.0,73.0,92.0,70.0,18.0
296,0.0,0.0,1.0,1.0,1.0,79.0,144.0,290,44.0,22.0,0.0,0.0,0.0,0.0,0.0,173.0,37.0,71.0,107.0,96.0,19.0
299,0.0,0.0,1.0,0.0,0.0,169.0,26.0,553,160.0,24.0,1.0,0.0,14.0,1.0,0.0,261.0,11.0,89.0,863.0,120.0,6.0
307,5.0,2.0,0.0,7.0,2.0,72.0,6.0,186,71.0,17.0,2.0,0.0,7.0,4.0,2.0,168.0,4.0,36.0,207.0,197.0,13.0
308,5.0,1.0,0.0,17.0,0.0,2.0,4.0,14,8.0,0.0,3.0,0.0,16.0,5.0,3.0,3.0,2.0,0.0,0.0,3.0,7.0
31,144.0,0.0,158.0,47.0,87.0,109.0,29.0,394,150.0,5.0,55.0,0.0,1018.0,80.0,29.0,138.0,41.0,44.0,246.0,33.0,6.0
311,3.0,0.0,0.0,7.0,0.0,16.0,1015.0,111,38.0,6.0,1.0,0.0,3.0,3.0,1.0,38.0,722.0,140.0,184.0,32.0,2.0
312,428.0,14.0,71.0,468.0,84.0,77.0,51.0,191,22.0,6.0,163.0,0.0,313.0,199.0,193.0,106.0,4.0,36.0,57.0,60.0,10.0
32,0.0,0.0,0.0,0.0,0.0,0.0,0.0,2,0.0,0.0,0.0,0.0,2.0,0.0,0.0,1.0,0.0,1.0,0.0,0.0,0.0
320,90.0,1.0,118.0,29.0,28.0,65.0,17.0,220,45.0,16.0,133.0,0.0,539.0,77.0,11.0,78.0,24.0,66.0,123.0,71.0,16.0
323,644.0,130.0,74.0,179.0,445.0,38.0,4533.0,160,43.0,4.0,481.0,1.0,471.0,442.0,239.0,63.0,3064.0,639.0,64.0,35.0,7.0
325,4.0,3.0,1.0,2.0,1.0,137.0,30.0,477,44.0,9.0,0.0,2.0,9.0,1.0,1.0,182.0,50.0,45.0,133.0,71.0,25.0
33,0.0,1.0,1.0,0.0,1.0,21.0,1.0,90,28.0,6.0,0.0,0.0,3.0,1.0,0.0,95.0,2.0,12.0,174.0,25.0,6.0
335,164.0,32.0,48.0,28.0,7.0,117.0,7.0,476,83.0,10.0,34.0,2.0,258.0,24.0,1.0,179.0,6.0,25.0,121.0,71.0,17.0
336,200.0,0.0,65.0,80.0,7.0,133.0,12.0,258,123.0,5.0,86.0,0.0,119.0,72.0,44.0,209.0,5.0,51.0,317.0,32.0,6.0
337,2.0,2.0,5.0,1.0,0.0,58.0,43.0,205,27.0,21.0,3.0,0.0,18.0,0.0,0.0,119.0,25.0,56.0,92.0,60.0,19.0
339,323.0,1.0,153.0,54.0,18.0,38.0,30.0,164,41.0,7.0,126.0,1.0,622.0,38.0,1.0,71.0,22.0,30.0,87.0,43.0,12.0
347,5.0,0.0,2.0,4.0,5.0,29.0,15.0,264,9.0,3.0,1.0,0.0,6.0,3.0,2.0,54.0,3.0,25.0,63.0,43.0,11.0
348,2.0,145.0,3.0,7.0,6.0,5.0,5.0,7,7.0,0.0,2.0,0.0,7.0,5.0,3.0,5.0,4.0,2.0,2.0,0.0,9.0
350,843.0,18.0,135.0,686.0,440.0,89.0,5.0,258,57.0,10.0,409.0,2.0,475.0,1006.0,267.0,174.0,23.0,39.0,225.0,24.0,5.0
354,6.0,0.0,2.0,1.0,1.0,27.0,5.0,89,31.0,4.0,2.0,0.0,6.0,0.0,0.0,53.0,10.0,20.0,53.0,20.0,9.0
358,459.0,1.0,132.0,305.0,150.0,50.0,46.0,207,38.0,4.0,270.0,3.0,607.0,230.0,132.0,98.0,29.0,18.0,62.0,53.0,15.0
359,7412.0,5.0,644.0,1817.0,2889.0,80.0,24.0,464,53.0,6.0,3036.0,16.0,3317.0,2503.0,1941.0,207.0,12.0,66.0,252.0,49.0,25.0
36,670.0,443.0,52.0,1181.0,695.0,1.0,784.0,42,7.0,1.0,327.0,0.0,303.0,1692.0,500.0,5.0,521.0,122.0,8.0,9.0,3.0
364,8.0,16.0,3.0,4.0,7.0,1.0,264.0,11,7.0,0.0,2.0,8.0,10.0,25.0,1.0,8.0,57.0,9.0,2.0,7.0,8.0
375,104.0,1.0,380.0,29.0,14.0,374.0,18.0,404,125.0,22.0,47.0,0.0,1071.0,21.0,88.0,459.0,1.0,145.0,458.0,89.0,11.0
383,8.0,0.0,2.0,23.0,10.0,250.0,9.0,578,159.0,20.0,6.0,1.0,21.0,2.0,14.0,508.0,22.0,165.0,450.0,133.0,27.0
385,9.0,8.0,3.0,9.0,3.0,0.0,1.0,1,2.0,0.0,4.0,1.0,5.0,3.0,4.0,2.0,1.0,1.0,4.0,1.0,1.0
392,3.0,8.0,1.0,3.0,4.0,235.0,9.0,597,247.0,21.0,3.0,1.0,8.0,1.0,3.0,306.0,11.0,124.0,1142.0,97.0,11.0
397,0.0,0.0,0.0,1.0,0.0,27.0,4.0,83,39.0,6.0,2.0,1.0,2.0,2.0,1.0,69.0,17.0,19.0,75.0,54.0,9.0
399,0.0,170.0,1.0,3.0,0.0,666.0,119.0,872,430.0,24.0,3.0,59.0,10.0,0.0,0.0,812.0,50.0,205.0,1371.0,165.0,21.0
40,898.0,123.0,57.0,514.0,407.0,7.0,10.0,26,12.0,0.0,800.0,0.0,345.0,404.0,299.0,39.0,0.0,1.0,10.0,5.0,3.0
400,530.0,3.0,196.0,192.0,31.0,309.0,71.0,659,266.0,23.0,236.0,1.0,1029.0,129.0,52.0,341.0,9.0,83.0,948.0,92.0,25.0
406,0.0,0.0,2.0,0.0,0.0,187.0,62.0,598,189.0,47.0,0.0,0.0,5.0,1.0,0.0,296.0,25.0,121.0,583.0,148.0,12.0
408,0.0,0.0,0.0,1.0,1.0,99.0,16.0,176,47.0,4.0,1.0,0.0,2.0,0.0,0.0,128.0,2.0,43.0,85.0,69.0,15.0
409,1610.0,1.0,80.0,21.0,121.0,166.0,20.0,141,100.0,26.0,654.0,1.0,265.0,119.0,72.0,314.0,7.0,39.0,299.0,278.0,14.0
40_2,2.0,0.0,1.0,252.0,2392.0,1.0,4.0,11,2.0,1.0,1.0,0.0,23.0,390.0,2597.0,1.0,2.0,3.0,4.0,0.0,6.0
412,7053.0,1.0,277.0,2236.0,3975.0,61.0,2784.0,97,35.0,8.0,2927.0,2.0,1882.0,3373.0,2166.0,81.0,1527.0,354.0,128.0,31.0,13.0
418,0.0,0.0,1.0,1.0,0.0,0.0,0.0,2,1.0,0.0,2.0,1.0,0.0,0.0,0.0,0.0,2.0,3.0,1.0,0.0,1.0
419,1.0,0.0,2.0,2.0,0.0,57.0,4.0,296,50.0,20.0,1.0,0.0,7.0,2.0,1.0,64.0,8.0,48.0,87.0,47.0,9.0
420,1.0,0.0,0.0,4.0,0.0,81.0,2.0,152,72.0,17.0,0.0,0.0,4.0,2.0,0.0,177.0,13.0,22.0,131.0,112.0,6.0
421,613.0,4.0,333.0,173.0,168.0,120.0,39.0,410,87.0,23.0,315.0,23.0,1677.0,345.0,44.0,266.0,56.0,69.0,241.0,81.0,18.0
426,10.0,13.0,3.0,25.0,2.0,21.0,8128.0,133,35.0,5.0,3.0,1.0,31.0,5.0,4.0,43.0,6291.0,1313.0,95.0,17.0,5.0
43,0.0,0.0,0.0,1.0,0.0,8.0,1.0,24,18.0,0.0,0.0,0.0,1.0,0.0,0.0,14.0,0.0,2.0,31.0,0.0,3.0
431,1.0,0.0,2.0,1.0,0.0,47.0,10.0,291,46.0,11.0,2.0,0.0,5.0,0.0,0.0,145.0,3.0,25.0,96.0,42.0,16.0
433,6.0,0.0,2.0,4.0,0.0,65.0,23.0,91,48.0,15.0,3.0,0.0,28.0,2.0,3.0,111.0,10.0,16.0,134.0,57.0,25.0
434,198.0,0.0,439.0,143.0,13.0,103.0,35.0,460,117.0,14.0,138.0,4.0,2128.0,161.0,3.0,163.0,7.0,52.0,176.0,78.0,25.0
437,41.0,6.0,4.0,106.0,29.0,6.0,8.0,22,9.0,1.0,16.0,0.0,43.0,53.0,31.0,14.0,7.0,6.0,8.0,6.0,7.0
438,1.0,0.0,1.0,0.0,2.0,21.0,13.0,57,13.0,1.0,0.0,1.0,5.0,2.0,3.0,61.0,9.0,12.0,18.0,17.0,11.0
439,1.0,16.0,2.0,2.0,0.0,78.0,41.0,238,96.0,18.0,0.0,13.0,7.0,1.0,1.0,128.0,78.0,38.0,185.0,160.0,15.0
43_ref1,0.0,0.0,0.0,5.0,0.0,1.0,26.0,6,1.0,1.0,1.0,1.0,11.0,0.0,0.0,1.0,29.0,1.0,4.0,1.0,28.0
43_ref2,9.0,3.0,5.0,8.0,1.0,5.0,3.0,12,6.0,11.0,12.0,2.0,35.0,2.0,3.0,9.0,1.0,9.0,9.0,4.0,50.0
442,11.0,0.0,3.0,15.0,2.0,6.0,35.0,52,13.0,6.0,12.0,0.0,30.0,9.0,9.0,19.0,16.0,10.0,10.0,5.0,8.0
444,0.0,1.0,0.0,0.0,0.0,0.0,0.0,3,1.0,1.0,3.0,0.0,8.0,0.0,0.0,4.0,3.0,1.0,2.0,2.0,8.0
446,3.0,3.0,3.0,1.0,0.0,86.0,25.0,280,115.0,28.0,0.0,4.0,1.0,3.0,1.0,239.0,93.0,48.0,246.0,216.0,19.0
45,11.0,2.0,12.0,20.0,8.0,10.0,17.0,489,34.0,1.0,2.0,2.0,30.0,6.0,11.0,22.0,5.0,8.0,47.0,8.0,4.0
450,2.0,8.0,0.0,6.0,1.0,98.0,45.0,370,63.0,13.0,1.0,4.0,7.0,2.0,4.0,146.0,51.0,47.0,166.0,119.0,26.0
452,3.0,2.0,2.0,3.0,0.0,46.0,6521.0,177,37.0,8.0,0.0,1.0,17.0,0.0,1.0,69.0,4307.0,891.0,118.0,57.0,11.0
458,1.0,1.0,2.0,0.0,0.0,53.0,16.0,155,53.0,14.0,1.0,0.0,6.0,0.0,0.0,77.0,16.0,30.0,173.0,55.0,29.0
459,24.0,1.0,56.0,2.0,1.0,80.0,6.0,246,75.0,24.0,8.0,1.0,396.0,3.0,1.0,132.0,11.0,56.0,176.0,151.0,19.0
460,59.0,445.0,89.0,63.0,38.0,157.0,46.0,371,57.0,27.0,74.0,41.0,441.0,59.0,27.0,224.0,33.0,61.0,178.0,81.0,14.0
466,5.0,0.0,2.0,6.0,9.0,3.0,3.0,16,6.0,0.0,1.0,1.0,17.0,5.0,1.0,4.0,2.0,0.0,5.0,1.0,1.0
468,670.0,3.0,310.0,201.0,193.0,370.0,17.0,821,207.0,15.0,470.0,3.0,1329.0,165.0,148.0,619.0,12.0,140.0,764.0,116.0,20.0
470,1619.0,87.0,191.0,97.0,77.0,117.0,3.0,289,117.0,33.0,534.0,4.0,836.0,581.0,128.0,265.0,20.0,43.0,364.0,356.0,20.0
473,4.0,5.0,5.0,5.0,3.0,99.0,10.0,359,42.0,27.0,5.0,5.0,47.0,3.0,1.0,213.0,17.0,104.0,115.0,130.0,25.0
475,15.0,8.0,61.0,13.0,5.0,638.0,304.0,2577,450.0,177.0,18.0,3.0,241.0,2.0,6.0,1001.0,317.0,691.0,1544.0,674.0,103.0
476,0.0,14.0,9.0,0.0,1.0,446.0,124.0,2338,632.0,168.0,6.0,0.0,80.0,17.0,2.0,1217.0,110.0,404.0,1478.0,1269.0,322.0
48,4.0,2.0,6.0,7.0,2.0,82.0,19.0,226,133.0,16.0,0.0,1.0,38.0,2.0,4.0,109.0,10.0,56.0,512.0,65.0,17.0
485,451.0,11.0,184.0,196.0,110.0,152.0,0.0,526,64.0,13.0,163.0,6.0,640.0,360.0,51.0,360.0,4.0,72.0,125.0,80.0,20.0
486,34.0,2.0,216.0,21.0,20.0,81.0,148.0,650,100.0,19.0,54.0,1.0,1468.0,6.0,7.0,180.0,111.0,63.0,170.0,110.0,17.0
491,282.0,4.0,779.0,163.0,93.0,105.0,51.0,292,176.0,9.0,257.0,0.0,4558.0,440.0,55.0,206.0,13.0,53.0,435.0,81.0,30.0
493,42.0,57.0,60.0,37.0,15.0,72.0,14.0,235,88.0,8.0,6.0,1.0,468.0,11.0,12.0,124.0,23.0,27.0,332.0,44.0,17.0
495,7.0,0.0,7.0,3.0,1.0,400.0,22.0,1128,456.0,54.0,4.0,0.0,37.0,3.0,2.0,606.0,58.0,199.0,855.0,173.0,45.0
50,65.0,4.0,10110.0,3649.0,54.0,1290.0,12.0,8341,261.0,308.0,370.0,7.0,30372.0,701.0,3.0,2746.0,8.0,766.0,7339.0,726.0,84.0
503,3.0,0.0,2.0,1.0,1.0,95.0,2.0,298,151.0,15.0,2.0,0.0,7.0,1.0,1.0,170.0,8.0,35.0,468.0,54.0,19.0
507,1.0,0.0,0.0,0.0,0.0,105.0,10.0,294,164.0,7.0,1.0,0.0,11.0,0.0,1.0,215.0,5.0,20.0,341.0,41.0,24.0
508,2.0,2.0,4.0,1.0,0.0,168.0,64.0,464,209.0,19.0,0.0,0.0,8.0,0.0,0.0,268.0,74.0,69.0,616.0,112.0,30.0
52,5.0,2.0,1.0,4.0,0.0,48.0,1.0,148,23.0,5.0,1.0,0.0,4.0,2.0,1.0,86.0,19.0,27.0,48.0,42.0,9.0
520,3.0,0.0,0.0,0.0,0.0,6.0,1.0,12,4.0,1.0,2.0,0.0,14.0,0.0,0.0,2.0,1.0,2.0,9.0,2.0,2.0
521,14.0,2.0,10.0,19.0,14.0,6079.0,21.0,26251,8294.0,1207.0,1.0,2.0,17.0,15.0,21.0,12791.0,12.0,7170.0,80671.0,2166.0,210.0
522,3.0,0.0,9.0,7.0,2.0,146.0,34.0,376,96.0,21.0,8.0,0.0,39.0,6.0,5.0,202.0,19.0,114.0,320.0,125.0,13.0
523,596.0,131.0,376.0,204.0,133.0,220.0,96.0,884,168.0,67.0,380.0,13.0,1838.0,136.0,87.0,426.0,76.0,211.0,533.0,208.0,61.0
524,121.0,53.0,36.0,35.0,6.0,68.0,25.0,383,114.0,20.0,54.0,2.0,407.0,60.0,18.0,138.0,28.0,37.0,113.0,51.0,8.0
525,419.0,213.0,515.0,177.0,54.0,440.0,116.0,967,477.0,29.0,172.0,2.0,2808.0,352.0,169.0,742.0,41.0,199.0,1450.0,139.0,29.0
531,2.0,6.0,0.0,3.0,3.0,53.0,3.0,142,47.0,3.0,4.0,3.0,21.0,3.0,2.0,124.0,4.0,21.0,92.0,52.0,12.0
532,3.0,6.0,3.0,10.0,2.0,16.0,373.0,20,8.0,1.0,2.0,2.0,41.0,6.0,1.0,18.0,290.0,64.0,13.0,11.0,3.0
535,3423.0,293.0,91.0,289.0,256.0,206.0,115.0,363,130.0,49.0,1444.0,892.0,484.0,186.0,88.0,492.0,15.0,89.0,379.0,458.0,27.0
538,1275.0,12.0,545.0,128.0,168.0,422.0,145.0,1154,332.0,52.0,525.0,16.0,3260.0,310.0,175.0,540.0,65.0,264.0,972.0,227.0,21.0
539,2195.0,111.0,721.0,561.0,1088.0,116.0,331.0,565,74.0,39.0,1400.0,86.0,3649.0,1037.0,474.0,254.0,89.0,121.0,215.0,132.0,39.0
540,2085.0,392.0,258.0,888.0,991.0,473.0,127.0,1047,351.0,36.0,916.0,213.0,1657.0,1114.0,292.0,762.0,74.0,162.0,831.0,117.0,54.0
541,4.0,2.0,2.0,5.0,0.0,149.0,74.0,488,51.0,19.0,2.0,1.0,9.0,1.0,1.0,263.0,50.0,64.0,206.0,62.0,18.0
543,2.0,0.0,0.0,0.0,2.0,30.0,26.0,128,55.0,3.0,5.0,0.0,15.0,3.0,1.0,82.0,34.0,11.0,111.0,72.0,11.0
545,323.0,1382.0,147.0,220.0,351.0,77.0,19.0,236,82.0,6.0,192.0,4588.0,578.0,302.0,176.0,181.0,32.0,24.0,153.0,49.0,41.0
546,4.0,4.0,1.0,6.0,2.0,272.0,59.0,886,298.0,32.0,1.0,5.0,14.0,5.0,1.0,406.0,9.0,93.0,742.0,139.0,25.0
557,7.0,5.0,1.0,0.0,3.0,328.0,10.0,694,315.0,15.0,8.0,1.0,25.0,3.0,2.0,445.0,44.0,123.0,1351.0,37.0,28.0
559,472.0,1050.0,5728.0,185.0,35.0,1263.0,135.0,19117,3526.0,421.0,689.0,240.0,24416.0,264.0,67.0,5505.0,63.0,2538.0,18879.0,2732.0,78.0
564,784.0,489.0,350.0,773.0,223.0,132.0,36.0,307,156.0,15.0,320.0,261.0,1780.0,921.0,171.0,201.0,11.0,55.0,414.0,88.0,22.0
567,376.0,2.0,187.0,126.0,132.0,113.0,58.0,532,60.0,38.0,168.0,0.0,630.0,122.0,6.0,193.0,101.0,189.0,206.0,178.0,16.0
57,1.0,0.0,1.0,2.0,0.0,77.0,298.0,104,96.0,8.0,0.0,0.0,6.0,1.0,1.0,63.0,64.0,20.0,221.0,42.0,9.0
571,356.0,5.0,279.0,175.0,49.0,400.0,30.0,865,295.0,20.0,211.0,5.0,1327.0,228.0,4.0,399.0,59.0,104.0,878.0,120.0,23.0
574,3.0,0.0,0.0,2.0,1.0,152.0,58.0,378,44.0,10.0,3.0,0.0,8.0,1.0,0.0,213.0,57.0,69.0,161.0,76.0,33.0
576,0.0,5.0,1.0,5.0,1.0,90.0,37.0,389,63.0,4.0,3.0,9.0,28.0,4.0,3.0,244.0,20.0,38.0,96.0,87.0,33.0
578,2960.0,5584.0,405.0,1555.0,576.0,453.0,217.0,608,487.0,40.0,1275.0,919.0,1894.0,1815.0,1773.0,635.0,136.0,120.0,1438.0,126.0,32.0
58,1.0,0.0,3.0,6.0,0.0,6.0,10.0,9,9.0,1.0,1.0,0.0,11.0,0.0,1.0,9.0,3.0,3.0,30.0,6.0,11.0
581,0.0,4.0,1.0,3.0,0.0,156.0,46.0,539,109.0,24.0,2.0,2.0,8.0,0.0,0.0,305.0,27.0,93.0,184.0,112.0,23.0
586,10.0,32.0,12.0,14.0,3.0,167.0,27.0,395,72.0,28.0,8.0,5.0,36.0,6.0,9.0,202.0,3.0,77.0,241.0,99.0,33.0
588,3156.0,23.0,186.0,805.0,4191.0,31.0,2731.0,207,43.0,14.0,2389.0,426.0,1011.0,1154.0,1527.0,58.0,1915.0,464.0,124.0,67.0,17.0
589,2.0,8.0,2.0,4.0,2.0,160.0,76.0,546,116.0,44.0,4.0,1.0,19.0,0.0,4.0,298.0,162.0,135.0,402.0,154.0,31.0
590,5.0,1.0,1.0,3.0,3.0,68.0,23.0,432,98.0,22.0,6.0,1.0,21.0,2.0,2.0,116.0,15.0,108.0,199.0,154.0,31.0
596,1.0,0.0,0.0,1.0,2.0,398.0,454.0,1975,975.0,93.0,2.0,2.0,27.0,0.0,0.0,590.0,281.0,341.0,3760.0,762.0,102.0
598,339.0,19.0,283.0,138.0,44.0,543.0,12.0,784,302.0,29.0,230.0,24.0,1032.0,209.0,32.0,798.0,57.0,142.0,1030.0,117.0,20.0
599,590.0,17.0,219.0,121.0,27.0,564.0,10.0,970,334.0,38.0,271.0,5.0,1253.0,275.0,124.0,753.0,10.0,170.0,866.0,139.0,29.0
599_ref1,15.0,0.0,21.0,5.0,0.0,8.0,3.0,16,6.0,14.0,3.0,0.0,43.0,2.0,0.0,19.0,1.0,10.0,7.0,13.0,54.0
599_ref2,8.0,0.0,5.0,2.0,0.0,11.0,2.0,12,3.0,8.0,6.0,0.0,12.0,0.0,0.0,16.0,4.0,8.0,8.0,10.0,40.0
6,10.0,0.0,9.0,19.0,5.0,263.0,30.0,639,168.0,35.0,7.0,1.0,59.0,2.0,12.0,355.0,42.0,107.0,547.0,159.0,25.0
60,43.0,2.0,114.0,18.0,14.0,159.0,33.0,294,110.0,20.0,31.0,0.0,173.0,39.0,11.0,268.0,17.0,32.0,213.0,40.0,15.0
61,0.0,0.0,0.0,1.0,0.0,0.0,0.0,1,1.0,0.0,0.0,0.0,4.0,2.0,1.0,2.0,3.0,3.0,4.0,0.0,0.0
611,4.0,2.0,1.0,3.0,0.0,402.0,15.0,790,166.0,18.0,1.0,1.0,5.0,1.0,0.0,471.0,8.0,129.0,429.0,93.0,23.0
616,440.0,34.0,157.0,98.0,56.0,182.0,28.0,662,154.0,35.0,273.0,7.0,1035.0,76.0,26.0,270.0,10.0,84.0,334.0,116.0,32.0
619,1.0,0.0,2.0,0.0,1.0,5.0,1.0,16,4.0,2.0,3.0,0.0,14.0,1.0,1.0,14.0,4.0,1.0,6.0,3.0,2.0
622,5.0,1.0,1.0,2.0,2.0,180.0,43.0,346,88.0,34.0,12.0,0.0,21.0,2.0,3.0,317.0,19.0,95.0,179.0,121.0,40.0
627,598.0,1.0,118.0,264.0,357.0,82.0,94.0,470,73.0,24.0,299.0,1.0,658.0,539.0,224.0,161.0,18.0,72.0,256.0,103.0,20.0
631,16.0,4.0,149.0,8.0,22.0,309.0,32.0,859,150.0,53.0,23.0,2.0,638.0,4.0,8.0,494.0,16.0,188.0,404.0,207.0,36.0
632,33.0,12.0,29.0,39.0,18.0,308.0,25.0,927,247.0,48.0,43.0,2.0,222.0,33.0,16.0,506.0,59.0,156.0,583.0,213.0,26.0
636,0.0,0.0,5.0,2.0,1.0,683.0,68.0,1043,388.0,15.0,1.0,0.0,43.0,0.0,1.0,762.0,7.0,74.0,606.0,108.0,25.0
638,116.0,5.0,122.0,90.0,147.0,77.0,23.0,188,42.0,6.0,46.0,0.0,393.0,159.0,172.0,146.0,2.0,27.0,97.0,62.0,29.0
639,126.0,48.0,277.0,52.0,23.0,93.0,48.0,430,93.0,12.0,88.0,0.0,1723.0,73.0,62.0,241.0,4.0,46.0,148.0,80.0,18.0
64,43.0,2.0,102.0,5.0,17.0,425.0,11.0,840,242.0,19.0,13.0,0.0,453.0,12.0,5.0,431.0,23.0,141.0,661.0,128.0,13.0
640,22.0,0.0,57.0,9.0,13.0,106.0,11.0,411,130.0,8.0,45.0,1.0,248.0,24.0,12.0,176.0,3.0,27.0,239.0,52.0,5.0
642,3510.0,23.0,290.0,1237.0,1731.0,151.0,18.0,767,129.0,31.0,1657.0,6.0,2193.0,1696.0,1491.0,303.0,1.0,45.0,265.0,132.0,34.0
648,834.0,682.0,34.0,32.0,25.0,89.0,18.0,122,32.0,27.0,388.0,19.0,158.0,28.0,52.0,176.0,39.0,26.0,114.0,143.0,22.0
649,2383.0,12.0,1412.0,1390.0,760.0,491.0,98.0,1023,320.0,35.0,607.0,19.0,6961.0,1243.0,455.0,731.0,13.0,190.0,1064.0,113.0,39.0
65,1.0,13.0,3.0,3.0,5.0,4.0,11.0,113,24.0,0.0,3.0,9.0,16.0,3.0,0.0,9.0,10.0,3.0,12.0,3.0,2.0
651,506.0,3.0,305.0,58.0,29.0,303.0,11.0,1076,179.0,7.0,68.0,1.0,1624.0,121.0,67.0,507.0,4.0,68.0,856.0,62.0,25.0
652,389.0,10.0,301.0,54.0,16.0,160.0,8.0,337,238.0,27.0,92.0,7.0,1488.0,108.0,33.0,247.0,19.0,63.0,618.0,101.0,35.0
653,314.0,745.0,116.0,73.0,37.0,492.0,49.0,881,385.0,46.0,95.0,13.0,464.0,166.0,20.0,411.0,64.0,259.0,1747.0,191.0,25.0
657,331.0,77.0,126.0,553.0,796.0,117.0,78.0,366,135.0,33.0,216.0,2.0,667.0,1003.0,484.0,238.0,23.0,89.0,286.0,109.0,29.0
658,3255.0,1.0,188.0,970.0,594.0,97.0,17.0,193,73.0,11.0,1812.0,0.0,1033.0,1003.0,201.0,226.0,11.0,22.0,149.0,97.0,11.0
66,0.0,0.0,1.0,1.0,1.0,39.0,17.0,302,67.0,5.0,1.0,0.0,2.0,0.0,0.0,91.0,2.0,18.0,79.0,34.0,19.0
660,1584.0,2.0,222.0,668.0,401.0,204.0,11.0,833,129.0,35.0,878.0,0.0,1051.0,1219.0,406.0,324.0,14.0,80.0,301.0,240.0,38.0
666,1000.0,1208.0,140.0,383.0,85.0,336.0,18.0,807,270.0,13.0,98.0,1380.0,738.0,682.0,59.0,525.0,35.0,78.0,435.0,70.0,23.0
667,228.0,19.0,988.0,129.0,27.0,647.0,42.0,1449,695.0,29.0,124.0,13.0,4414.0,199.0,67.0,962.0,35.0,177.0,2058.0,215.0,17.0
668,3.0,3.0,7.0,29.0,5.0,14.0,10.0,71,15.0,6.0,4.0,2.0,52.0,63.0,20.0,25.0,3.0,5.0,25.0,19.0,14.0
673,2217.0,10.0,2423.0,398.0,450.0,3267.0,258.0,9211,2176.0,546.0,1495.0,25.0,13174.0,1009.0,444.0,4990.0,57.0,2829.0,9426.0,1835.0,564.0
674,407.0,238.0,634.0,221.0,24.0,552.0,26.0,1471,353.0,36.0,182.0,22.0,3107.0,712.0,20.0,754.0,10.0,375.0,1710.0,199.0,29.0
676,555.0,80.0,353.0,94.0,54.0,557.0,62.0,1099,473.0,57.0,215.0,1.0,1881.0,192.0,38.0,767.0,58.0,197.0,1935.0,199.0,40.0
677,2.0,2.0,1.0,2.0,0.0,154.0,9.0,510,43.0,10.0,0.0,4.0,8.0,2.0,0.0,257.0,10.0,64.0,182.0,89.0,21.0
683,1.0,1.0,4.0,0.0,1.0,127.0,6.0,308,140.0,11.0,1.0,2.0,19.0,1.0,1.0,160.0,2.0,38.0,622.0,74.0,34.0
685,8.0,2.0,3.0,6.0,4.0,91.0,11.0,463,82.0,15.0,8.0,1.0,39.0,5.0,6.0,165.0,40.0,53.0,144.0,75.0,25.0
689,8744.0,14285.0,796.0,8034.0,18446.0,196.0,9.0,465,108.0,15.0,5239.0,14749.0,6965.0,11086.0,5210.0,332.0,19.0,45.0,243.0,84.0,20.0
690,453.0,586.0,406.0,1489.0,1562.0,118.0,39.0,170,63.0,14.0,437.0,43.0,2801.0,1775.0,1146.0,241.0,103.0,49.0,72.0,28.0,24.0
692,0.0,1.0,2.0,1.0,0.0,222.0,21.0,891,247.0,19.0,0.0,3.0,8.0,0.0,1.0,396.0,21.0,67.0,549.0,67.0,33.0
693,15.0,22.0,17.0,48.0,14.0,154.0,46.0,534,76.0,18.0,17.0,13.0,110.0,24.0,7.0,304.0,3.0,94.0,490.0,117.0,30.0
695,441.0,13.0,345.0,132.0,51.0,268.0,128.0,1144,204.0,43.0,218.0,3.0,2124.0,310.0,104.0,410.0,57.0,154.0,525.0,217.0,33.0
697,6.0,1.0,8.0,6.0,0.0,86.0,121.0,408,43.0,10.0,4.0,1.0,35.0,4.0,5.0,156.0,68.0,47.0,109.0,81.0,27.0
7,93.0,2.0,134.0,85.0,39.0,81.0,12.0,151,55.0,9.0,74.0,1.0,797.0,183.0,28.0,156.0,9.0,33.0,207.0,45.0,15.0
701,0.0,8.0,3.0,1.0,2.0,577.0,20.0,821,251.0,34.0,1.0,5.0,8.0,1.0,0.0,545.0,37.0,179.0,726.0,114.0,22.0
702,0.0,5.0,5.0,4.0,0.0,460.0,27.0,994,340.0,29.0,2.0,4.0,12.0,0.0,0.0,506.0,43.0,259.0,1018.0,156.0,31.0
703,214.0,1.0,127.0,530.0,889.0,90.0,4.0,174,90.0,7.0,165.0,1.0,979.0,821.0,615.0,125.0,28.0,18.0,148.0,38.0,10.0
705,0.0,0.0,0.0,1.0,1.0,197.0,7.0,572,142.0,14.0,1.0,0.0,13.0,0.0,0.0,347.0,8.0,60.0,248.0,91.0,23.0
709,630.0,29.0,296.0,100.0,101.0,53.0,44.0,167,98.0,22.0,339.0,4.0,1392.0,310.0,79.0,152.0,16.0,38.0,379.0,64.0,22.0
711,1.0,0.0,1.0,8.0,3.0,58.0,3.0,232,105.0,1.0,1.0,0.0,4.0,3.0,1.0,231.0,0.0,8.0,255.0,32.0,24.0
713,1297.0,0.0,291.0,705.0,232.0,82.0,9.0,418,192.0,12.0,444.0,6.0,1524.0,834.0,245.0,137.0,9.0,30.0,373.0,37.0,16.0
715,2.0,3.0,0.0,2.0,1.0,113.0,8.0,386,186.0,6.0,1.0,0.0,9.0,1.0,0.0,203.0,16.0,26.0,315.0,40.0,17.0
717,659.0,83.0,433.0,544.0,390.0,173.0,30.0,397,287.0,14.0,269.0,4.0,2599.0,1415.0,466.0,314.0,11.0,40.0,774.0,92.0,34.0
721,7.0,3.0,2.0,13.0,4.0,180.0,123.0,507,89.0,20.0,7.0,0.0,40.0,9.0,4.0,281.0,32.0,65.0,265.0,116.0,25.0
724,5.0,3.0,9.0,18.0,3.0,226.0,5.0,576,130.0,24.0,5.0,4.0,44.0,8.0,3.0,425.0,20.0,109.0,420.0,201.0,9.0
727,2576.0,13.0,773.0,1266.0,1200.0,430.0,4.0,732,138.0,50.0,970.0,6.0,4175.0,1886.0,450.0,405.0,17.0,254.0,430.0,158.0,34.0
729,1064.0,509.0,333.0,3087.0,526.0,447.0,56.0,703,132.0,31.0,552.0,42.0,2285.0,3683.0,798.0,610.0,34.0,191.0,530.0,102.0,28.0
731,13.0,0.0,28.0,16.0,3.0,1436.0,52.0,3293,880.0,174.0,7.0,3.0,80.0,16.0,5.0,1864.0,40.0,948.0,2581.0,605.0,245.0
732,2.0,0.0,1.0,1.0,0.0,152.0,8.0,649,86.0,24.0,2.0,0.0,28.0,2.0,0.0,327.0,37.0,122.0,191.0,124.0,14.0
734,3069.0,3.0,53.0,1151.0,1474.0,138.0,23.0,679,98.0,31.0,1286.0,4.0,246.0,2102.0,1156.0,395.0,22.0,99.0,385.0,222.0,20.0
735,6.0,4.0,1.0,4.0,1.0,65.0,4.0,433,104.0,16.0,1.0,1.0,3.0,4.0,2.0,219.0,3.0,43.0,209.0,65.0,19.0
738,276.0,696.0,142.0,40.0,43.0,65.0,98.0,408,79.0,17.0,152.0,475.0,492.0,51.0,37.0,142.0,18.0,40.0,123.0,94.0,18.0
739,25.0,0.0,53.0,51.0,23.0,158.0,92.0,413,237.0,39.0,16.0,3.0,156.0,40.0,13.0,260.0,60.0,115.0,464.0,93.0,126.0
740,48.0,1.0,9.0,97.0,59.0,19.0,6.0,66,38.0,6.0,22.0,0.0,21.0,56.0,74.0,19.0,8.0,16.0,41.0,17.0,2.0
741,122.0,774.0,402.0,246.0,286.0,60.0,16.0,128,39.0,11.0,154.0,2.0,2325.0,502.0,132.0,126.0,9.0,24.0,112.0,49.0,12.0
742,37.0,19.0,65.0,90.0,30.0,540.0,112.0,1041,560.0,50.0,56.0,12.0,304.0,66.0,20.0,676.0,174.0,257.0,1640.0,178.0,39.0
748,1.0,0.0,3.0,3.0,0.0,106.0,14.0,379,117.0,19.0,2.0,2.0,17.0,1.0,1.0,201.0,4.0,21.0,287.0,77.0,24.0
749,1.0,0.0,1.0,1.0,2.0,162.0,79.0,589,94.0,19.0,1.0,0.0,13.0,10.0,0.0,220.0,112.0,83.0,287.0,95.0,25.0
754,3.0,1.0,3.0,2.0,1.0,242.0,0.0,1275,271.0,11.0,4.0,0.0,19.0,1.0,0.0,409.0,3.0,60.0,567.0,52.0,17.0
755,1.0,21.0,0.0,3.0,4.0,69.0,29.0,391,60.0,7.0,1.0,9.0,9.0,7.0,3.0,210.0,15.0,33.0,122.0,23.0,33.0
756,828.0,39.0,432.0,605.0,211.0,158.0,49.0,456,166.0,26.0,296.0,19.0,1759.0,1182.0,152.0,190.0,39.0,57.0,757.0,123.0,45.0
760,1951.0,12.0,801.0,718.0,1287.0,208.0,58.0,701,112.0,29.0,798.0,13.0,4681.0,1718.0,606.0,362.0,54.0,96.0,242.0,151.0,29.0
77,28.0,42.0,89.0,17.0,1.0,80.0,27.0,274,34.0,20.0,31.0,8.0,288.0,11.0,0.0,98.0,71.0,59.0,70.0,57.0,11.0
772,154.0,45.0,142.0,44.0,15.0,110.0,14.0,426,54.0,14.0,66.0,38.0,1010.0,21.0,5.0,211.0,16.0,77.0,170.0,112.0,20.0
775,0.0,8.0,3.0,5.0,0.0,149.0,12.0,385,96.0,19.0,6.0,8.0,19.0,1.0,1.0,253.0,61.0,113.0,457.0,129.0,30.0
778,161.0,4.0,73.0,65.0,44.0,151.0,12.0,670,142.0,41.0,68.0,5.0,405.0,110.0,14.0,335.0,14.0,122.0,236.0,125.0,24.0
78,1.0,0.0,0.0,1.0,0.0,88.0,73.0,379,47.0,14.0,1.0,0.0,2.0,0.0,0.0,151.0,25.0,54.0,111.0,59.0,10.0
782,2.0,0.0,1.0,1.0,0.0,107.0,73.0,572,91.0,17.0,0.0,0.0,12.0,1.0,1.0,256.0,25.0,68.0,224.0,131.0,15.0
783,678.0,259.0,626.0,105.0,145.0,716.0,21.0,1296,599.0,20.0,381.0,44.0,3457.0,262.0,22.0,1187.0,24.0,89.0,1494.0,108.0,24.0
784,6.0,44.0,1.0,10.0,0.0,118.0,19.0,419,60.0,12.0,1.0,8.0,17.0,2.0,1.0,264.0,18.0,32.0,73.0,76.0,22.0
789,3.0,0.0,1.0,0.0,5.0,955.0,7.0,3533,1394.0,38.0,5.0,1.0,9.0,1.0,0.0,1332.0,28.0,230.0,3092.0,485.0,130.0
790,20.0,23.0,14.0,39.0,17.0,233.0,47.0,951,359.0,32.0,16.0,16.0,211.0,27.0,28.0,311.0,36.0,146.0,1207.0,145.0,27.0
791,28.0,102.0,23.0,79.0,44.0,105.0,20.0,307,141.0,21.0,44.0,57.0,104.0,43.0,41.0,151.0,16.0,55.0,487.0,77.0,15.0
795,36.0,10.0,91.0,39.0,14.0,485.0,333.0,1484,329.0,125.0,54.0,12.0,342.0,30.0,15.0,941.0,143.0,421.0,1182.0,247.0,85.0
796,2.0,13.0,4.0,5.0,1.0,72.0,84.0,372,114.0,41.0,1.0,11.0,21.0,2.0,2.0,115.0,87.0,92.0,326.0,179.0,45.0
797,1.0,8.0,1.0,7.0,1.0,217.0,11.0,245,239.0,29.0,3.0,1.0,12.0,2.0,1.0,303.0,6.0,65.0,650.0,168.0,22.0
798,0.0,3.0,4.0,14.0,0.0,1352.0,93.0,3662,636.0,165.0,4.0,0.0,17.0,8.0,0.0,1749.0,102.0,539.0,1580.0,1156.0,94.0
800,2.0,0.0,1.0,1.0,1.0,4.0,0.0,21,4.0,0.0,1.0,1.0,6.0,2.0,1.0,7.0,7.0,2.0,10.0,4.0,3.0
801,161.0,413.0,15.0,54.0,71.0,10.0,7.0,21,25.0,1.0,64.0,52.0,112.0,100.0,25.0,7.0,0.0,1.0,41.0,3.0,16.0
803,1.0,0.0,2.0,3.0,1.0,898.0,22.0,2451,537.0,29.0,0.0,1.0,10.0,2.0,1.0,1202.0,10.0,261.0,1322.0,253.0,47.0
804,177.0,189.0,357.0,91.0,133.0,87.0,61.0,288,119.0,5.0,146.0,1.0,2587.0,103.0,92.0,168.0,31.0,30.0,206.0,51.0,18.0
805,106.0,27.0,195.0,20.0,45.0,113.0,32.0,465,46.0,11.0,57.0,2.0,873.0,53.0,8.0,196.0,3.0,35.0,131.0,79.0,14.0
807,0.0,1.0,0.0,23.0,5.0,222.0,32.0,851,103.0,22.0,0.0,0.0,13.0,5.0,0.0,427.0,9.0,27.0,166.0,88.0,22.0
808,13.0,9.0,7.0,25.0,9.0,200.0,12.0,740,133.0,13.0,26.0,2.0,43.0,8.0,10.0,275.0,28.0,134.0,410.0,99.0,25.0
809,544.0,6.0,110.0,52.0,37.0,117.0,17.0,420,73.0,21.0,265.0,2.0,402.0,106.0,36.0,202.0,45.0,83.0,194.0,125.0,26.0
81,646.0,4.0,160.0,260.0,157.0,61.0,60.0,235,60.0,11.0,359.0,7.0,542.0,450.0,378.0,142.0,39.0,25.0,67.0,33.0,12.0
811,2170.0,2258.0,231.0,6599.0,1575.0,130.0,15.0,393,213.0,21.0,805.0,1000.0,1801.0,10616.0,2963.0,168.0,21.0,58.0,824.0,85.0,11.0
812,0.0,6.0,4.0,2.0,1.0,75.0,1.0,401,94.0,21.0,1.0,2.0,5.0,3.0,1.0,199.0,6.0,112.0,314.0,156.0,16.0
813,22.0,53.0,20.0,56.0,14.0,133.0,88.0,594,113.0,14.0,20.0,19.0,114.0,35.0,4.0,235.0,66.0,77.0,261.0,145.0,22.0
819,0.0,7.0,2.0,2.0,2.0,533.0,42.0,982,426.0,47.0,4.0,2.0,14.0,4.0,2.0,636.0,43.0,147.0,783.0,103.0,32.0
821,0.0,1.0,1.0,2.0,0.0,87.0,10.0,226,65.0,14.0,0.0,0.0,5.0,0.0,0.0,212.0,3.0,22.0,192.0,52.0,17.0
823,12.0,4.0,15.0,12.0,14.0,101.0,20.0,740,159.0,21.0,9.0,1.0,86.0,11.0,2.0,221.0,16.0,62.0,196.0,136.0,15.0
830,0.0,4.0,2.0,2.0,0.0,88.0,56.0,565,73.0,10.0,0.0,1.0,6.0,1.0,0.0,158.0,48.0,50.0,152.0,67.0,20.0
833,682.0,889.0,252.0,135.0,465.0,99.0,7573.0,574,78.0,16.0,320.0,6.0,1455.0,239.0,117.0,180.0,227.0,69.0,110.0,51.0,29.0
835,81.0,18.0,148.0,36.0,25.0,24.0,5.0,230,69.0,3.0,54.0,8.0,966.0,57.0,25.0,84.0,4.0,10.0,65.0,15.0,18.0
837,639.0,13.0,111.0,400.0,98.0,198.0,23.0,599,76.0,37.0,183.0,25.0,728.0,355.0,124.0,315.0,9.0,94.0,326.0,125.0,35.0
838,42510.0,2245.0,9575.0,19028.0,6189.0,3734.0,363.0,9944,2957.0,463.0,10411.0,711.0,46559.0,28784.0,9962.0,5043.0,582.0,1283.0,4782.0,1162.0,346.0
839,7.0,15.0,12.0,9.0,4.0,574.0,52.0,933,337.0,15.0,7.0,1.0,58.0,7.0,3.0,785.0,12.0,79.0,751.0,68.0,21.0
841,381.0,1127.0,80.0,60.0,117.0,9.0,12.0,21,35.0,0.0,214.0,4116.0,216.0,95.0,74.0,17.0,12.0,9.0,85.0,6.0,29.0
842,568.0,623.0,588.0,2588.0,634.0,133.0,50.0,353,116.0,35.0,202.0,147.0,3290.0,2588.0,2705.0,217.0,33.0,63.0,339.0,82.0,28.0
843,4.0,7.0,12.0,12.0,2.0,392.0,361.0,1226,394.0,142.0,6.0,15.0,55.0,10.0,1.0,762.0,243.0,315.0,1204.0,1214.0,151.0
848,82.0,14.0,96.0,21.0,2.0,81.0,33.0,416,68.0,7.0,22.0,7.0,320.0,46.0,19.0,162.0,6.0,24.0,103.0,57.0,22.0
850,4.0,6.0,7.0,6.0,1.0,686.0,106.0,1204,739.0,50.0,3.0,7.0,30.0,4.0,2.0,735.0,108.0,265.0,2413.0,224.0,57.0
853,2447.0,455.0,1632.0,994.0,494.0,3313.0,33.0,4986,2108.0,197.0,916.0,24.0,11528.0,1278.0,435.0,3664.0,261.0,1078.0,8272.0,1157.0,228.0
854,3.0,5.0,0.0,4.0,2.0,182.0,159.0,677,189.0,3.0,2.0,3.0,19.0,4.0,0.0,340.0,51.0,36.0,283.0,45.0,18.0
857,6.0,28.0,6.0,19.0,2.0,3475.0,845.0,16419,3817.0,467.0,16.0,10.0,48.0,13.0,2.0,6848.0,134.0,1287.0,8026.0,2715.0,741.0
859,1061.0,36.0,255.0,312.0,490.0,217.0,22.0,1169,141.0,18.0,624.0,30.0,1642.0,342.0,676.0,326.0,4.0,65.0,239.0,133.0,39.0
860,38.0,64.0,18.0,69.0,31.0,130.0,40.0,385,81.0,37.0,39.0,35.0,115.0,52.0,25.0,183.0,40.0,47.0,157.0,66.0,28.0
862,33.0,5.0,36.0,68.0,8.0,22.0,33.0,73,30.0,15.0,69.0,2.0,228.0,32.0,8.0,42.0,15.0,17.0,26.0,29.0,10.0
868,59.0,2.0,126.0,35.0,4.0,100.0,34.0,314,154.0,8.0,19.0,0.0,387.0,47.0,20.0,93.0,14.0,35.0,460.0,69.0,11.0
869,314.0,0.0,105.0,74.0,345.0,82.0,7.0,386,67.0,15.0,166.0,0.0,721.0,104.0,53.0,148.0,13.0,58.0,197.0,49.0,17.0
87,29.0,10.0,8.0,14.0,0.0,541.0,4.0,3765,303.0,90.0,1.0,19.0,115.0,2.0,7.0,1418.0,2.0,261.0,2022.0,173.0,80.0
870,3.0,12.0,12.0,2.0,16.0,15.0,8.0,88,14.0,5.0,2.0,2.0,87.0,2.0,1.0,12.0,0.0,15.0,56.0,34.0,7.0
871,96.0,142.0,96.0,20.0,23.0,74.0,4.0,302,52.0,9.0,107.0,2.0,481.0,56.0,0.0,219.0,10.0,28.0,102.0,74.0,13.0
879,0.0,0.0,0.0,1.0,0.0,73.0,9.0,393,46.0,7.0,0.0,2.0,2.0,1.0,0.0,137.0,2.0,21.0,59.0,43.0,17.0
880,4.0,2.0,1.0,8.0,3.0,6.0,2.0,18,1.0,2.0,2.0,9.0,8.0,3.0,5.0,9.0,1.0,2.0,20.0,12.0,11.0
882,4.0,4.0,2.0,13.0,21.0,12.0,9.0,23,4.0,5.0,7.0,12.0,11.0,15.0,9.0,10.0,4.0,15.0,14.0,3.0,2.0
887,1.0,1.0,1.0,3.0,1.0,64.0,11.0,258,92.0,23.0,0.0,6.0,2.0,2.0,1.0,150.0,14.0,39.0,227.0,198.0,19.0
888,86.0,0.0,164.0,169.0,6.0,248.0,19.0,819,366.0,15.0,56.0,0.0,870.0,21.0,4.0,421.0,13.0,104.0,892.0,84.0,35.0
89,1330.0,94.0,46.0,390.0,346.0,101.0,110.0,205,28.0,18.0,615.0,32.0,246.0,515.0,134.0,260.0,24.0,54.0,82.0,145.0,32.0
892,7.0,3.0,0.0,2.0,0.0,121.0,74.0,382,61.0,7.0,1.0,0.0,1.0,0.0,1.0,189.0,78.0,52.0,192.0,74.0,11.0
897,24.0,1.0,5.0,13.0,7.0,15.0,6.0,28,6.0,0.0,7.0,0.0,2.0,9.0,4.0,35.0,1.0,7.0,12.0,4.0,8.0
904,0.0,0.0,0.0,2.0,1.0,111.0,21.0,528,102.0,8.0,0.0,0.0,2.0,1.0,1.0,191.0,158.0,91.0,226.0,49.0,9.0
91,198.0,62.0,153.0,55.0,6.0,60.0,144.0,273,77.0,17.0,123.0,3.0,808.0,172.0,37.0,105.0,67.0,97.0,245.0,107.0,16.0
911,240.0,5.0,210.0,111.0,19.0,144.0,3.0,380,107.0,13.0,70.0,30.0,1368.0,88.0,24.0,189.0,5.0,45.0,165.0,43.0,14.0
916,285.0,63.0,68.0,79.0,67.0,52.0,51.0,163,52.0,13.0,103.0,5.0,403.0,55.0,52.0,128.0,12.0,29.0,86.0,68.0,10.0
923,5.0,9.0,4.0,3.0,2.0,68.0,43.0,144,74.0,14.0,2.0,4.0,5.0,8.0,1.0,158.0,30.0,25.0,320.0,49.0,13.0
924,1.0,4.0,1.0,0.0,0.0,141.0,4.0,483,92.0,14.0,1.0,2.0,5.0,0.0,1.0,278.0,0.0,66.0,342.0,61.0,8.0
930,1.0,2.0,0.0,0.0,0.0,55.0,15.0,228,33.0,8.0,0.0,0.0,8.0,1.0,0.0,168.0,8.0,31.0,116.0,62.0,13.0
931,214.0,1.0,75.0,214.0,198.0,44.0,0.0,237,44.0,7.0,41.0,4.0,459.0,160.0,224.0,103.0,10.0,33.0,101.0,51.0,13.0
933,26.0,238.0,66.0,7.0,26.0,8.0,12.0,99,14.0,2.0,36.0,465.0,167.0,6.0,1.0,47.0,6.0,5.0,47.0,20.0,3.0
936,411.0,248.0,217.0,284.0,118.0,238.0,46.0,464,157.0,28.0,222.0,9.0,837.0,426.0,145.0,281.0,22.0,146.0,1049.0,78.0,13.0
937,1.0,1.0,2.0,6.0,1.0,173.0,6.0,459,79.0,33.0,4.0,3.0,17.0,1.0,4.0,274.0,3.0,125.0,236.0,198.0,29.0
939,176.0,89.0,201.0,524.0,387.0,95.0,6.0,160,77.0,11.0,86.0,1.0,835.0,1042.0,275.0,132.0,6.0,23.0,214.0,68.0,18.0
94,1251.0,915.0,326.0,559.0,324.0,237.0,26.0,422,104.0,16.0,563.0,30.0,1655.0,1197.0,340.0,395.0,90.0,84.0,525.0,55.0,25.0
941,0.0,0.0,1.0,2.0,2.0,77.0,8.0,133,55.0,5.0,1.0,0.0,17.0,0.0,0.0,120.0,2.0,22.0,121.0,57.0,11.0
942,181.0,1.0,186.0,116.0,69.0,58.0,17.0,102,29.0,4.0,49.0,0.0,692.0,27.0,57.0,89.0,5.0,15.0,74.0,19.0,18.0
943,515.0,5.0,77.0,226.0,243.0,20.0,705.0,85,19.0,4.0,254.0,0.0,550.0,231.0,99.0,35.0,440.0,115.0,51.0,35.0,6.0
945,1.0,0.0,1.0,0.0,0.0,229.0,41.0,1260,330.0,15.0,2.0,0.0,13.0,1.0,0.0,349.0,6.0,104.0,910.0,100.0,9.0
946,0.0,31.0,0.0,1.0,0.0,49.0,4.0,192,47.0,7.0,0.0,2.0,1.0,0.0,0.0,107.0,8.0,10.0,58.0,26.0,9.0
953,41.0,15.0,116.0,34.0,15.0,35.0,2.0,132,12.0,1.0,18.0,18.0,446.0,24.0,0.0,57.0,10.0,9.0,33.0,14.0,17.0
957,694.0,35.0,69.0,349.0,1233.0,63.0,2.0,272,24.0,10.0,500.0,1540.0,408.0,586.0,488.0,116.0,16.0,25.0,52.0,48.0,16.0
959,39.0,11.0,36.0,19.0,6.0,1090.0,306.0,2785,1672.0,342.0,21.0,7.0,122.0,14.0,7.0,2295.0,206.0,647.0,3639.0,1795.0,163.0
960,1103.0,1.0,408.0,475.0,406.0,76.0,16.0,427,58.0,14.0,539.0,0.0,1684.0,714.0,233.0,155.0,8.0,63.0,103.0,73.0,32.0
962,3.0,2.0,1.0,17.0,4.0,202.0,1.0,262,105.0,24.0,3.0,0.0,15.0,17.0,1.0,355.0,4.0,37.0,241.0,215.0,12.0
966,0.0,0.0,0.0,0.0,0.0,89.0,0.0,171,60.0,7.0,1.0,1.0,5.0,0.0,0.0,88.0,3.0,23.0,188.0,33.0,18.0
967,22.0,8.0,87.0,1.0,0.0,127.0,1.0,399,57.0,10.0,4.0,2.0,373.0,1.0,2.0,154.0,17.0,44.0,114.0,88.0,16.0
972,1334.0,42936.0,204.0,393.0,366.0,210.0,10.0,448,105.0,7.0,357.0,5096.0,1343.0,352.0,187.0,316.0,35.0,42.0,408.0,43.0,8.0
973,1.0,1.0,0.0,0.0,1.0,38.0,7.0,212,33.0,8.0,1.0,0.0,12.0,0.0,0.0,58.0,1.0,33.0,73.0,59.0,7.0
976,1.0,6.0,0.0,1.0,2.0,63.0,1.0,391,48.0,4.0,3.0,8.0,19.0,3.0,0.0,133.0,0.0,32.0,74.0,53.0,17.0
980,0.0,18.0,0.0,2.0,5.0,77.0,18.0,313,61.0,12.0,1.0,9.0,12.0,0.0,1.0,154.0,2.0,23.0,98.0,63.0,13.0
983,2088.0,7413.0,149.0,3973.0,7257.0,23.0,12.0,103,26.0,8.0,1236.0,25412.0,1018.0,10242.0,7872.0,65.0,14.0,19.0,47.0,47.0,11.0
984,13.0,12.0,45.0,86.0,17.0,92.0,31.0,288,48.0,41.0,14.0,8.0,113.0,47.0,25.0,148.0,18.0,78.0,106.0,142.0,18.0
985,1.0,5.0,1.0,2.0,3.0,27.0,7.0,129,38.0,8.0,1.0,8.0,5.0,2.0,0.0,68.0,0.0,35.0,82.0,48.0,10.0
987,61.0,1.0,113.0,7.0,3.0,59.0,1.0,256,46.0,20.0,17.0,0.0,426.0,1.0,1.0,108.0,6.0,56.0,87.0,86.0,18.0
99,50.0,2.0,37.0,1.0,6.0,44.0,21.0,197,53.0,14.0,29.0,1.0,94.0,4.0,36.0,74.0,25.0,61.0,54.0,45.0,16.0
991,3.0,0.0,1.0,0.0,1.0,420.0,9.0,674,357.0,25.0,1.0,0.0,3.0,0.0,0.0,498.0,6.0,165.0,1297.0,139.0,20.0
992,1.0,2.0,0.0,4.0,0.0,130.0,106.0,559,112.0,20.0,1.0,1.0,10.0,1.0,0.0,302.0,24.0,81.0,239.0,162.0,30.0
996,3111.0,102.0,27.0,187.0,295.0,59.0,32.0,130,51.0,6.0,1296.0,2.0,140.0,309.0,222.0,117.0,44.0,24.0,113.0,80.0,20.0
998,0.0,2.0,2.0,1.0,0.0,88.0,9.0,237,29.0,4.0,1.0,0.0,6.0,0.0,0.0,128.0,1.0,19.0,60.0,51.0,16.0
999,148.0,839.0,13.0,749.0,334.0,1.0,3.0,4,25.0,1.0,117.0,5.0,76.0,1595.0,299.0,5.0,3.0,1.0,26.0,1.0,5.0
1052,0.0,6.0,0.0,0.0,0.0,0.0,0.0,3,0.0,0.0,1.0,4.0,3.0,0.0,0.0,0.0,0.0,1.0,0.0,0.0,0.0
17_2,1.0,2.0,2.0,6.0,0.0,1.0,584.0,32,11.0,1.0,1.0,0.0,2.0,1.0,0.0,3.0,382.0,78.0,8.0,11.0,2.0
217,0.0,0.0,0.0,1.0,0.0,0.0,1.0,1,0.0,0.0,1.0,1.0,0.0,0.0,0.0,1.0,0.0,0.0,0.0,2.0,1.0
22,439.0,2970.0,53.0,856.0,649.0,16.0,0.0,36,20.0,3.0,154.0,5282.0,477.0,1754.0,1527.0,43.0,2.0,6.0,24.0,9.0,7.0
292,440.0,180.0,100.0,144.0,94.0,31.0,9293.0,131,44.0,9.0,227.0,270.0,436.0,170.0,360.0,32.0,6011.0,1281.0,88.0,41.0,3.0
387,9.0,31.0,3.0,11.0,2.0,6.0,1.0,31,4.0,0.0,2.0,1.0,17.0,16.0,0.0,3.0,3.0,3.0,5.0,3.0,9.0
411,0.0,0.0,0.0,1.0,3.0,1.0,2.0,2,0.0,0.0,4.0,0.0,2.0,4.0,1.0,2.0,1.0,0.0,5.0,0.0,0.0
44,0.0,0.0,0.0,0.0,0.0,0.0,0.0,2,0.0,0.0,1.0,0.0,0.0,0.0,0.0,0.0,0.0,0.0,1.0,0.0,0.0
501,1.0,0.0,1.0,5.0,0.0,6.0,1743.0,69,9.0,0.0,0.0,0.0,7.0,2.0,0.0,12.0,1511.0,294.0,26.0,10.0,6.0
506,254.0,422.0,13.0,814.0,1689.0,10.0,276.0,9,6.0,0.0,174.0,220.0,51.0,1058.0,655.0,5.0,112.0,23.0,9.0,3.0,5.0
59,3.0,0.0,0.0,2.0,1.0,0.0,2.0,7,1.0,0.0,1.0,0.0,1.0,1.0,1.0,2.0,2.0,1.0,5.0,1.0,0.0
607,658.0,67.0,33.0,412.0,1088.0,17.0,1076.0,66,15.0,0.0,440.0,0.0,182.0,585.0,545.0,29.0,979.0,201.0,15.0,13.0,4.0
643,1.0,1.0,4.0,18.0,0.0,1.0,1.0,29,5.0,2.0,3.0,0.0,10.0,9.0,0.0,6.0,0.0,3.0,1.0,3.0,9.0
753,1.0,7.0,1.0,5.0,1.0,4.0,4.0,18,7.0,2.0,3.0,2.0,11.0,2.0,1.0,2.0,3.0,4.0,5.0,3.0,3.0
79,426.0,11.0,132.0,39.0,295.0,45.0,6.0,278,40.0,8.0,137.0,0.0,921.0,80.0,39.0,118.0,3.0,47.0,108.0,58.0,11.0
917,2.0,0.0,0.0,0.0,0.0,3.0,4.0,7,4.0,2.0,0.0,1.0,2.0,1.0,0.0,2.0,0.0,3.0,3.0,2.0,12.0
956,1.0,0.0,0.0,1.0,1.0,63.0,2.0,187,23.0,10.0,1.0,5.0,6.0,2.0,0.0,112.0,2.0,47.0,64.0,49.0,10.0
454,1.0,1.0,0.0,0.0,0.0,6.0,0.0,37,7.0,2.0,0.0,0.0,2.0,0.0,0.0,25.0,0.0,2.0,12.0,1.0,9.0
932,2.0,4.0,1.0,4.0,1.0,43.0,0.0,358,60.0,7.0,2.0,2.0,8.0,0.0,1.0,153.0,1.0,27.0,135.0,61.0,19.0
