strain_id,A_MTX_5-FC.PLM2_SNA3,A_MTX_Fluconazole.PLM2_SNA3,A_MTX_Metformin.PLM2_SNA3,A_MTX_Trifluoperazine.PLM2_SNA3,A_MTX_noDrug.PLM2_SNA3,A_noMTX_5-FC.PLM2_SNA3,A_noMTX_Fluconazole.PLM2_SNA3,A_noMTX_Metformin.PLM2_SNA3,A_noMTX_Trifluoperazine.PLM2_SNA3,A_noMTX_noDrug.PLM2_SNA3,B_MTX_5-FC.PLM2_SNA3,B_MTX_Fluconazole.PLM2_SNA3,B_MTX_Metformin.PLM2_SNA3,B_MTX_Trifluoperazine.PLM2_SNA3,B_MTX_noDrug.PLM2_SNA3,B_noMTX_5-FC.PLM2_SNA3,B_noMTX_Fluconazole.PLM2_SNA3,B_noMTX_Metformin.PLM2_SNA3,B_noMTX_Trifluoperazine.PLM2_SNA3,B_noMTX_noDrug.PLM2_SNA3,T0_noMTX_noDrug.PLM2_SNA3
1005,2.0,4.0,0.0,0.0,0.0,1143.0,127.0,492.0,491.0,404.0,0.0,0.0,4.0,8.0,1.0,3495.0,772.0,323.0,479.0,17.0,94.0
1007,35.0,0.0,1.0,2.0,1.0,17.0,13.0,4.0,22.0,4.0,7.0,1.0,0.0,0.0,0.0,7.0,212.0,66.0,12.0,3.0,6.0
1013,3.0,1.0,0.0,0.0,3.0,11.0,11.0,1.0,4.0,1.0,0.0,1.0,0.0,1.0,2.0,2.0,7.0,2.0,3.0,3.0,4.0
1016,10.0,0.0,1.0,1.0,19.0,10.0,11.0,5.0,6.0,3.0,3.0,1.0,1.0,1.0,3.0,3.0,5.0,2.0,9.0,2.0,8.0
1018,1961.0,6.0,249.0,17980.0,13840.0,56.0,24.0,21.0,26.0,9.0,115.0,14.0,114.0,9585.0,13954.0,62.0,11.0,23.0,18.0,18.0,20.0
1020,154.0,11.0,63.0,39.0,94.0,26.0,15.0,15.0,5.0,4.0,78.0,3.0,18.0,91.0,73.0,10.0,13.0,28.0,20.0,10.0,13.0
1025,13.0,18.0,5.0,7.0,33.0,1304.0,45.0,1121.0,535.0,846.0,1.0,7.0,4.0,5.0,6.0,3303.0,70.0,493.0,529.0,40.0,177.0
1027,0.0,0.0,5.0,0.0,0.0,12.0,54.0,3.0,6.0,1.0,1.0,0.0,1.0,0.0,0.0,9.0,77.0,19.0,7.0,4.0,6.0
1035,9.0,12.0,8.0,6.0,33.0,4.0,2.0,3.0,1.0,0.0,3.0,4.0,4.0,3.0,4.0,2.0,4.0,1.0,1.0,0.0,1.0
1038,80.0,3.0,117.0,20.0,52.0,55.0,17.0,77.0,79.0,63.0,30.0,0.0,55.0,42.0,24.0,153.0,18.0,31.0,108.0,9.0,31.0
1040,4.0,3.0,13.0,3.0,28.0,169.0,25.0,589.0,68.0,369.0,7.0,4.0,8.0,9.0,5.0,274.0,19.0,97.0,96.0,44.0,33.0
1046,0.0,0.0,3.0,1.0,3.0,17.0,11.0,1.0,4.0,0.0,2.0,2.0,0.0,2.0,2.0,13.0,5.0,5.0,7.0,4.0,16.0
1050,41.0,0.0,13.0,3.0,19.0,12.0,6.0,6.0,13.0,5.0,7.0,2.0,10.0,6.0,4.0,3.0,2.0,8.0,7.0,3.0,9.0
1065,2.0,16.0,0.0,0.0,2.0,34.0,0.0,57.0,7.0,13.0,0.0,5.0,0.0,0.0,0.0,119.0,1.0,8.0,26.0,0.0,2.0
1069,661.0,402.0,182.0,54.0,224.0,83.0,84.0,46.0,30.0,15.0,125.0,156.0,38.0,325.0,307.0,30.0,49.0,51.0,29.0,21.0,46.0
107,1.0,1.0,1.0,0.0,4.0,2.0,2.0,0.0,3.0,1.0,0.0,1.0,0.0,1.0,0.0,12.0,0.0,5.0,2.0,2.0,4.0
113,70.0,1.0,1.0,2.0,12.0,11.0,1.0,3.0,10.0,0.0,7.0,0.0,3.0,9.0,3.0,7.0,5.0,2.0,12.0,4.0,8.0
119,4.0,6.0,0.0,2.0,7.0,1.0,4.0,0.0,2.0,0.0,0.0,2.0,0.0,0.0,1.0,3.0,3.0,1.0,0.0,1.0,0.0
124,35.0,0.0,4.0,2.0,8.0,2.0,6.0,0.0,0.0,0.0,4.0,0.0,3.0,1.0,2.0,4.0,0.0,1.0,5.0,1.0,5.0
128,589.0,3.0,16.0,0.0,1.0,34.0,91.0,105.0,64.0,24.0,11.0,1.0,14.0,0.0,0.0,96.0,172.0,49.0,95.0,1.0,20.0
132,2.0,3.0,3.0,1.0,0.0,31.0,7.0,3.0,7.0,2.0,1.0,1.0,1.0,0.0,0.0,6.0,3.0,17.0,18.0,7.0,8.0
133,8.0,0.0,0.0,0.0,1.0,5.0,6.0,2.0,174.0,8.0,0.0,0.0,0.0,0.0,1.0,254.0,4.0,6.0,2.0,2.0,3.0
136,1.0,1.0,0.0,0.0,1.0,4.0,9.0,3.0,6.0,6.0,0.0,2.0,2.0,1.0,0.0,2.0,6.0,4.0,10.0,2.0,10.0
14,1009.0,367.0,444.0,2794.0,5707.0,71.0,114.0,296.0,121.0,111.0,147.0,4.0,763.0,1899.0,3200.0,120.0,90.0,103.0,199.0,18.0,66.0
146,7066.0,230.0,1435.0,593.0,640.0,2259.0,7250.0,2139.0,1882.0,1475.0,908.0,72.0,1306.0,234.0,383.0,8911.0,5335.0,1568.0,2372.0,120.0,346.0
15,3.0,9.0,9.0,3.0,22.0,4.0,1.0,2.0,4.0,2.0,17.0,0.0,1.0,2.0,3.0,11.0,3.0,6.0,3.0,4.0,6.0
151,1.0,0.0,0.0,0.0,1.0,10.0,6.0,4.0,2.0,1.0,4.0,1.0,1.0,2.0,0.0,2.0,1.0,4.0,2.0,0.0,9.0
153,5.0,1.0,0.0,0.0,2.0,6.0,6.0,0.0,1.0,2.0,2.0,1.0,0.0,0.0,1.0,3.0,27.0,11.0,2.0,3.0,4.0
17,0.0,1.0,0.0,2.0,1.0,0.0,1.0,1.0,6.0,0.0,3.0,0.0,0.0,0.0,2.0,0.0,0.0,0.0,2.0,0.0,1.0
171,3.0,4.0,10.0,7.0,20.0,3.0,8.0,2.0,1.0,1.0,3.0,5.0,3.0,10.0,3.0,4.0,9.0,1.0,2.0,5.0,16.0
175,0.0,0.0,0.0,0.0,2.0,1.0,5.0,1.0,0.0,0.0,0.0,0.0,0.0,0.0,0.0,2.0,0.0,1.0,2.0,1.0,2.0
180,2.0,1.0,2.0,0.0,1.0,689.0,139.0,369.0,142.0,315.0,64.0,0.0,5.0,1.0,0.0,1184.0,82.0,164.0,147.0,11.0,103.0
180_2,18.0,8.0,0.0,5.0,10.0,34.0,58.0,6.0,11.0,65.0,3.0,2.0,0.0,4.0,2.0,41.0,35.0,16.0,18.0,12.0,14.0
185,8.0,0.0,7.0,28.0,20.0,3.0,1.0,1.0,0.0,2.0,6.0,1.0,5.0,13.0,7.0,4.0,1.0,1.0,2.0,1.0,1.0
187,0.0,0.0,3.0,0.0,1.0,10.0,3.0,2.0,0.0,1.0,3.0,1.0,1.0,1.0,0.0,9.0,4.0,1.0,6.0,1.0,2.0
188,6.0,16.0,3.0,0.0,6.0,14.0,4.0,58.0,22.0,20.0,1.0,11.0,1.0,2.0,1.0,18.0,3.0,19.0,5.0,4.0,16.0
192,11.0,27.0,4.0,5.0,26.0,7.0,16.0,9.0,20.0,6.0,3.0,18.0,0.0,11.0,2.0,7.0,6.0,6.0,2.0,2.0,7.0
20,2.0,0.0,1.0,1.0,1.0,2.0,0.0,0.0,1.0,0.0,0.0,2.0,1.0,0.0,0.0,0.0,0.0,4.0,3.0,1.0,4.0
209,1.0,0.0,2.0,1.0,5.0,7.0,5.0,2.0,0.0,2.0,1.0,1.0,2.0,1.0,0.0,3.0,5.0,4.0,9.0,1.0,8.0
210,0.0,0.0,0.0,1.0,3.0,10.0,2.0,2.0,8.0,5.0,0.0,0.0,2.0,1.0,1.0,3.0,1.0,5.0,5.0,3.0,4.0
226,16.0,4.0,16.0,4.0,9.0,17.0,3.0,13.0,5.0,8.0,12.0,2.0,2.0,11.0,3.0,20.0,5.0,7.0,15.0,7.0,35.0
235,0.0,0.0,1.0,1.0,0.0,0.0,2.0,0.0,1.0,2.0,1.0,0.0,0.0,1.0,1.0,2.0,2.0,0.0,4.0,1.0,5.0
240,0.0,0.0,0.0,0.0,1.0,2.0,4.0,2.0,0.0,0.0,0.0,0.0,0.0,1.0,0.0,0.0,2.0,4.0,2.0,1.0,2.0
248,0.0,0.0,4.0,1.0,11.0,14.0,2.0,7.0,9.0,3.0,1.0,0.0,1.0,2.0,1.0,4.0,5.0,6.0,3.0,2.0,11.0
250,6.0,0.0,2.0,1.0,1.0,1.0,0.0,0.0,5.0,1.0,1.0,0.0,0.0,0.0,0.0,4.0,0.0,0.0,1.0,2.0,1.0
252,10.0,1.0,3.0,3.0,3.0,14.0,7.0,6.0,23.0,1.0,1.0,2.0,1.0,0.0,0.0,10.0,2.0,4.0,6.0,2.0,0.0
253,1.0,0.0,2.0,0.0,0.0,8.0,35.0,4.0,12.0,1.0,1.0,0.0,0.0,20.0,1.0,14.0,4.0,5.0,4.0,1.0,2.0
254,2.0,1.0,3.0,0.0,1.0,229.0,985.0,203.0,242.0,246.0,3.0,0.0,3.0,1.0,1.0,993.0,672.0,203.0,367.0,28.0,77.0
257,19.0,3.0,5.0,6.0,4.0,38.0,45.0,11.0,27.0,7.0,1.0,2.0,9.0,3.0,0.0,28.0,44.0,28.0,24.0,6.0,25.0
258,797.0,42.0,141.0,109.0,211.0,1475.0,64.0,1493.0,422.0,513.0,204.0,18.0,164.0,47.0,11.0,4216.0,116.0,341.0,530.0,35.0,232.0
27,26.0,0.0,70.0,3.0,33.0,22.0,4.0,57.0,70.0,116.0,1.0,0.0,132.0,42.0,2.0,210.0,3.0,51.0,87.0,9.0,16.0
270,1.0,0.0,0.0,0.0,0.0,1.0,12.0,1.0,1.0,3.0,0.0,1.0,0.0,0.0,0.0,2.0,1.0,2.0,2.0,0.0,1.0
271,0.0,2.0,1.0,0.0,0.0,41.0,23.0,158.0,44.0,137.0,0.0,1.0,0.0,0.0,0.0,46.0,65.0,61.0,8.0,12.0,14.0
272,20.0,0.0,1.0,2.0,2.0,5.0,0.0,1.0,3.0,0.0,8.0,0.0,0.0,1.0,1.0,7.0,1.0,15.0,8.0,6.0,6.0
277,14.0,0.0,0.0,0.0,1.0,2.0,1.0,0.0,4.0,0.0,3.0,0.0,0.0,0.0,0.0,5.0,0.0,0.0,2.0,0.0,0.0
286,20.0,0.0,2.0,0.0,0.0,1.0,4.0,3.0,6.0,0.0,1.0,1.0,4.0,6.0,1.0,2.0,1.0,3.0,0.0,3.0,3.0
289,4.0,3.0,4.0,24.0,7.0,10.0,20.0,7.0,3.0,6.0,1.0,1.0,0.0,2.0,1.0,7.0,12.0,12.0,14.0,4.0,13.0
29,1.0,18.0,1.0,0.0,5.0,6.0,1.0,2.0,6.0,2.0,3.0,12.0,1.0,0.0,1.0,6.0,2.0,8.0,13.0,3.0,4.0
291,1.0,0.0,0.0,0.0,0.0,0.0,1.0,0.0,0.0,1.0,0.0,0.0,0.0,0.0,0.0,1.0,0.0,1.0,1.0,0.0,2.0
294,2.0,2.0,1.0,1.0,5.0,3.0,30.0,3.0,6.0,0.0,0.0,9.0,0.0,0.0,1.0,12.0,13.0,4.0,4.0,1.0,3.0
296,1.0,4.0,14.0,0.0,0.0,87.0,281.0,431.0,121.0,276.0,0.0,6.0,3.0,0.0,0.0,292.0,88.0,90.0,138.0,35.0,47.0
299,0.0,0.0,4.0,0.0,0.0,2039.0,284.0,1749.0,1878.0,2108.0,1.0,0.0,3.0,1.0,0.0,9684.0,14.0,498.0,2001.0,137.0,159.0
307,16.0,1.0,4.0,0.0,2.0,4.0,3.0,1.0,13.0,1.0,14.0,2.0,2.0,1.0,1.0,13.0,7.0,9.0,9.0,3.0,5.0
308,57.0,0.0,7.0,3.0,6.0,7.0,3.0,5.0,35.0,4.0,6.0,0.0,0.0,1.0,0.0,14.0,0.0,1.0,4.0,0.0,0.0
31,61.0,3.0,8.0,2.0,20.0,3.0,0.0,2.0,6.0,0.0,13.0,0.0,2.0,69.0,28.0,4.0,4.0,6.0,2.0,3.0,3.0
311,3.0,0.0,0.0,3.0,1.0,5.0,2.0,3.0,2.0,5.0,0.0,0.0,0.0,1.0,2.0,3.0,3.0,4.0,2.0,1.0,1.0
312,11.0,1.0,9.0,2.0,7.0,5.0,4.0,3.0,6.0,0.0,11.0,0.0,4.0,5.0,4.0,9.0,4.0,1.0,3.0,3.0,5.0
32,0.0,2.0,0.0,0.0,1.0,1.0,0.0,1.0,0.0,0.0,1.0,1.0,0.0,0.0,0.0,0.0,0.0,0.0,1.0,1.0,0.0
320,4329.0,2.0,321.0,40.0,110.0,1593.0,107.0,1241.0,1040.0,744.0,765.0,8.0,236.0,40.0,194.0,5936.0,56.0,424.0,1295.0,72.0,117.0
323,1.0,2.0,0.0,0.0,5.0,3.0,4.0,0.0,0.0,1.0,8.0,0.0,1.0,0.0,0.0,1.0,5.0,0.0,0.0,1.0,1.0
325,2.0,3.0,2.0,4.0,6.0,100.0,8.0,73.0,40.0,86.0,0.0,0.0,1.0,3.0,1.0,376.0,9.0,46.0,53.0,7.0,24.0
33,0.0,0.0,1.0,0.0,1.0,5.0,2.0,3.0,1.0,1.0,0.0,0.0,0.0,0.0,1.0,1.0,1.0,1.0,2.0,4.0,7.0
335,5.0,1.0,9.0,2.0,0.0,4.0,3.0,2.0,2.0,0.0,1.0,0.0,3.0,0.0,0.0,4.0,2.0,5.0,6.0,2.0,9.0
336,4.0,1.0,2.0,0.0,4.0,2.0,2.0,0.0,5.0,2.0,0.0,1.0,2.0,3.0,2.0,5.0,2.0,7.0,2.0,3.0,4.0
337,0.0,9.0,5.0,0.0,0.0,122.0,72.0,9.0,11.0,16.0,0.0,6.0,5.0,0.0,0.0,233.0,101.0,54.0,37.0,16.0,28.0
339,14.0,5.0,3.0,0.0,6.0,2.0,44.0,6.0,3.0,5.0,5.0,3.0,2.0,8.0,26.0,5.0,4.0,11.0,9.0,2.0,2.0
347,26.0,1.0,2.0,3.0,2.0,3.0,0.0,3.0,7.0,0.0,0.0,0.0,2.0,2.0,0.0,5.0,1.0,0.0,2.0,2.0,2.0
348,8.0,0.0,0.0,0.0,2.0,2.0,3.0,0.0,2.0,0.0,0.0,1.0,0.0,4.0,2.0,6.0,0.0,0.0,0.0,1.0,4.0
350,1508.0,13.0,123.0,1729.0,995.0,36.0,20.0,77.0,44.0,22.0,43.0,2.0,147.0,387.0,656.0,26.0,192.0,41.0,16.0,5.0,15.0
354,16.0,1.0,2.0,3.0,15.0,7.0,36.0,14.0,14.0,10.0,0.0,0.0,0.0,1.0,0.0,7.0,4.0,6.0,13.0,5.0,6.0
358,6.0,0.0,3.0,0.0,3.0,5.0,6.0,2.0,3.0,0.0,1.0,0.0,0.0,0.0,0.0,1.0,2.0,1.0,2.0,2.0,1.0
359,7.0,2.0,1.0,0.0,5.0,1.0,53.0,2.0,3.0,0.0,3.0,0.0,1.0,3.0,0.0,1.0,8.0,2.0,0.0,0.0,0.0
36,1.0,1.0,0.0,0.0,2.0,0.0,1.0,0.0,0.0,0.0,0.0,1.0,0.0,0.0,0.0,3.0,1.0,0.0,0.0,0.0,1.0
364,5.0,9.0,0.0,2.0,10.0,3.0,4.0,0.0,2.0,2.0,1.0,3.0,0.0,5.0,0.0,2.0,14.0,5.0,7.0,2.0,6.0
375,3.0,0.0,6.0,1.0,3.0,5.0,3.0,7.0,10.0,3.0,8.0,0.0,1.0,8.0,2.0,5.0,8.0,3.0,7.0,8.0,8.0
383,4.0,1.0,0.0,2.0,1.0,9.0,17.0,3.0,8.0,1.0,0.0,1.0,0.0,0.0,0.0,31.0,9.0,5.0,9.0,3.0,2.0
385,61.0,7.0,4.0,7.0,14.0,4.0,3.0,2.0,12.0,1.0,4.0,10.0,3.0,3.0,0.0,17.0,4.0,1.0,2.0,2.0,1.0
392,32.0,5.0,4.0,14.0,18.0,26.0,78.0,64.0,40.0,38.0,1.0,8.0,5.0,5.0,4.0,206.0,14.0,38.0,130.0,16.0,23.0
397,3.0,0.0,0.0,0.0,1.0,4.0,6.0,3.0,14.0,0.0,0.0,0.0,0.0,0.0,0.0,8.0,4.0,6.0,5.0,1.0,5.0
399,18.0,64.0,11.0,0.0,4.0,30.0,75.0,5.0,12.0,5.0,3.0,44.0,9.0,1.0,2.0,36.0,56.0,32.0,15.0,13.0,16.0
40,2.0,0.0,0.0,2.0,0.0,0.0,0.0,1.0,0.0,0.0,0.0,0.0,0.0,1.0,0.0,0.0,0.0,1.0,0.0,0.0,1.0
400,133.0,0.0,8.0,15.0,70.0,36.0,7.0,4.0,10.0,4.0,26.0,0.0,4.0,59.0,150.0,13.0,3.0,6.0,13.0,2.0,11.0
406,0.0,0.0,2.0,0.0,1.0,16.0,28.0,9.0,14.0,9.0,0.0,0.0,3.0,0.0,0.0,7.0,17.0,28.0,8.0,10.0,8.0
408,0.0,0.0,0.0,0.0,0.0,14.0,16.0,2.0,5.0,3.0,1.0,0.0,0.0,0.0,0.0,2.0,4.0,7.0,3.0,2.0,4.0
409,144798.0,96.0,1412.0,4262.0,4960.0,10932.0,1238.0,1964.0,5593.0,3045.0,19105.0,128.0,1384.0,1784.0,1423.0,37675.0,1364.0,842.0,5508.0,295.0,582.0
40_2,0.0,0.0,1.0,1.0,2.0,0.0,0.0,1.0,1.0,0.0,0.0,1.0,0.0,0.0,0.0,0.0,1.0,0.0,0.0,0.0,0.0
412,4.0,0.0,1.0,1.0,2.0,5.0,4.0,1.0,1.0,0.0,3.0,0.0,2.0,1.0,0.0,2.0,4.0,2.0,6.0,2.0,0.0
418,91.0,2.0,2.0,2.0,5.0,2.0,4.0,1.0,11.0,2.0,5.0,0.0,0.0,3.0,0.0,10.0,2.0,1.0,1.0,2.0,4.0
419,2.0,2.0,6.0,1.0,6.0,7.0,7.0,6.0,8.0,10.0,0.0,0.0,3.0,1.0,0.0,11.0,8.0,18.0,6.0,6.0,11.0
420,0.0,0.0,0.0,0.0,1.0,5.0,6.0,2.0,3.0,4.0,0.0,0.0,0.0,0.0,0.0,1.0,3.0,2.0,2.0,4.0,1.0
421,4179.0,100.0,31.0,21.0,2986.0,10.0,9.0,3.0,9.0,4.0,45.0,8.0,20.0,929.0,967.0,15.0,4.0,9.0,10.0,2.0,6.0
426,10.0,2.0,5.0,1.0,14.0,6.0,5.0,4.0,0.0,4.0,1.0,1.0,4.0,9.0,2.0,4.0,5.0,0.0,3.0,2.0,1.0
43,0.0,0.0,0.0,0.0,0.0,1.0,0.0,0.0,0.0,1.0,1.0,0.0,0.0,0.0,0.0,2.0,1.0,0.0,2.0,1.0,1.0
431,0.0,0.0,1.0,0.0,1.0,112.0,4.0,349.0,84.0,316.0,1.0,0.0,0.0,0.0,0.0,357.0,13.0,144.0,41.0,6.0,15.0
433,5.0,1.0,12.0,2.0,3.0,11.0,44.0,5.0,12.0,4.0,3.0,0.0,2.0,1.0,0.0,16.0,4.0,10.0,15.0,2.0,44.0
434,1082.0,27.0,110.0,3.0,144.0,681.0,68.0,847.0,211.0,291.0,230.0,0.0,166.0,28.0,11.0,1642.0,143.0,200.0,292.0,14.0,117.0
437,64.0,1.0,13.0,10.0,16.0,10.0,2.0,5.0,16.0,5.0,5.0,0.0,4.0,3.0,5.0,12.0,2.0,2.0,4.0,1.0,0.0
438,13.0,6.0,1.0,1.0,1.0,157.0,907.0,51.0,66.0,46.0,5.0,4.0,0.0,0.0,0.0,520.0,305.0,54.0,67.0,3.0,86.0
439,38.0,8.0,1.0,1.0,6.0,32.0,313.0,22.0,29.0,2.0,1.0,3.0,1.0,1.0,1.0,11.0,13.0,14.0,22.0,6.0,21.0
43_ref1,3.0,0.0,1.0,0.0,7.0,9.0,446.0,3.0,30.0,11.0,4.0,0.0,0.0,0.0,1.0,43.0,362.0,68.0,37.0,0.0,293.0
43_ref2,5.0,0.0,4.0,0.0,3.0,15.0,30.0,51.0,207.0,331.0,8.0,0.0,0.0,0.0,0.0,23.0,19.0,8.0,165.0,26.0,449.0
442,25.0,0.0,18.0,7.0,32.0,6.0,4.0,3.0,6.0,3.0,8.0,1.0,3.0,9.0,11.0,11.0,5.0,9.0,2.0,1.0,6.0
444,4.0,0.0,1.0,1.0,2.0,6.0,0.0,0.0,1.0,1.0,0.0,0.0,0.0,2.0,0.0,4.0,3.0,4.0,1.0,0.0,0.0
446,2.0,1.0,2.0,0.0,1.0,9.0,49.0,145.0,4.0,25.0,2.0,4.0,0.0,0.0,0.0,392.0,9.0,23.0,15.0,8.0,19.0
45,0.0,1.0,1.0,0.0,1.0,7.0,4.0,2.0,2.0,1.0,1.0,0.0,0.0,0.0,0.0,3.0,1.0,8.0,2.0,1.0,3.0
450,4.0,8.0,7.0,1.0,3.0,421.0,21.0,1871.0,604.0,1743.0,2.0,1.0,6.0,3.0,1.0,1643.0,22.0,413.0,786.0,127.0,101.0
452,5.0,0.0,3.0,0.0,4.0,7.0,6.0,1.0,6.0,2.0,0.0,1.0,0.0,3.0,1.0,3.0,12.0,6.0,5.0,3.0,2.0
458,0.0,1.0,3.0,0.0,0.0,8.0,13.0,13.0,23.0,10.0,0.0,0.0,0.0,2.0,0.0,8.0,3.0,14.0,12.0,4.0,11.0
459,13.0,9.0,50.0,0.0,41.0,28.0,12.0,7.0,37.0,11.0,7.0,9.0,5.0,9.0,2.0,34.0,7.0,17.0,13.0,10.0,29.0
460,63.0,140.0,52.0,6.0,40.0,49.0,32.0,9.0,15.0,5.0,23.0,58.0,13.0,30.0,53.0,124.0,17.0,27.0,16.0,15.0,30.0
466,121.0,0.0,5.0,3.0,5.0,9.0,4.0,10.0,66.0,3.0,5.0,0.0,5.0,2.0,0.0,32.0,5.0,4.0,14.0,2.0,3.0
468,11820.0,10.0,658.0,1732.0,1684.0,1021.0,29.0,1147.0,426.0,850.0,953.0,3.0,624.0,633.0,976.0,2668.0,33.0,228.0,477.0,57.0,134.0
470,49077.0,794.0,2569.0,3235.0,10061.0,2816.0,86.0,1481.0,1924.0,2363.0,7593.0,914.0,2616.0,1750.0,1721.0,7082.0,1002.0,816.0,1854.0,220.0,302.0
473,0.0,1.0,0.0,0.0,1.0,24.0,10.0,9.0,14.0,9.0,1.0,1.0,1.0,0.0,0.0,11.0,7.0,8.0,6.0,6.0,19.0
475,8.0,52.0,135.0,2.0,13.0,2318.0,944.0,11233.0,3489.0,7966.0,2.0,181.0,43.0,28.0,0.0,7792.0,292.0,3233.0,3899.0,578.0,935.0
476,7.0,5.0,10.0,33.0,4.0,3614.0,11378.0,5716.0,2378.0,2715.0,5.0,8.0,3.0,2.0,0.0,13896.0,1189.0,2036.0,3254.0,228.0,1721.0
48,3.0,17.0,2.0,1.0,9.0,4.0,8.0,4.0,3.0,3.0,8.0,13.0,1.0,1.0,1.0,4.0,23.0,8.0,7.0,7.0,9.0
485,2.0,2.0,1.0,1.0,3.0,3.0,1.0,0.0,0.0,2.0,25.0,3.0,0.0,1.0,1.0,0.0,0.0,1.0,0.0,1.0,4.0
486,5.0,6.0,18.0,7.0,8.0,4.0,10.0,14.0,6.0,5.0,3.0,37.0,7.0,9.0,2.0,7.0,12.0,9.0,8.0,5.0,2.0
491,800.0,2.0,2450.0,769.0,368.0,51.0,13.0,257.0,121.0,183.0,82.0,6.0,1577.0,264.0,1122.0,377.0,6.0,53.0,104.0,30.0,134.0
493,6.0,0.0,2.0,1.0,3.0,6.0,4.0,7.0,2.0,2.0,2.0,2.0,5.0,1.0,1.0,3.0,9.0,4.0,3.0,0.0,1.0
495,1.0,0.0,12.0,0.0,1.0,654.0,360.0,295.0,481.0,522.0,2.0,0.0,5.0,5.0,1.0,1939.0,338.0,246.0,702.0,41.0,91.0
50,11.0,9.0,4.0,9.0,31.0,7.0,5.0,1.0,14.0,2.0,6.0,1.0,12.0,4.0,9.0,4.0,1.0,6.0,13.0,2.0,4.0
503,4.0,7.0,3.0,0.0,5.0,8.0,17.0,6.0,3.0,1.0,5.0,1.0,1.0,0.0,0.0,2.0,13.0,6.0,20.0,3.0,12.0
507,2.0,0.0,3.0,0.0,0.0,14.0,8.0,4.0,9.0,3.0,0.0,0.0,1.0,0.0,1.0,8.0,5.0,4.0,10.0,5.0,13.0
508,3.0,159.0,9.0,0.0,2.0,97.0,21.0,230.0,169.0,270.0,0.0,11.0,4.0,30.0,0.0,332.0,10.0,73.0,127.0,20.0,70.0
52,2.0,1.0,0.0,1.0,1.0,1.0,29.0,5.0,1.0,2.0,1.0,0.0,1.0,0.0,0.0,6.0,10.0,8.0,3.0,2.0,5.0
520,1.0,35.0,3.0,2.0,5.0,1.0,2.0,6.0,28.0,3.0,5.0,8.0,6.0,1.0,1.0,10.0,1.0,2.0,8.0,2.0,3.0
521,3.0,1.0,1.0,1.0,1.0,18.0,15.0,17.0,11.0,6.0,0.0,0.0,0.0,0.0,0.0,12.0,8.0,29.0,19.0,2.0,18.0
522,11.0,5.0,10.0,1.0,6.0,33.0,9.0,19.0,28.0,8.0,18.0,10.0,8.0,3.0,3.0,17.0,11.0,37.0,20.0,11.0,20.0
523,1787.0,38.0,676.0,186.0,126.0,214.0,334.0,359.0,354.0,444.0,215.0,130.0,327.0,169.0,251.0,608.0,190.0,265.0,424.0,73.0,91.0
524,26.0,10.0,11.0,3.0,16.0,7.0,16.0,4.0,7.0,2.0,12.0,3.0,1.0,11.0,6.0,3.0,16.0,17.0,9.0,2.0,7.0
525,860.0,5.0,187.0,38.0,250.0,120.0,10.0,89.0,32.0,36.0,230.0,7.0,187.0,241.0,136.0,111.0,8.0,34.0,58.0,13.0,17.0
531,1.0,18.0,2.0,0.0,5.0,3.0,6.0,0.0,4.0,0.0,11.0,22.0,3.0,2.0,1.0,2.0,4.0,5.0,1.0,1.0,2.0
532,10.0,15.0,5.0,7.0,20.0,2.0,5.0,3.0,10.0,2.0,5.0,11.0,1.0,4.0,1.0,4.0,7.0,3.0,5.0,0.0,4.0
535,4818.0,253.0,75.0,186.0,212.0,433.0,92.0,166.0,54.0,78.0,922.0,50.0,75.0,93.0,134.0,597.0,78.0,78.0,265.0,33.0,77.0
538,4677.0,5.0,90.0,72.0,3224.0,116.0,94.0,24.0,54.0,12.0,85.0,47.0,42.0,815.0,1409.0,20.0,36.0,39.0,25.0,34.0,25.0
539,1130.0,31.0,337.0,160.0,129.0,278.0,143.0,308.0,117.0,212.0,233.0,10.0,90.0,42.0,402.0,683.0,255.0,168.0,110.0,35.0,49.0
540,1068.0,41.0,140.0,1090.0,587.0,115.0,58.0,93.0,27.0,51.0,224.0,25.0,84.0,778.0,337.0,232.0,151.0,135.0,66.0,26.0,83.0
541,7.0,1.0,4.0,2.0,6.0,11.0,21.0,4.0,7.0,5.0,2.0,2.0,1.0,1.0,2.0,7.0,12.0,18.0,9.0,2.0,9.0
543,4.0,2.0,0.0,1.0,3.0,23.0,206.0,26.0,6.0,14.0,0.0,0.0,2.0,2.0,1.0,50.0,0.0,16.0,40.0,2.0,46.0
545,28.0,297.0,8.0,6.0,25.0,13.0,27.0,1.0,4.0,4.0,29.0,132.0,2.0,26.0,12.0,7.0,30.0,14.0,3.0,4.0,8.0
546,6.0,7.0,6.0,7.0,6.0,651.0,69.0,1832.0,977.0,1154.0,1.0,2.0,3.0,6.0,2.0,2751.0,132.0,641.0,1012.0,57.0,185.0
557,3.0,2.0,6.0,1.0,16.0,4.0,5.0,3.0,5.0,6.0,3.0,0.0,4.0,1.0,1.0,5.0,5.0,6.0,5.0,1.0,5.0
559,2.0,0.0,4.0,4.0,7.0,6.0,5.0,7.0,10.0,1.0,1.0,1.0,5.0,5.0,0.0,2.0,1.0,4.0,2.0,4.0,2.0
564,10.0,9.0,6.0,4.0,20.0,124.0,7.0,53.0,119.0,40.0,4.0,9.0,5.0,10.0,3.0,461.0,89.0,37.0,107.0,4.0,12.0
567,39.0,0.0,20.0,0.0,6.0,17.0,15.0,31.0,36.0,16.0,5.0,3.0,8.0,3.0,3.0,11.0,5.0,22.0,8.0,9.0,19.0
57,4.0,1.0,0.0,1.0,5.0,8.0,13.0,1.0,4.0,0.0,5.0,1.0,1.0,0.0,1.0,4.0,3.0,1.0,6.0,3.0,6.0
571,64.0,1.0,11.0,6.0,29.0,18.0,17.0,5.0,4.0,3.0,15.0,0.0,10.0,31.0,8.0,21.0,20.0,17.0,8.0,7.0,6.0
574,0.0,1.0,3.0,1.0,1.0,3.0,5.0,0.0,0.0,3.0,1.0,0.0,0.0,2.0,1.0,3.0,1.0,4.0,4.0,1.0,2.0
576,2.0,14.0,0.0,5.0,2.0,3.0,2.0,1.0,2.0,2.0,0.0,4.0,0.0,0.0,0.0,3.0,4.0,2.0,4.0,0.0,1.0
578,4403.0,4961.0,2760.0,7926.0,6410.0,310.0,580.0,579.0,553.0,568.0,518.0,6950.0,3840.0,3655.0,5067.0,1428.0,439.0,298.0,508.0,53.0,190.0
58,0.0,2.0,2.0,0.0,8.0,13.0,19.0,3.0,35.0,2.0,2.0,0.0,4.0,0.0,1.0,6.0,5.0,7.0,16.0,4.0,35.0
581,1.0,11.0,4.0,1.0,1.0,15.0,11.0,15.0,14.0,2.0,0.0,0.0,0.0,1.0,1.0,12.0,7.0,27.0,26.0,2.0,5.0
586,74.0,43.0,20.0,5.0,47.0,345.0,387.0,1013.0,416.0,1320.0,6.0,47.0,7.0,11.0,5.0,1274.0,552.0,352.0,540.0,89.0,96.0
588,3.0,1.0,8.0,2.0,1.0,10.0,4.0,27.0,26.0,10.0,2.0,0.0,0.0,4.0,3.0,14.0,0.0,18.0,9.0,4.0,5.0
589,63.0,36.0,8.0,0.0,5.0,701.0,420.0,344.0,541.0,445.0,11.0,34.0,1.0,4.0,1.0,1839.0,151.0,225.0,590.0,53.0,148.0
590,2.0,2.0,5.0,0.0,7.0,221.0,12.0,137.0,140.0,159.0,2.0,2.0,3.0,6.0,0.0,556.0,210.0,84.0,106.0,25.0,14.0
596,0.0,0.0,2.0,0.0,1.0,19.0,9.0,17.0,19.0,9.0,1.0,1.0,1.0,7.0,0.0,10.0,10.0,9.0,23.0,7.0,14.0
598,138.0,10.0,22.0,12.0,37.0,40.0,25.0,14.0,25.0,2.0,42.0,4.0,7.0,43.0,37.0,25.0,10.0,12.0,23.0,14.0,19.0
599,740.0,1.0,59.0,34.0,249.0,158.0,48.0,59.0,40.0,62.0,171.0,1.0,58.0,385.0,115.0,353.0,20.0,67.0,55.0,11.0,62.0
599_ref1,519.0,0.0,135.0,4.0,17.0,47.0,10.0,159.0,82.0,201.0,56.0,0.0,110.0,27.0,915.0,159.0,2.0,41.0,126.0,30.0,381.0
599_ref2,391.0,11.0,115.0,0.0,7.0,67.0,7.0,90.0,182.0,382.0,58.0,0.0,119.0,10.0,0.0,244.0,5.0,25.0,154.0,55.0,517.0
6,0.0,6.0,3.0,3.0,6.0,11.0,3.0,10.0,11.0,4.0,0.0,31.0,4.0,9.0,1.0,9.0,1.0,9.0,8.0,3.0,0.0
60,89.0,2.0,59.0,26.0,64.0,75.0,37.0,27.0,18.0,8.0,114.0,1.0,20.0,56.0,26.0,20.0,15.0,54.0,85.0,19.0,28.0
61,1.0,0.0,1.0,0.0,2.0,2.0,0.0,2.0,3.0,1.0,2.0,0.0,0.0,1.0,3.0,2.0,0.0,2.0,4.0,0.0,0.0
611,30.0,5.0,4.0,2.0,2.0,23.0,13.0,7.0,25.0,3.0,3.0,5.0,0.0,1.0,2.0,7.0,17.0,14.0,13.0,7.0,9.0
616,15.0,4.0,9.0,6.0,8.0,476.0,8.0,238.0,177.0,159.0,7.0,1.0,3.0,19.0,4.0,1288.0,25.0,120.0,329.0,13.0,61.0
619,140.0,0.0,5.0,4.0,9.0,14.0,4.0,11.0,57.0,6.0,14.0,1.0,1.0,2.0,2.0,29.0,9.0,10.0,8.0,5.0,2.0
622,14.0,5.0,10.0,0.0,8.0,25.0,16.0,12.0,28.0,7.0,4.0,2.0,2.0,1.0,2.0,27.0,12.0,20.0,17.0,13.0,16.0
627,17.0,3.0,181.0,57.0,196.0,45.0,7.0,263.0,41.0,205.0,9.0,0.0,223.0,25.0,2.0,102.0,6.0,44.0,81.0,34.0,27.0
631,495.0,11.0,174.0,5.0,33.0,1645.0,74.0,727.0,586.0,664.0,50.0,2.0,270.0,22.0,4.0,4706.0,255.0,394.0,740.0,74.0,51.0
632,26.0,7.0,49.0,19.0,51.0,31.0,14.0,29.0,22.0,13.0,14.0,6.0,25.0,34.0,12.0,21.0,11.0,23.0,17.0,12.0,15.0
636,2.0,0.0,11.0,0.0,6.0,35.0,23.0,21.0,11.0,4.0,15.0,0.0,1.0,3.0,0.0,19.0,11.0,21.0,13.0,8.0,13.0
638,16.0,2.0,3.0,1.0,13.0,6.0,7.0,3.0,2.0,0.0,13.0,1.0,3.0,2.0,5.0,7.0,2.0,4.0,5.0,1.0,4.0
639,20.0,2.0,19.0,23.0,64.0,6.0,6.0,2.0,3.0,2.0,13.0,0.0,5.0,42.0,15.0,5.0,5.0,12.0,5.0,2.0,2.0
64,1721.0,10.0,206.0,18457.0,13837.0,20.0,11.0,10.0,31.0,15.0,60.0,12.0,94.0,9978.0,14597.0,58.0,6.0,12.0,23.0,5.0,5.0
640,24.0,2.0,10.0,4.0,8.0,25.0,3.0,5.0,2.0,3.0,13.0,2.0,0.0,7.0,2.0,7.0,2.0,5.0,2.0,5.0,21.0
642,949.0,422.0,45.0,2831.0,3736.0,26.0,916.0,13.0,9.0,5.0,210.0,246.0,20.0,1298.0,1675.0,19.0,1391.0,222.0,14.0,8.0,28.0
648,41389.0,13720.0,91.0,2401.0,14596.0,122.0,16968.0,143.0,97.0,110.0,5202.0,11744.0,99.0,1444.0,4439.0,528.0,17070.0,2950.0,105.0,20.0,117.0
649,318.0,10.0,148.0,61.0,250.0,55.0,4.0,27.0,50.0,10.0,84.0,3.0,77.0,145.0,196.0,921.0,7.0,57.0,41.0,24.0,45.0
65,0.0,1.0,0.0,4.0,4.0,5.0,0.0,1.0,3.0,0.0,2.0,0.0,1.0,2.0,0.0,1.0,6.0,0.0,1.0,2.0,0.0
651,29.0,4.0,12.0,1.0,14.0,12.0,8.0,12.0,15.0,5.0,20.0,4.0,7.0,21.0,6.0,25.0,4.0,13.0,16.0,3.0,9.0
652,1130.0,24.0,242.0,263.0,188.0,294.0,114.0,294.0,88.0,243.0,290.0,7.0,111.0,88.0,394.0,614.0,182.0,123.0,110.0,18.0,93.0
653,17.0,37.0,24.0,4.0,16.0,19.0,39.0,63.0,52.0,17.0,9.0,16.0,4.0,8.0,9.0,17.0,13.0,19.0,25.0,11.0,14.0
657,74.0,48.0,22.0,4.0,35.0,42.0,24.0,48.0,144.0,15.0,22.0,26.0,8.0,11.0,19.0,43.0,14.0,39.0,58.0,12.0,35.0
658,14.0,8.0,7.0,1.0,38.0,2.0,0.0,0.0,0.0,1.0,11.0,7.0,2.0,10.0,3.0,5.0,0.0,7.0,5.0,3.0,1.0
66,1.0,3.0,2.0,0.0,1.0,8.0,9.0,8.0,1.0,0.0,0.0,1.0,0.0,2.0,2.0,0.0,1.0,5.0,5.0,1.0,17.0
660,27.0,3.0,8.0,4.0,18.0,47.0,18.0,23.0,4.0,18.0,9.0,3.0,4.0,27.0,33.0,45.0,2.0,7.0,5.0,3.0,47.0
666,1521.0,391.0,73.0,334.0,312.0,67.0,17.0,171.0,122.0,141.0,123.0,241.0,147.0,149.0,39.0,375.0,45.0,133.0,112.0,11.0,44.0
667,613.0,63.0,144.0,14.0,29.0,1524.0,62.0,668.0,473.0,527.0,41.0,17.0,235.0,43.0,6.0,5018.0,317.0,374.0,620.0,47.0,135.0
668,17.0,7.0,13.0,8.0,19.0,23.0,3.0,10.0,38.0,3.0,11.0,1.0,2.0,7.0,0.0,9.0,16.0,16.0,20.0,6.0,187.0
673,9901.0,27.0,13040.0,2067.0,1711.0,15858.0,368.0,17105.0,15215.0,18512.0,1399.0,19.0,6485.0,6451.0,1790.0,55026.0,2873.0,6900.0,17047.0,2775.0,3268.0
674,155.0,272.0,112.0,13.0,113.0,111.0,30.0,44.0,56.0,65.0,46.0,129.0,18.0,33.0,12.0,258.0,25.0,39.0,59.0,14.0,24.0
676,935.0,33.0,87.0,187.0,7963.0,95.0,63.0,23.0,73.0,136.0,47.0,32.0,194.0,2118.0,1648.0,204.0,17.0,33.0,64.0,25.0,27.0
677,1.0,2.0,0.0,0.0,0.0,21.0,6.0,8.0,15.0,5.0,0.0,2.0,0.0,1.0,2.0,13.0,9.0,17.0,11.0,5.0,16.0
683,0.0,1.0,0.0,2.0,1.0,3.0,1.0,4.0,5.0,0.0,0.0,0.0,0.0,1.0,0.0,0.0,1.0,4.0,6.0,0.0,11.0
685,4.0,9.0,6.0,4.0,17.0,792.0,65.0,730.0,281.0,284.0,8.0,16.0,1.0,6.0,0.0,2954.0,130.0,193.0,434.0,24.0,220.0
689,57.0,292.0,91.0,39.0,38.0,14.0,1.0,7.0,5.0,9.0,31.0,165.0,4.0,24.0,35.0,146.0,5.0,5.0,11.0,4.0,9.0
690,1305.0,8.0,33.0,0.0,24.0,309.0,70.0,64.0,33.0,14.0,7.0,189.0,51.0,390.0,2.0,22.0,123.0,69.0,25.0,15.0,11.0
692,0.0,0.0,5.0,0.0,1.0,967.0,76.0,769.0,300.0,436.0,0.0,4.0,4.0,6.0,0.0,2893.0,34.0,327.0,317.0,23.0,126.0
693,7.0,5.0,12.0,6.0,10.0,5.0,4.0,8.0,10.0,1.0,25.0,1.0,6.0,8.0,6.0,4.0,3.0,9.0,9.0,4.0,17.0
695,45.0,16.0,68.0,50.0,66.0,37.0,16.0,69.0,30.0,3.0,36.0,40.0,34.0,80.0,14.0,16.0,11.0,84.0,22.0,22.0,33.0
697,5.0,1.0,2.0,3.0,6.0,41.0,22.0,27.0,27.0,10.0,9.0,2.0,6.0,5.0,1.0,23.0,41.0,59.0,22.0,9.0,30.0
7,2.0,3.0,10.0,2.0,4.0,11.0,11.0,7.0,6.0,0.0,3.0,2.0,1.0,9.0,4.0,10.0,5.0,13.0,12.0,9.0,9.0
701,0.0,5.0,9.0,0.0,1.0,79.0,46.0,7.0,27.0,3.0,0.0,3.0,4.0,6.0,0.0,30.0,16.0,21.0,25.0,12.0,11.0
702,2.0,27.0,5.0,2.0,5.0,1233.0,410.0,935.0,966.0,1004.0,2.0,9.0,5.0,0.0,2.0,2577.0,271.0,458.0,1350.0,77.0,294.0
703,12.0,0.0,4.0,4.0,14.0,3.0,0.0,0.0,5.0,0.0,8.0,1.0,1.0,8.0,4.0,1.0,0.0,1.0,2.0,1.0,5.0
705,0.0,0.0,4.0,0.0,1.0,30.0,95.0,74.0,70.0,56.0,0.0,0.0,1.0,1.0,0.0,179.0,100.0,83.0,34.0,10.0,21.0
709,6.0,5.0,196.0,35.0,72.0,16.0,9.0,91.0,27.0,104.0,5.0,11.0,225.0,39.0,26.0,172.0,10.0,30.0,101.0,7.0,11.0
711,0.0,0.0,0.0,0.0,2.0,4.0,0.0,1.0,1.0,1.0,1.0,0.0,0.0,0.0,0.0,0.0,0.0,1.0,0.0,0.0,3.0
713,1783.0,5.0,166.0,161.0,102.0,270.0,12.0,375.0,144.0,170.0,234.0,22.0,164.0,108.0,110.0,991.0,74.0,143.0,190.0,9.0,91.0
715,0.0,7.0,0.0,0.0,0.0,47.0,1.0,101.0,87.0,27.0,1.0,4.0,0.0,0.0,0.0,163.0,30.0,21.0,32.0,8.0,33.0
717,1939.0,61.0,1891.0,2032.0,2218.0,183.0,64.0,357.0,185.0,364.0,333.0,125.0,1689.0,841.0,1037.0,574.0,8.0,85.0,232.0,12.0,150.0
721,7.0,2.0,8.0,4.0,7.0,59.0,161.0,31.0,59.0,24.0,5.0,2.0,2.0,4.0,0.0,121.0,228.0,80.0,37.0,16.0,21.0
724,14.0,34.0,9.0,3.0,13.0,44.0,7.0,14.0,20.0,7.0,19.0,7.0,4.0,3.0,6.0,9.0,7.0,12.0,22.0,14.0,9.0
727,603.0,20.0,112.0,61.0,179.0,430.0,76.0,23.0,56.0,34.0,69.0,160.0,93.0,155.0,127.0,44.0,334.0,206.0,27.0,36.0,29.0
729,278.0,127.0,45.0,60.0,68.0,53.0,66.0,63.0,43.0,9.0,41.0,50.0,13.0,335.0,179.0,59.0,13.0,54.0,41.0,21.0,40.0
731,17.0,9.0,44.0,16.0,45.0,766.0,203.0,497.0,88.0,327.0,4.0,4.0,18.0,6.0,6.0,843.0,739.0,574.0,335.0,99.0,376.0
732,9.0,4.0,5.0,4.0,19.0,26.0,21.0,18.0,19.0,4.0,10.0,8.0,3.0,7.0,1.0,25.0,63.0,41.0,16.0,19.0,11.0
734,20045.0,123.0,575.0,12064.0,35738.0,1588.0,304.0,2026.0,1959.0,1724.0,2584.0,11.0,621.0,5641.0,12993.0,5847.0,263.0,932.0,2528.0,130.0,318.0
735,1.0,0.0,1.0,0.0,1.0,24.0,5.0,15.0,10.0,10.0,0.0,0.0,0.0,0.0,0.0,7.0,7.0,35.0,22.0,7.0,8.0
738,20.0,29.0,2.0,0.0,4.0,10.0,6.0,4.0,19.0,4.0,5.0,70.0,1.0,0.0,1.0,4.0,11.0,11.0,13.0,5.0,11.0
739,256.0,2.0,12.0,39.0,8.0,385.0,18.0,467.0,323.0,257.0,1.0,1.0,4.0,364.0,0.0,555.0,221.0,269.0,304.0,41.0,303.0
740,3.0,0.0,4.0,3.0,5.0,26.0,6.0,30.0,8.0,5.0,7.0,0.0,4.0,9.0,3.0,13.0,6.0,64.0,23.0,22.0,14.0
741,41.0,20.0,49.0,8.0,30.0,15.0,8.0,22.0,26.0,7.0,129.0,16.0,17.0,28.0,14.0,6.0,6.0,32.0,10.0,8.0,5.0
742,60.0,13.0,56.0,48.0,92.0,251.0,173.0,394.0,311.0,303.0,50.0,5.0,23.0,31.0,28.0,637.0,47.0,226.0,278.0,62.0,85.0
748,5.0,5.0,3.0,2.0,11.0,7.0,3.0,5.0,7.0,2.0,1.0,2.0,1.0,4.0,3.0,9.0,4.0,9.0,5.0,4.0,10.0
749,6.0,2.0,10.0,6.0,22.0,1615.0,10.0,1235.0,725.0,1143.0,12.0,0.0,6.0,6.0,1.0,4957.0,226.0,388.0,838.0,70.0,161.0
754,1.0,2.0,1.0,1.0,0.0,143.0,8.0,653.0,172.0,298.0,0.0,1.0,3.0,1.0,0.0,760.0,17.0,271.0,163.0,10.0,107.0
755,1.0,0.0,0.0,0.0,2.0,3.0,0.0,3.0,1.0,1.0,0.0,0.0,0.0,0.0,0.0,2.0,1.0,3.0,4.0,2.0,3.0
756,1617.0,567.0,336.0,4018.0,5850.0,31.0,1131.0,157.0,68.0,91.0,333.0,377.0,417.0,1817.0,3105.0,163.0,1557.0,346.0,82.0,30.0,111.0
760,10993.0,24.0,618.0,1408.0,1708.0,1141.0,55.0,1232.0,384.0,699.0,958.0,14.0,685.0,729.0,1198.0,2350.0,46.0,330.0,452.0,37.0,177.0
77,135.0,53.0,1015.0,134.0,31.0,195.0,47.0,293.0,186.0,522.0,20.0,198.0,129.0,11.0,24.0,605.0,349.0,119.0,160.0,36.0,30.0
772,41.0,26.0,6.0,2.0,18.0,5.0,13.0,1.0,6.0,2.0,1.0,18.0,1.0,6.0,0.0,6.0,7.0,3.0,4.0,9.0,6.0
775,0.0,12.0,3.0,0.0,1.0,19.0,25.0,12.0,19.0,11.0,0.0,2.0,1.0,0.0,0.0,21.0,12.0,18.0,11.0,7.0,21.0
778,147.0,16.0,30.0,9.0,97.0,61.0,16.0,19.0,26.0,11.0,47.0,2.0,9.0,73.0,17.0,23.0,6.0,38.0,21.0,22.0,27.0
78,0.0,0.0,1.0,1.0,2.0,2.0,2.0,3.0,1.0,0.0,1.0,0.0,0.0,1.0,1.0,2.0,0.0,4.0,2.0,0.0,1.0
782,0.0,1.0,3.0,0.0,2.0,11.0,2.0,10.0,15.0,5.0,0.0,2.0,1.0,0.0,0.0,7.0,4.0,15.0,8.0,8.0,8.0
783,100.0,68.0,5.0,11.0,21.0,6.0,28.0,8.0,3.0,1.0,16.0,213.0,3.0,332.0,5.0,17.0,14.0,10.0,8.0,3.0,8.0
784,4.0,17.0,3.0,7.0,3.0,12.0,6.0,10.0,15.0,4.0,1.0,24.0,1.0,2.0,0.0,4.0,8.0,17.0,11.0,2.0,7.0
789,0.0,3.0,3.0,0.0,1.0,12.0,6.0,20.0,24.0,7.0,1.0,0.0,0.0,0.0,0.0,6.0,2.0,11.0,14.0,5.0,17.0
790,17.0,17.0,24.0,13.0,29.0,62.0,42.0,204.0,57.0,67.0,15.0,9.0,32.0,25.0,8.0,179.0,26.0,63.0,52.0,10.0,86.0
791,36.0,66.0,24.0,42.0,118.0,15.0,7.0,9.0,18.0,2.0,21.0,22.0,10.0,44.0,24.0,6.0,6.0,14.0,11.0,4.0,9.0
795,27.0,14.0,231.0,9.0,257.0,2711.0,565.0,9780.0,3345.0,7369.0,23.0,11.0,155.0,17.0,17.0,9924.0,719.0,3636.0,4174.0,688.0,861.0
796,22.0,8.0,4.0,3.0,2.0,57.0,45.0,9.0,42.0,9.0,2.0,22.0,6.0,12.0,2.0,14.0,198.0,24.0,44.0,23.0,25.0
797,1.0,3.0,6.0,0.0,3.0,452.0,7.0,225.0,230.0,216.0,0.0,3.0,2.0,3.0,0.0,1387.0,10.0,88.0,476.0,17.0,41.0
798,0.0,8.0,5.0,0.0,0.0,93.0,507.0,64.0,47.0,37.0,0.0,1.0,0.0,0.0,0.0,51.0,202.0,99.0,98.0,63.0,70.0
800,45.0,1.0,1.0,3.0,6.0,9.0,1.0,3.0,19.0,0.0,3.0,1.0,0.0,2.0,2.0,12.0,27.0,0.0,5.0,0.0,5.0
801,244.0,187.0,57.0,49.0,84.0,31.0,90.0,15.0,98.0,29.0,75.0,314.0,84.0,59.0,28.0,129.0,98.0,43.0,143.0,3.0,156.0
803,0.0,0.0,0.0,0.0,2.0,7.0,1.0,4.0,7.0,3.0,0.0,0.0,0.0,0.0,0.0,4.0,7.0,3.0,3.0,3.0,9.0
804,18.0,29.0,15.0,3.0,1.0,9.0,16.0,8.0,32.0,5.0,8.0,5.0,1.0,4.0,631.0,13.0,38.0,13.0,6.0,1.0,2.0
805,7.0,8.0,7.0,0.0,2.0,513.0,233.0,269.0,236.0,339.0,1.0,5.0,6.0,9.0,39.0,1549.0,249.0,243.0,397.0,12.0,35.0
807,0.0,2.0,0.0,0.0,1.0,8.0,7.0,9.0,7.0,8.0,0.0,0.0,0.0,0.0,0.0,12.0,5.0,8.0,8.0,2.0,6.0
808,210.0,6.0,19.0,5.0,24.0,25.0,6.0,6.0,41.0,2.0,58.0,4.0,5.0,9.0,13.0,21.0,16.0,20.0,22.0,11.0,8.0
809,78.0,8.0,34.0,11.0,192.0,26.0,92.0,19.0,51.0,19.0,35.0,6.0,16.0,57.0,38.0,78.0,115.0,43.0,36.0,14.0,19.0
81,27.0,70.0,1.0,5.0,5.0,6.0,15.0,2.0,4.0,2.0,3.0,5.0,2.0,2.0,32.0,12.0,6.0,3.0,2.0,2.0,9.0
811,38.0,45.0,22.0,5.0,18.0,22.0,12.0,18.0,10.0,5.0,15.0,8.0,6.0,21.0,5.0,8.0,2.0,15.0,15.0,17.0,15.0
812,9.0,13.0,1.0,2.0,6.0,8.0,6.0,0.0,4.0,3.0,3.0,4.0,4.0,2.0,0.0,10.0,2.0,7.0,5.0,1.0,5.0
813,17.0,16.0,28.0,19.0,48.0,21.0,23.0,10.0,17.0,7.0,13.0,4.0,14.0,26.0,17.0,23.0,36.0,32.0,23.0,15.0,17.0
819,3.0,4.0,5.0,0.0,1.0,218.0,39.0,408.0,205.0,485.0,3.0,2.0,4.0,0.0,0.0,1115.0,119.0,214.0,294.0,35.0,65.0
821,21.0,3.0,1.0,2.0,10.0,6.0,37.0,5.0,8.0,2.0,0.0,0.0,0.0,2.0,0.0,9.0,15.0,8.0,7.0,2.0,10.0
823,18.0,3.0,20.0,17.0,87.0,24.0,15.0,11.0,9.0,5.0,16.0,3.0,7.0,20.0,21.0,15.0,40.0,25.0,20.0,12.0,10.0
830,3.0,4.0,2.0,0.0,1.0,1.0,5.0,10.0,18.0,7.0,1.0,3.0,0.0,0.0,1.0,4.0,4.0,7.0,5.0,1.0,1.0
833,36.0,37.0,7.0,16.0,15.0,17.0,7.0,25.0,17.0,5.0,3.0,4.0,4.0,15.0,4.0,13.0,12.0,20.0,13.0,11.0,10.0
835,373.0,48.0,427.0,94.0,44.0,86.0,1.0,277.0,50.0,124.0,77.0,50.0,463.0,106.0,86.0,473.0,2.0,85.0,56.0,3.0,97.0
837,107.0,4.0,29.0,19.0,61.0,1996.0,287.0,1699.0,1671.0,1879.0,37.0,5.0,9.0,41.0,31.0,9736.0,44.0,482.0,1724.0,97.0,241.0
838,18829.0,1121.0,4176.0,6499.0,19044.0,3137.0,345.0,1996.0,1042.0,1717.0,3149.0,380.0,6457.0,16246.0,21253.0,4933.0,1886.0,1820.0,1177.0,452.0,846.0
839,9.0,5.0,21.0,16.0,15.0,13.0,5.0,18.0,18.0,5.0,44.0,1.0,6.0,10.0,4.0,11.0,2.0,19.0,9.0,8.0,8.0
841,2750.0,4523.0,790.0,421.0,690.0,1210.0,163.0,303.0,650.0,302.0,423.0,2610.0,709.0,155.0,168.0,2664.0,241.0,151.0,819.0,11.0,461.0
842,135.0,207.0,58.0,21.0,170.0,20.0,48.0,10.0,25.0,3.0,16.0,126.0,20.0,65.0,405.0,12.0,29.0,18.0,10.0,9.0,23.0
843,6.0,20.0,11.0,2.0,10.0,1161.0,442.0,1537.0,1191.0,801.0,1.0,11.0,8.0,3.0,5.0,4497.0,286.0,893.0,2200.0,182.0,472.0
848,4.0,4.0,2.0,1.0,8.0,333.0,129.0,58.0,109.0,111.0,0.0,2.0,1.0,1.0,1.0,356.0,19.0,36.0,30.0,7.0,41.0
850,8.0,18.0,10.0,3.0,28.0,1237.0,929.0,1980.0,1891.0,1826.0,2.0,9.0,5.0,4.0,5.0,5035.0,1191.0,1036.0,2061.0,173.0,248.0
853,121.0,21.0,24.0,20.0,65.0,75.0,155.0,26.0,67.0,14.0,40.0,26.0,23.0,30.0,159.0,30.0,108.0,58.0,48.0,24.0,76.0
854,2.0,6.0,3.0,0.0,2.0,6.0,25.0,7.0,7.0,0.0,1.0,6.0,1.0,0.0,1.0,5.0,22.0,15.0,4.0,4.0,10.0
857,9.0,8.0,24.0,5.0,2.0,4627.0,270.0,26916.0,7185.0,17353.0,3.0,13.0,11.0,1.0,0.0,13554.0,14046.0,8684.0,7069.0,775.0,1655.0
859,739.0,37.0,44.0,51.0,83.0,238.0,77.0,95.0,15.0,47.0,114.0,11.0,37.0,59.0,95.0,318.0,13.0,18.0,38.0,13.0,29.0
860,46.0,47.0,75.0,20.0,96.0,144.0,49.0,149.0,71.0,43.0,24.0,17.0,15.0,45.0,33.0,161.0,72.0,71.0,52.0,18.0,37.0
862,93.0,2.0,68.0,26.0,87.0,80.0,14.0,60.0,92.0,17.0,98.0,3.0,25.0,37.0,19.0,41.0,17.0,81.0,59.0,27.0,152.0
868,35.0,0.0,52.0,12.0,24.0,31.0,103.0,117.0,64.0,170.0,4.0,3.0,135.0,2.0,1.0,43.0,8.0,29.0,148.0,15.0,43.0
869,315.0,0.0,10.0,4.0,94.0,48.0,11.0,4.0,5.0,2.0,9.0,0.0,2.0,2.0,17.0,2.0,8.0,7.0,7.0,4.0,6.0
87,2.0,6.0,1.0,2.0,8.0,9.0,2.0,9.0,6.0,5.0,0.0,3.0,1.0,0.0,3.0,0.0,0.0,14.0,5.0,0.0,15.0
870,0.0,3.0,1.0,0.0,3.0,3.0,4.0,0.0,1.0,1.0,0.0,6.0,0.0,0.0,0.0,0.0,0.0,1.0,3.0,0.0,2.0
871,1.0,4.0,1.0,1.0,3.0,1.0,4.0,2.0,7.0,1.0,0.0,18.0,0.0,4.0,0.0,4.0,2.0,3.0,2.0,1.0,2.0
879,0.0,4.0,0.0,0.0,0.0,5.0,4.0,4.0,2.0,0.0,2.0,4.0,1.0,0.0,0.0,0.0,1.0,2.0,5.0,0.0,2.0
880,3.0,1.0,1.0,0.0,1.0,2.0,3.0,1.0,6.0,1.0,1.0,0.0,0.0,1.0,1.0,4.0,4.0,1.0,2.0,0.0,2.0
882,1.0,5.0,3.0,0.0,6.0,4.0,5.0,7.0,13.0,2.0,0.0,15.0,1.0,3.0,0.0,7.0,6.0,5.0,6.0,3.0,4.0
887,1.0,1.0,6.0,0.0,0.0,357.0,897.0,394.0,376.0,341.0,1.0,2.0,1.0,1.0,0.0,1464.0,1219.0,350.0,738.0,26.0,129.0
888,8.0,4.0,2.0,6.0,6.0,5.0,0.0,4.0,3.0,1.0,4.0,1.0,2.0,1.0,0.0,4.0,6.0,3.0,4.0,6.0,3.0
89,89.0,279.0,14.0,48.0,644.0,26.0,758.0,8.0,12.0,8.0,29.0,312.0,6.0,149.0,136.0,40.0,57.0,24.0,18.0,2.0,31.0
892,0.0,0.0,1.0,0.0,0.0,38.0,15.0,12.0,3.0,17.0,0.0,1.0,2.0,0.0,0.0,1.0,2.0,8.0,1.0,3.0,3.0
897,0.0,2.0,0.0,0.0,0.0,0.0,2.0,0.0,1.0,1.0,0.0,4.0,1.0,0.0,0.0,0.0,0.0,1.0,2.0,0.0,0.0
904,0.0,0.0,1.0,0.0,1.0,1.0,4.0,2.0,1.0,1.0,0.0,5.0,0.0,2.0,0.0,2.0,2.0,1.0,1.0,1.0,0.0
91,31.0,82.0,25.0,5.0,41.0,4.0,16.0,4.0,10.0,5.0,11.0,20.0,4.0,20.0,62.0,9.0,3.0,13.0,4.0,1.0,7.0
911,1400.0,58400.0,18.0,1316.0,9671.0,14.0,126.0,10.0,6.0,3.0,397.0,37247.0,7.0,954.0,2785.0,17.0,114.0,31.0,7.0,10.0,10.0
916,1863.0,217.0,191.0,434.0,438.0,319.0,6099.0,249.0,373.0,290.0,229.0,149.0,282.0,134.0,241.0,1539.0,3886.0,874.0,585.0,23.0,55.0
923,12.0,10.0,1.0,0.0,0.0,21.0,19.0,4.0,6.0,3.0,0.0,9.0,3.0,13.0,0.0,8.0,20.0,25.0,17.0,8.0,21.0
924,3.0,14.0,2.0,1.0,5.0,6.0,2.0,3.0,7.0,1.0,3.0,20.0,1.0,0.0,1.0,3.0,0.0,2.0,1.0,1.0,5.0
930,5.0,8.0,0.0,2.0,16.0,278.0,775.0,183.0,163.0,227.0,0.0,4.0,2.0,1.0,1.0,896.0,663.0,164.0,276.0,11.0,52.0
931,8.0,4.0,5.0,14.0,11.0,9.0,3.0,6.0,2.0,1.0,4.0,10.0,2.0,20.0,67.0,4.0,5.0,8.0,10.0,5.0,9.0
933,7.0,7.0,5.0,1.0,10.0,4.0,6.0,0.0,4.0,0.0,1.0,1.0,0.0,1.0,1.0,1.0,4.0,4.0,1.0,0.0,2.0
936,1089.0,40.0,2304.0,220.0,484.0,1257.0,261.0,746.0,1539.0,1017.0,123.0,14.0,1795.0,128.0,305.0,4130.0,3331.0,893.0,1515.0,137.0,148.0
937,0.0,3.0,1.0,1.0,5.0,6.0,6.0,104.0,27.0,10.0,3.0,5.0,1.0,1.0,0.0,75.0,6.0,15.0,12.0,7.0,12.0
939,20.0,44.0,315.0,337.0,152.0,28.0,7.0,113.0,70.0,184.0,37.0,20.0,451.0,101.0,74.0,178.0,5.0,10.0,93.0,13.0,21.0
94,215.0,105.0,4.0,13.0,28.0,19.0,54.0,2.0,3.0,2.0,24.0,50.0,8.0,74.0,8.0,10.0,14.0,12.0,4.0,7.0,7.0
941,2.0,0.0,1.0,10.0,8.0,2.0,1.0,3.0,7.0,0.0,0.0,0.0,1.0,4.0,2.0,1.0,1.0,2.0,0.0,0.0,2.0
942,2.0,0.0,2.0,3.0,9.0,1.0,1.0,0.0,0.0,2.0,1.0,0.0,3.0,0.0,1.0,0.0,2.0,3.0,1.0,3.0,1.0
943,5.0,12.0,0.0,1.0,5.0,2.0,0.0,1.0,1.0,1.0,0.0,19.0,2.0,2.0,1.0,1.0,2.0,2.0,0.0,1.0,1.0
945,2.0,3.0,2.0,2.0,4.0,0.0,23.0,1.0,4.0,1.0,0.0,0.0,1.0,0.0,0.0,1.0,1.0,3.0,3.0,4.0,8.0
946,1.0,4.0,1.0,0.0,2.0,0.0,3.0,3.0,2.0,1.0,0.0,2.0,0.0,0.0,0.0,0.0,1.0,1.0,1.0,0.0,1.0
953,46.0,0.0,6.0,0.0,3.0,56.0,19.0,148.0,28.0,46.0,0.0,2.0,9.0,1.0,0.0,141.0,12.0,29.0,11.0,4.0,56.0
957,99.0,52.0,9.0,2.0,46.0,45.0,11.0,10.0,54.0,20.0,13.0,16.0,5.0,44.0,120.0,8.0,180.0,45.0,45.0,2.0,15.0
959,8.0,10.0,16.0,2.0,2.0,127.0,421.0,37.0,122.0,38.0,6.0,11.0,8.0,4.0,1.0,220.0,433.0,137.0,196.0,51.0,98.0
960,3777.0,13.0,8735.0,6284.0,5227.0,594.0,3.0,1752.0,550.0,2826.0,400.0,1.0,8145.0,1505.0,1246.0,2732.0,20.0,455.0,339.0,118.0,77.0
962,9.0,4.0,4.0,8.0,24.0,703.0,12.0,197.0,432.0,282.0,1.0,6.0,11.0,1.0,2.0,2178.0,88.0,108.0,207.0,15.0,45.0
966,1.0,0.0,2.0,5.0,3.0,2.0,0.0,4.0,5.0,0.0,1.0,0.0,1.0,0.0,2.0,0.0,1.0,0.0,1.0,2.0,0.0
967,28.0,3.0,16.0,3.0,17.0,7.0,12.0,4.0,6.0,5.0,5.0,8.0,3.0,19.0,3.0,17.0,11.0,20.0,7.0,7.0,26.0
972,10705.0,30517.0,3385.0,6354.0,10981.0,487.0,227.0,585.0,486.0,544.0,1632.0,55187.0,3512.0,3590.0,3449.0,1525.0,585.0,266.0,560.0,41.0,140.0
973,0.0,6.0,4.0,0.0,2.0,11.0,0.0,6.0,8.0,1.0,0.0,3.0,1.0,0.0,0.0,2.0,1.0,8.0,5.0,2.0,9.0
976,0.0,6.0,0.0,0.0,4.0,5.0,1.0,4.0,2.0,0.0,0.0,4.0,1.0,0.0,0.0,2.0,0.0,2.0,4.0,1.0,3.0
980,2.0,81.0,2.0,1.0,13.0,13.0,11.0,7.0,13.0,4.0,0.0,35.0,0.0,1.0,1.0,10.0,20.0,23.0,9.0,5.0,24.0
983,89.0,148.0,10.0,1.0,14.0,6.0,2.0,2.0,5.0,0.0,4.0,129.0,2.0,33.0,51.0,7.0,6.0,2.0,3.0,2.0,3.0
984,181.0,3.0,3.0,23.0,6.0,26.0,8.0,14.0,8.0,8.0,1.0,2.0,4.0,308.0,0.0,11.0,10.0,26.0,13.0,15.0,8.0
985,0.0,3.0,0.0,0.0,1.0,3.0,3.0,5.0,8.0,3.0,1.0,0.0,1.0,0.0,0.0,7.0,3.0,1.0,7.0,1.0,0.0
987,1798.0,4.0,215.0,182.0,82.0,254.0,6.0,390.0,314.0,320.0,193.0,19.0,215.0,25.0,66.0,821.0,110.0,207.0,437.0,22.0,99.0
99,60.0,2.0,8.0,5.0,11.0,9.0,41.0,1.0,6.0,4.0,16.0,3.0,4.0,16.0,1.0,4.0,7.0,11.0,6.0,3.0,20.0
991,0.0,1.0,1.0,0.0,9.0,47.0,216.0,32.0,62.0,25.0,0.0,2.0,1.0,2.0,2.0,73.0,188.0,59.0,45.0,10.0,7.0
992,2.0,0.0,2.0,2.0,0.0,27.0,26.0,9.0,22.0,6.0,0.0,0.0,1.0,1.0,0.0,23.0,34.0,20.0,14.0,19.0,9.0
996,93.0,2.0,5.0,5.0,45.0,24.0,36.0,3.0,13.0,2.0,19.0,38.0,2.0,33.0,57.0,7.0,21.0,5.0,13.0,3.0,14.0
998,17.0,0.0,0.0,1.0,2.0,5.0,2.0,2.0,4.0,0.0,3.0,3.0,0.0,2.0,2.0,4.0,2.0,0.0,1.0,1.0,2.0
999,4.0,22.0,0.0,4.0,28.0,2.0,1.0,1.0,3.0,1.0,4.0,15.0,1.0,15.0,6.0,0.0,3.0,0.0,3.0,0.0,2.0
1052,1.0,13.0,2.0,0.0,0.0,2.0,0.0,0.0,1.0,0.0,0.0,13.0,0.0,0.0,0.0,0.0,0.0,0.0,1.0,1.0,0.0
17_2,0.0,1.0,0.0,0.0,0.0,1.0,1.0,0.0,0.0,0.0,2.0,0.0,0.0,0.0,0.0,1.0,0.0,2.0,1.0,0.0,1.0
217,1.0,3.0,1.0,0.0,0.0,1.0,1.0,0.0,2.0,0.0,1.0,0.0,0.0,0.0,0.0,1.0,0.0,0.0,0.0,2.0,0.0
22,0.0,1.0,0.0,1.0,0.0,0.0,0.0,0.0,0.0,0.0,1.0,1.0,0.0,1.0,0.0,1.0,0.0,5.0,2.0,0.0,2.0
292,0.0,1.0,0.0,0.0,3.0,1.0,3.0,0.0,5.0,0.0,3.0,5.0,2.0,0.0,0.0,2.0,0.0,5.0,1.0,0.0,0.0
387,8.0,1.0,1.0,1.0,9.0,1.0,2.0,1.0,3.0,1.0,1.0,0.0,5.0,4.0,0.0,1.0,1.0,1.0,3.0,0.0,3.0
411,2.0,0.0,2.0,0.0,1.0,2.0,0.0,1.0,4.0,0.0,1.0,0.0,0.0,0.0,0.0,2.0,2.0,0.0,3.0,0.0,0.0
44,0.0,4.0,0.0,0.0,0.0,0.0,1.0,1.0,1.0,0.0,3.0,0.0,0.0,0.0,1.0,0.0,0.0,0.0,5.0,0.0,3.0
501,0.0,0.0,0.0,1.0,1.0,0.0,2.0,0.0,0.0,0.0,4.0,0.0,0.0,2.0,1.0,0.0,2.0,1.0,1.0,0.0,0.0
506,0.0,0.0,0.0,3.0,1.0,0.0,0.0,0.0,1.0,0.0,2.0,0.0,0.0,0.0,1.0,0.0,1.0,0.0,1.0,1.0,0.0
59,0.0,0.0,1.0,0.0,0.0,1.0,1.0,1.0,0.0,0.0,1.0,0.0,0.0,0.0,0.0,0.0,0.0,3.0,1.0,0.0,0.0
607,1.0,0.0,1.0,0.0,0.0,0.0,3.0,1.0,1.0,0.0,1.0,0.0,0.0,0.0,0.0,1.0,1.0,4.0,1.0,0.0,0.0
643,2.0,1.0,2.0,3.0,1.0,3.0,0.0,2.0,3.0,0.0,1.0,1.0,1.0,1.0,1.0,1.0,1.0,0.0,2.0,1.0,0.0
753,3.0,5.0,1.0,1.0,1.0,3.0,2.0,5.0,4.0,5.0,1.0,8.0,0.0,0.0,0.0,2.0,2.0,10.0,2.0,3.0,1.0
79,3.0,0.0,0.0,0.0,1.0,1.0,1.0,0.0,0.0,1.0,1.0,0.0,0.0,2.0,1.0,0.0,0.0,0.0,1.0,1.0,2.0
917,2.0,8.0,4.0,1.0,7.0,1.0,2.0,1.0,8.0,3.0,0.0,4.0,0.0,0.0,0.0,6.0,4.0,3.0,4.0,0.0,0.0
956,2.0,3.0,0.0,0.0,6.0,1.0,4.0,2.0,3.0,1.0,1.0,5.0,1.0,4.0,0.0,0.0,7.0,2.0,3.0,2.0,1.0
454,0.0,0.0,2.0,1.0,0.0,1.0,2.0,0.0,2.0,0.0,0.0,2.0,0.0,1.0,0.0,1.0,0.0,1.0,1.0,1.0,0.0
932,1.0,12.0,2.0,0.0,7.0,0.0,1.0,1.0,2.0,0.0,9.0,8.0,0.0,0.0,0.0,4.0,0.0,1.0,0.0,0.0,0.0
