strain_id,A_MTX_5-FC.SSH1_ERG11,A_MTX_Fluconazole.SSH1_ERG11,A_MTX_Metformin.SSH1_ERG11,A_MTX_Trifluoperazine.SSH1_ERG11,A_MTX_noDrug.SSH1_ERG11,A_noMTX_5-FC.SSH1_ERG11,A_noMTX_Fluconazole.SSH1_ERG11,A_noMTX_Metformin.SSH1_ERG11,A_noMTX_Trifluoperazine.SSH1_ERG11,A_noMTX_noDrug.SSH1_ERG11,B_MTX_5-FC.SSH1_ERG11,B_MTX_Fluconazole.SSH1_ERG11,B_MTX_Metformin.SSH1_ERG11,B_MTX_Trifluoperazine.SSH1_ERG11,B_MTX_noDrug.SSH1_ERG11,B_noMTX_5-FC.SSH1_ERG11,B_noMTX_Fluconazole.SSH1_ERG11,B_noMTX_Metformin.SSH1_ERG11,B_noMTX_Trifluoperazine.SSH1_ERG11,B_noMTX_noDrug.SSH1_ERG11,T0_noMTX_noDrug.SSH1_ERG11
1005,1.0,0.0,1.0,5.0,1.0,52.0,36.0,121.0,149.0,15.0,1.0,1.0,3.0,0.0,0.0,283.0,4.0,32.0,52.0,30.0,10.0
1007,1.0,33.0,29.0,0.0,0.0,61.0,17.0,217.0,73.0,4.0,3.0,1.0,53.0,1.0,0.0,66.0,1.0,26.0,31.0,6.0,3.0
1013,2.0,0.0,0.0,5.0,46.0,4.0,5.0,7.0,12.0,0.0,4.0,4.0,1.0,1.0,2.0,6.0,4.0,0.0,3.0,1.0,1.0
1016,2.0,2.0,7.0,6.0,20.0,13.0,23.0,97.0,27.0,19.0,0.0,1.0,5.0,4.0,2.0,73.0,462.0,21.0,36.0,15.0,12.0
1018,183.0,161.0,855.0,872.0,195.0,182.0,19.0,125.0,91.0,13.0,521.0,3.0,1098.0,460.0,568.0,253.0,4.0,35.0,51.0,22.0,11.0
1020,101.0,4.0,183.0,1167.0,188.0,34.0,170.0,142.0,229.0,17.0,720.0,0.0,554.0,935.0,604.0,239.0,174.0,95.0,102.0,18.0,35.0
1025,4.0,31.0,13.0,18.0,6.0,143.0,99.0,238.0,244.0,25.0,10.0,1.0,20.0,3.0,13.0,629.0,134.0,99.0,54.0,85.0,39.0
1027,0.0,0.0,51.0,2.0,1.0,39.0,3270.0,288.0,111.0,5.0,4.0,13.0,39.0,1.0,1.0,208.0,264.0,131.0,77.0,13.0,28.0
1035,11.0,15.0,6.0,55.0,28.0,3.0,9.0,5.0,23.0,2.0,36.0,2.0,26.0,18.0,44.0,17.0,3.0,4.0,5.0,2.0,2.0
1038,370.0,0.0,145.0,1741.0,393.0,607.0,27.0,1467.0,319.0,49.0,1387.0,5.0,951.0,833.0,884.0,821.0,119.0,152.0,389.0,121.0,73.0
1040,6.0,4.0,87.0,44.0,13.0,317.0,336.0,1127.0,608.0,64.0,20.0,1.0,349.0,23.0,50.0,1017.0,576.0,394.0,439.0,134.0,70.0
1046,0.0,7.0,13.0,4.0,1.0,75.0,3.0,64.0,84.0,4.0,2.0,2.0,8.0,5.0,7.0,174.0,10.0,22.0,19.0,14.0,22.0
1050,28.0,4.0,51.0,335.0,34.0,10.0,6.0,172.0,28.0,4.0,70.0,0.0,199.0,199.0,65.0,63.0,72.0,24.0,68.0,7.0,7.0
1065,6.0,13.0,35.0,33.0,21.0,6.0,2.0,10.0,29.0,1.0,23.0,9.0,20.0,24.0,51.0,90.0,0.0,5.0,31.0,3.0,2.0
1069,1023.0,14511.0,2270.0,6276.0,3848.0,882.0,642.0,2874.0,1411.0,89.0,7879.0,4655.0,6529.0,6381.0,7265.0,4473.0,872.0,1025.0,1135.0,266.0,251.0
107,1.0,0.0,5.0,4.0,1.0,23.0,9.0,10.0,34.0,1.0,1.0,0.0,12.0,1.0,2.0,130.0,6.0,14.0,18.0,9.0,5.0
113,5.0,5.0,21.0,33.0,11.0,235.0,8.0,182.0,76.0,19.0,36.0,6.0,2.0,31.0,35.0,297.0,25.0,39.0,86.0,81.0,37.0
119,3.0,1.0,3.0,11.0,6.0,2.0,2.0,11.0,15.0,1.0,6.0,2.0,1.0,2.0,9.0,7.0,1.0,1.0,1.0,2.0,1.0
124,68.0,120.0,68.0,204.0,347.0,56.0,26.0,81.0,69.0,2.0,336.0,10.0,90.0,173.0,798.0,165.0,27.0,18.0,57.0,21.0,30.0
128,1.0,1.0,20.0,4.0,0.0,144.0,48.0,575.0,192.0,17.0,3.0,0.0,14.0,1.0,1.0,448.0,1.0,143.0,100.0,43.0,51.0
132,4.0,0.0,102.0,2.0,0.0,162.0,44.0,792.0,599.0,41.0,0.0,29.0,213.0,0.0,2.0,750.0,202.0,343.0,368.0,63.0,84.0
133,0.0,0.0,9.0,1.0,1.0,196.0,12.0,358.0,231.0,72.0,0.0,1.0,19.0,2.0,1.0,255.0,2.0,98.0,268.0,128.0,14.0
136,1.0,0.0,1.0,3.0,1.0,12.0,12.0,75.0,70.0,2.0,1.0,0.0,9.0,2.0,2.0,51.0,7.0,25.0,111.0,18.0,15.0
14,427.0,9.0,511.0,2894.0,780.0,666.0,13.0,1696.0,628.0,131.0,1093.0,18.0,1089.0,2170.0,2142.0,1489.0,73.0,218.0,642.0,313.0,182.0
146,818.0,31.0,1739.0,5106.0,2133.0,1505.0,653.0,4756.0,1892.0,190.0,4654.0,22.0,6396.0,3333.0,3979.0,4508.0,795.0,1031.0,1888.0,450.0,387.0
15,13.0,0.0,192.0,59.0,67.0,141.0,52.0,209.0,99.0,14.0,166.0,0.0,110.0,249.0,99.0,489.0,25.0,78.0,84.0,59.0,43.0
151,0.0,2.0,4.0,10.0,2.0,28.0,20.0,111.0,26.0,5.0,3.0,1.0,18.0,7.0,5.0,80.0,138.0,26.0,25.0,12.0,28.0
153,0.0,2.0,27.0,1.0,0.0,156.0,1499.0,281.0,153.0,36.0,9.0,0.0,57.0,0.0,1.0,643.0,1553.0,80.0,51.0,97.0,62.0
17,2.0,12.0,1.0,21.0,3.0,1.0,7.0,3.0,6.0,0.0,3.0,6.0,4.0,4.0,12.0,3.0,5.0,2.0,2.0,1.0,1.0
171,7.0,3.0,11.0,45.0,14.0,4.0,5.0,33.0,34.0,2.0,6.0,0.0,8.0,8.0,67.0,68.0,4.0,10.0,9.0,10.0,9.0
175,1.0,0.0,1.0,5.0,0.0,0.0,3.0,1.0,6.0,2.0,1.0,0.0,1.0,0.0,2.0,8.0,0.0,3.0,3.0,4.0,0.0
180,1.0,1.0,24.0,1.0,1.0,60.0,93.0,106.0,95.0,7.0,12.0,18.0,14.0,0.0,1.0,323.0,290.0,109.0,31.0,19.0,51.0
180_2,3.0,3.0,21.0,19.0,5.0,486.0,26.0,1131.0,306.0,122.0,17.0,7.0,68.0,5.0,7.0,829.0,157.0,206.0,219.0,199.0,114.0
185,7.0,1.0,7.0,14.0,16.0,2.0,6.0,11.0,14.0,0.0,22.0,2.0,21.0,14.0,19.0,14.0,3.0,2.0,4.0,2.0,0.0
187,0.0,0.0,15.0,0.0,0.0,14.0,1471.0,42.0,113.0,12.0,2.0,4.0,2.0,1.0,0.0,138.0,2303.0,18.0,21.0,7.0,25.0
188,2.0,8.0,16.0,15.0,4.0,18.0,8.0,88.0,100.0,8.0,6.0,8.0,1.0,4.0,12.0,40.0,5.0,14.0,76.0,15.0,13.0
192,3.0,22.0,0.0,47.0,22.0,64.0,8.0,182.0,163.0,19.0,12.0,16.0,15.0,9.0,22.0,109.0,6.0,58.0,44.0,55.0,15.0
20,1.0,0.0,6.0,3.0,0.0,5.0,2.0,15.0,28.0,7.0,0.0,0.0,2.0,0.0,0.0,48.0,2.0,11.0,0.0,6.0,8.0
209,3.0,0.0,35.0,16.0,2.0,212.0,158.0,438.0,127.0,10.0,1.0,16.0,137.0,5.0,13.0,272.0,129.0,59.0,112.0,30.0,39.0
210,2.0,0.0,9.0,49.0,5.0,94.0,5.0,916.0,38.0,19.0,14.0,1.0,3.0,14.0,18.0,141.0,1.0,2.0,12.0,4.0,14.0
226,12.0,1.0,32.0,55.0,18.0,29.0,1.0,43.0,60.0,8.0,175.0,1.0,16.0,37.0,16.0,74.0,3.0,21.0,36.0,13.0,27.0
235,0.0,0.0,11.0,3.0,0.0,74.0,0.0,106.0,39.0,3.0,0.0,3.0,12.0,0.0,2.0,63.0,8.0,43.0,44.0,6.0,10.0
240,0.0,0.0,1.0,0.0,2.0,3.0,1.0,0.0,2.0,0.0,0.0,0.0,1.0,1.0,0.0,3.0,3.0,1.0,0.0,4.0,0.0
248,9.0,0.0,14.0,118.0,20.0,21.0,4.0,69.0,108.0,4.0,35.0,0.0,106.0,53.0,27.0,50.0,6.0,22.0,48.0,18.0,9.0
250,2.0,1.0,5.0,2.0,1.0,54.0,5.0,445.0,17.0,3.0,0.0,2.0,30.0,0.0,1.0,109.0,1.0,24.0,63.0,3.0,15.0
252,4.0,0.0,0.0,12.0,1.0,3.0,3.0,9.0,7.0,1.0,1.0,1.0,1.0,2.0,3.0,4.0,4.0,0.0,5.0,1.0,1.0
253,10.0,3.0,8.0,21.0,8.0,50.0,58.0,188.0,136.0,20.0,48.0,0.0,70.0,5.0,20.0,113.0,35.0,88.0,92.0,96.0,17.0
254,0.0,1.0,21.0,6.0,0.0,28.0,26.0,290.0,58.0,12.0,3.0,2.0,10.0,2.0,7.0,74.0,214.0,59.0,63.0,25.0,22.0
257,3.0,0.0,0.0,6.0,3.0,29.0,10.0,16.0,15.0,5.0,5.0,1.0,4.0,2.0,4.0,73.0,5.0,5.0,9.0,10.0,13.0
258,27.0,1.0,74.0,152.0,133.0,54.0,28.0,244.0,32.0,13.0,295.0,55.0,96.0,173.0,62.0,356.0,225.0,56.0,65.0,28.0,23.0
27,0.0,1.0,3.0,13.0,4.0,1.0,1.0,8.0,10.0,2.0,8.0,0.0,7.0,2.0,3.0,13.0,5.0,0.0,1.0,2.0,1.0
270,1.0,1.0,0.0,0.0,0.0,5.0,17.0,30.0,23.0,0.0,1.0,0.0,0.0,0.0,0.0,57.0,4.0,3.0,10.0,0.0,2.0
271,0.0,0.0,14.0,3.0,0.0,17.0,31.0,22.0,32.0,9.0,0.0,1.0,8.0,1.0,0.0,55.0,4.0,6.0,21.0,16.0,14.0
272,0.0,0.0,1.0,2.0,2.0,1.0,17.0,2.0,3.0,4.0,4.0,0.0,0.0,0.0,3.0,0.0,19.0,2.0,0.0,0.0,2.0
277,0.0,1.0,0.0,0.0,1.0,2.0,3.0,3.0,4.0,1.0,1.0,0.0,1.0,0.0,1.0,5.0,1.0,0.0,0.0,2.0,1.0
286,8.0,1.0,114.0,23.0,6.0,5.0,53.0,14.0,15.0,3.0,29.0,221.0,54.0,33.0,60.0,82.0,0.0,14.0,2.0,7.0,4.0
289,1.0,2.0,3.0,1.0,0.0,43.0,15.0,214.0,100.0,19.0,1.0,3.0,8.0,3.0,1.0,132.0,10.0,48.0,69.0,44.0,13.0
29,1.0,0.0,2.0,4.0,6.0,10.0,2.0,28.0,87.0,12.0,1.0,0.0,2.0,2.0,3.0,107.0,4.0,9.0,10.0,3.0,6.0
291,0.0,0.0,0.0,0.0,0.0,2.0,1.0,10.0,3.0,2.0,1.0,1.0,1.0,0.0,0.0,20.0,4.0,3.0,0.0,4.0,4.0
294,0.0,8.0,47.0,10.0,3.0,62.0,134.0,129.0,97.0,9.0,4.0,7.0,224.0,2.0,2.0,171.0,143.0,49.0,123.0,17.0,15.0
296,1.0,12.0,60.0,1.0,0.0,178.0,1341.0,333.0,104.0,16.0,3.0,7.0,59.0,3.0,1.0,465.0,1405.0,101.0,142.0,59.0,27.0
299,0.0,0.0,3.0,3.0,2.0,47.0,9.0,52.0,18.0,5.0,4.0,0.0,2.0,0.0,0.0,29.0,8.0,14.0,9.0,12.0,3.0
307,3.0,8.0,1.0,5.0,2.0,9.0,12.0,49.0,9.0,2.0,7.0,3.0,4.0,2.0,4.0,35.0,2.0,3.0,4.0,5.0,2.0
308,0.0,1.0,2.0,5.0,1.0,1.0,7.0,6.0,7.0,0.0,2.0,0.0,1.0,0.0,4.0,12.0,1.0,0.0,2.0,1.0,0.0
31,3.0,0.0,15.0,5.0,29.0,2.0,277.0,2.0,6.0,0.0,33.0,17.0,4.0,9.0,16.0,35.0,50.0,5.0,0.0,6.0,2.0
311,0.0,0.0,0.0,1.0,0.0,1.0,1.0,15.0,6.0,1.0,2.0,1.0,8.0,2.0,3.0,2.0,1.0,2.0,0.0,3.0,1.0
312,43.0,23.0,39.0,135.0,26.0,60.0,10.0,54.0,34.0,24.0,205.0,71.0,62.0,49.0,63.0,115.0,5.0,52.0,47.0,40.0,6.0
32,0.0,0.0,0.0,0.0,0.0,0.0,6.0,2.0,2.0,0.0,0.0,1.0,0.0,0.0,0.0,4.0,2.0,1.0,1.0,1.0,0.0
320,406.0,43.0,927.0,1623.0,1020.0,936.0,659.0,2610.0,1089.0,137.0,2513.0,10.0,5020.0,1258.0,1737.0,2145.0,736.0,661.0,947.0,444.0,101.0
323,6.0,10.0,2.0,9.0,9.0,28.0,6.0,36.0,26.0,1.0,25.0,1.0,2.0,8.0,20.0,147.0,39.0,24.0,8.0,3.0,11.0
325,0.0,0.0,36.0,5.0,2.0,175.0,362.0,345.0,102.0,15.0,4.0,22.0,19.0,1.0,3.0,860.0,30.0,104.0,86.0,22.0,48.0
33,0.0,0.0,0.0,3.0,0.0,33.0,1.0,111.0,21.0,5.0,0.0,0.0,16.0,1.0,3.0,59.0,4.0,24.0,21.0,20.0,11.0
335,56.0,0.0,75.0,232.0,105.0,146.0,24.0,331.0,267.0,23.0,706.0,0.0,441.0,374.0,153.0,865.0,65.0,134.0,148.0,36.0,74.0
336,8.0,2.0,4.0,24.0,10.0,3.0,6.0,5.0,2.0,1.0,19.0,0.0,3.0,13.0,14.0,3.0,3.0,3.0,2.0,2.0,3.0
337,1.0,11.0,82.0,1.0,0.0,347.0,30.0,1430.0,440.0,60.0,7.0,27.0,251.0,3.0,1.0,1094.0,307.0,468.0,396.0,125.0,55.0
339,21.0,21.0,41.0,143.0,74.0,20.0,8.0,152.0,69.0,8.0,259.0,0.0,123.0,60.0,51.0,102.0,3.0,57.0,29.0,20.0,8.0
347,0.0,0.0,16.0,0.0,1.0,19.0,7.0,71.0,12.0,2.0,1.0,0.0,43.0,1.0,3.0,110.0,2.0,18.0,57.0,7.0,4.0
348,1.0,0.0,0.0,11.0,11.0,15.0,17.0,29.0,12.0,4.0,2.0,0.0,0.0,4.0,15.0,32.0,21.0,3.0,6.0,19.0,12.0
350,173.0,118.0,314.0,1431.0,769.0,156.0,518.0,415.0,218.0,18.0,1438.0,28.0,632.0,1310.0,1410.0,599.0,24.0,81.0,109.0,37.0,28.0
354,0.0,1.0,4.0,8.0,5.0,41.0,1.0,53.0,80.0,6.0,7.0,0.0,10.0,0.0,3.0,125.0,1.0,59.0,24.0,21.0,14.0
358,1.0,1.0,3.0,7.0,8.0,6.0,10.0,22.0,21.0,1.0,8.0,0.0,15.0,11.0,29.0,13.0,1.0,7.0,9.0,17.0,0.0
359,167.0,2.0,252.0,777.0,248.0,22.0,3.0,165.0,8.0,0.0,935.0,3.0,233.0,508.0,888.0,91.0,4.0,34.0,90.0,2.0,10.0
36,3.0,0.0,3.0,12.0,4.0,0.0,686.0,2.0,5.0,0.0,7.0,8.0,3.0,9.0,68.0,2.0,297.0,0.0,1.0,1.0,0.0
364,4.0,7.0,2.0,0.0,0.0,0.0,1.0,4.0,5.0,1.0,2.0,8.0,4.0,0.0,4.0,5.0,1.0,0.0,2.0,5.0,0.0
375,62.0,2.0,167.0,423.0,122.0,123.0,4.0,225.0,73.0,15.0,283.0,76.0,516.0,446.0,64.0,279.0,10.0,33.0,106.0,27.0,21.0
383,0.0,7.0,0.0,1.0,3.0,4.0,16.0,33.0,15.0,2.0,1.0,5.0,0.0,0.0,3.0,27.0,0.0,0.0,6.0,3.0,2.0
385,1.0,25.0,1.0,3.0,1.0,1.0,1.0,1.0,3.0,0.0,1.0,6.0,0.0,1.0,3.0,4.0,3.0,0.0,1.0,2.0,0.0
392,2.0,2.0,9.0,7.0,1.0,86.0,4.0,389.0,166.0,21.0,2.0,8.0,12.0,1.0,1.0,283.0,19.0,60.0,119.0,46.0,25.0
397,1.0,2.0,2.0,3.0,1.0,3.0,5.0,11.0,12.0,2.0,0.0,0.0,9.0,0.0,0.0,12.0,3.0,3.0,18.0,3.0,10.0
399,3.0,129.0,74.0,31.0,42.0,303.0,76.0,508.0,534.0,46.0,74.0,234.0,165.0,5.0,2.0,590.0,89.0,265.0,231.0,78.0,39.0
40,21.0,0.0,60.0,44.0,56.0,10.0,14.0,34.0,29.0,4.0,280.0,0.0,21.0,69.0,121.0,94.0,27.0,21.0,7.0,3.0,7.0
400,291.0,1.0,394.0,2751.0,918.0,359.0,30.0,762.0,279.0,26.0,1853.0,0.0,1859.0,2271.0,1585.0,779.0,110.0,190.0,297.0,104.0,64.0
406,0.0,1.0,16.0,1.0,1.0,121.0,18.0,371.0,116.0,29.0,3.0,0.0,16.0,0.0,1.0,216.0,9.0,50.0,124.0,59.0,12.0
408,0.0,3.0,0.0,1.0,1.0,26.0,2.0,74.0,26.0,8.0,0.0,0.0,0.0,0.0,0.0,75.0,1.0,27.0,43.0,3.0,10.0
409,126.0,95.0,20.0,371.0,95.0,204.0,42.0,251.0,225.0,19.0,489.0,51.0,60.0,339.0,216.0,294.0,313.0,34.0,151.0,25.0,22.0
40_2,0.0,0.0,1.0,7.0,0.0,0.0,0.0,0.0,1.0,0.0,2.0,0.0,5.0,2.0,7.0,4.0,1.0,0.0,0.0,0.0,0.0
412,6.0,0.0,0.0,5.0,48.0,7.0,138.0,42.0,8.0,0.0,43.0,1.0,17.0,36.0,36.0,11.0,651.0,5.0,3.0,2.0,2.0
418,1.0,1.0,0.0,1.0,1.0,1.0,3.0,2.0,11.0,1.0,1.0,1.0,0.0,1.0,3.0,3.0,0.0,1.0,2.0,0.0,0.0
419,0.0,1.0,31.0,4.0,3.0,245.0,1.0,1003.0,278.0,39.0,1.0,0.0,208.0,1.0,9.0,609.0,7.0,206.0,125.0,137.0,23.0
420,0.0,0.0,0.0,4.0,2.0,2.0,6.0,6.0,4.0,2.0,2.0,0.0,2.0,0.0,1.0,16.0,4.0,2.0,0.0,2.0,2.0
421,62.0,7.0,227.0,287.0,239.0,114.0,145.0,404.0,102.0,25.0,634.0,3.0,325.0,297.0,216.0,401.0,759.0,98.0,67.0,17.0,9.0
426,6.0,3.0,12.0,56.0,6.0,5.0,43.0,5.0,20.0,3.0,12.0,0.0,16.0,11.0,25.0,21.0,175.0,3.0,5.0,3.0,1.0
43,0.0,0.0,1.0,0.0,0.0,0.0,1.0,2.0,6.0,2.0,0.0,0.0,0.0,0.0,1.0,31.0,0.0,3.0,2.0,1.0,1.0
431,0.0,1.0,46.0,1.0,2.0,28.0,9.0,30.0,120.0,8.0,4.0,0.0,65.0,1.0,1.0,267.0,2.0,25.0,43.0,17.0,20.0
433,3.0,2.0,7.0,24.0,11.0,13.0,2.0,17.0,29.0,1.0,37.0,0.0,8.0,16.0,17.0,22.0,21.0,5.0,8.0,7.0,3.0
434,55.0,115.0,979.0,380.0,242.0,67.0,12.0,185.0,112.0,26.0,594.0,2.0,1039.0,219.0,231.0,197.0,2.0,128.0,52.0,35.0,25.0
437,8.0,16.0,10.0,33.0,10.0,5.0,4.0,14.0,20.0,4.0,16.0,2.0,18.0,9.0,27.0,29.0,4.0,4.0,3.0,7.0,4.0
438,1.0,1.0,5.0,1.0,3.0,79.0,4.0,32.0,40.0,2.0,8.0,22.0,4.0,2.0,0.0,242.0,4.0,13.0,4.0,3.0,53.0
439,0.0,50.0,1.0,5.0,0.0,5.0,40.0,9.0,11.0,0.0,7.0,5.0,1.0,2.0,2.0,14.0,4.0,3.0,1.0,3.0,1.0
43_ref1,1.0,0.0,4.0,9.0,4.0,8.0,3133.0,9.0,6.0,2.0,6.0,1.0,2.0,2.0,6.0,11.0,2892.0,3.0,18.0,0.0,265.0
43_ref2,4.0,3.0,4.0,38.0,3.0,60.0,23.0,35.0,66.0,0.0,9.0,5.0,7.0,6.0,15.0,192.0,65.0,12.0,50.0,12.0,310.0
442,18.0,5.0,5.0,77.0,38.0,5.0,6.0,7.0,29.0,3.0,38.0,0.0,20.0,28.0,64.0,31.0,3.0,4.0,5.0,6.0,1.0
444,0.0,0.0,0.0,5.0,1.0,2.0,0.0,1.0,5.0,2.0,0.0,1.0,2.0,6.0,2.0,3.0,0.0,1.0,1.0,0.0,0.0
446,0.0,22.0,6.0,2.0,0.0,16.0,11.0,20.0,24.0,4.0,2.0,3.0,16.0,1.0,3.0,38.0,7.0,8.0,1.0,0.0,6.0
45,0.0,0.0,0.0,3.0,1.0,6.0,7.0,14.0,17.0,1.0,1.0,1.0,1.0,0.0,1.0,11.0,6.0,4.0,4.0,2.0,1.0
450,2.0,7.0,4.0,11.0,2.0,28.0,2.0,55.0,22.0,10.0,2.0,3.0,3.0,2.0,7.0,115.0,6.0,7.0,8.0,24.0,6.0
452,3.0,0.0,2.0,40.0,4.0,9.0,2.0,61.0,47.0,5.0,5.0,0.0,19.0,7.0,11.0,32.0,4.0,8.0,19.0,6.0,8.0
458,2.0,1.0,5.0,4.0,2.0,46.0,4.0,156.0,126.0,10.0,5.0,0.0,4.0,2.0,0.0,134.0,22.0,47.0,49.0,13.0,24.0
459,45.0,2.0,83.0,178.0,96.0,228.0,2.0,412.0,336.0,39.0,179.0,0.0,156.0,109.0,84.0,280.0,42.0,69.0,155.0,90.0,23.0
460,301.0,528.0,731.0,1233.0,971.0,920.0,276.0,1813.0,896.0,128.0,1985.0,1190.0,2188.0,1165.0,1817.0,2836.0,296.0,628.0,641.0,289.0,133.0
466,5.0,4.0,5.0,41.0,3.0,7.0,3.0,23.0,18.0,4.0,6.0,4.0,4.0,10.0,11.0,39.0,2.0,6.0,1.0,4.0,2.0
468,346.0,7.0,324.0,2059.0,546.0,147.0,220.0,454.0,259.0,27.0,1318.0,3.0,1030.0,2186.0,1753.0,684.0,192.0,118.0,161.0,48.0,41.0
470,47.0,10.0,23.0,145.0,133.0,28.0,12.0,21.0,61.0,7.0,628.0,9.0,21.0,92.0,115.0,62.0,13.0,8.0,45.0,17.0,3.0
473,1.0,4.0,23.0,12.0,2.0,125.0,17.0,426.0,115.0,13.0,2.0,2.0,87.0,3.0,7.0,171.0,30.0,64.0,187.0,65.0,20.0
475,10.0,15.0,460.0,32.0,8.0,2502.0,2369.0,10738.0,3536.0,589.0,37.0,26.0,1139.0,14.0,10.0,6908.0,5823.0,2540.0,2807.0,1913.0,812.0
476,2.0,0.0,54.0,7.0,2.0,510.0,572.0,1809.0,636.0,100.0,47.0,0.0,66.0,2.0,102.0,1624.0,3190.0,313.0,421.0,145.0,314.0
48,4.0,1.0,8.0,23.0,5.0,163.0,139.0,310.0,118.0,9.0,12.0,1.0,31.0,2.0,23.0,224.0,108.0,60.0,114.0,48.0,37.0
485,24.0,2.0,60.0,57.0,138.0,34.0,23.0,97.0,32.0,4.0,106.0,31.0,209.0,11.0,75.0,255.0,110.0,14.0,33.0,13.0,25.0
486,8.0,5.0,10.0,13.0,9.0,10.0,41.0,11.0,32.0,11.0,4.0,2.0,28.0,8.0,6.0,42.0,4.0,21.0,15.0,13.0,6.0
491,50.0,9.0,60.0,115.0,63.0,17.0,35.0,92.0,76.0,4.0,65.0,0.0,20.0,44.0,72.0,97.0,13.0,12.0,18.0,15.0,13.0
493,6.0,0.0,19.0,37.0,0.0,3.0,3.0,52.0,14.0,2.0,17.0,2.0,11.0,38.0,9.0,28.0,2.0,7.0,16.0,5.0,8.0
495,2.0,0.0,159.0,8.0,1.0,788.0,196.0,2358.0,918.0,103.0,5.0,0.0,405.0,2.0,7.0,2297.0,278.0,385.0,956.0,175.0,135.0
50,9.0,3.0,1.0,31.0,9.0,3.0,11.0,15.0,41.0,0.0,7.0,1.0,12.0,7.0,17.0,19.0,8.0,1.0,2.0,5.0,2.0
503,0.0,0.0,38.0,3.0,1.0,46.0,52.0,237.0,106.0,4.0,14.0,3.0,49.0,1.0,4.0,189.0,62.0,18.0,115.0,10.0,47.0
507,0.0,3.0,8.0,5.0,1.0,241.0,97.0,324.0,254.0,24.0,3.0,2.0,11.0,3.0,2.0,866.0,253.0,87.0,112.0,78.0,84.0
508,3.0,4.0,33.0,5.0,0.0,63.0,14.0,122.0,106.0,7.0,9.0,7.0,71.0,0.0,0.0,381.0,44.0,75.0,123.0,26.0,31.0
52,1.0,0.0,4.0,3.0,0.0,10.0,39.0,10.0,16.0,4.0,0.0,0.0,3.0,1.0,1.0,34.0,7.0,7.0,1.0,4.0,5.0
520,2.0,1.0,6.0,8.0,4.0,1.0,10.0,13.0,21.0,1.0,6.0,2.0,4.0,4.0,7.0,22.0,2.0,5.0,2.0,0.0,2.0
521,2.0,1.0,22.0,5.0,1.0,15.0,15.0,163.0,45.0,20.0,4.0,0.0,9.0,4.0,4.0,106.0,17.0,20.0,24.0,28.0,8.0
522,6.0,0.0,12.0,19.0,3.0,112.0,25.0,204.0,69.0,13.0,12.0,1.0,21.0,4.0,11.0,111.0,126.0,40.0,68.0,48.0,17.0
523,897.0,60.0,1754.0,2676.0,982.0,1133.0,158.0,3011.0,956.0,158.0,3884.0,135.0,3275.0,2296.0,2123.0,2481.0,271.0,383.0,842.0,492.0,104.0
524,41.0,43.0,127.0,122.0,170.0,46.0,77.0,99.0,113.0,7.0,1103.0,105.0,100.0,97.0,470.0,595.0,120.0,37.0,33.0,12.0,32.0
525,424.0,21.0,758.0,2399.0,1089.0,625.0,245.0,1376.0,503.0,101.0,2788.0,60.0,1511.0,2314.0,2031.0,1344.0,156.0,269.0,365.0,169.0,91.0
531,1.0,4.0,1.0,22.0,1.0,3.0,4.0,3.0,4.0,1.0,3.0,4.0,7.0,1.0,6.0,12.0,1.0,3.0,1.0,1.0,2.0
532,0.0,4.0,3.0,23.0,2.0,1.0,14.0,3.0,18.0,2.0,4.0,2.0,5.0,3.0,7.0,15.0,3.0,1.0,3.0,3.0,2.0
535,787.0,1872.0,286.0,1012.0,702.0,1234.0,368.0,763.0,335.0,114.0,3915.0,4362.0,328.0,572.0,1164.0,1242.0,540.0,164.0,137.0,383.0,80.0
538,452.0,75.0,1203.0,3028.0,1182.0,593.0,557.0,2785.0,1005.0,103.0,3421.0,99.0,3314.0,2086.0,1752.0,1793.0,217.0,700.0,864.0,361.0,103.0
539,750.0,31.0,1643.0,2349.0,2264.0,655.0,68.0,3054.0,616.0,134.0,3794.0,388.0,6703.0,3169.0,4170.0,1685.0,114.0,789.0,485.0,296.0,84.0
540,66.0,45.0,101.0,270.0,316.0,39.0,119.0,202.0,123.0,12.0,730.0,56.0,212.0,336.0,744.0,472.0,133.0,72.0,37.0,36.0,59.0
541,0.0,1.0,2.0,6.0,2.0,15.0,11.0,73.0,22.0,7.0,9.0,1.0,8.0,4.0,4.0,106.0,9.0,34.0,27.0,8.0,2.0
543,3.0,0.0,4.0,6.0,0.0,4.0,42.0,4.0,14.0,2.0,9.0,0.0,2.0,2.0,6.0,34.0,22.0,4.0,2.0,6.0,12.0
545,32.0,476.0,30.0,154.0,219.0,15.0,33.0,91.0,57.0,16.0,210.0,530.0,30.0,146.0,306.0,120.0,29.0,42.0,42.0,11.0,30.0
546,1.0,5.0,52.0,8.0,2.0,306.0,257.0,1013.0,571.0,33.0,3.0,9.0,149.0,2.0,4.0,1340.0,60.0,431.0,607.0,82.0,102.0
557,4.0,1.0,7.0,9.0,7.0,7.0,5.0,42.0,62.0,9.0,10.0,0.0,8.0,8.0,5.0,30.0,1.0,18.0,12.0,8.0,7.0
559,0.0,24.0,19.0,10.0,6.0,968.0,4.0,1876.0,1425.0,123.0,4.0,56.0,51.0,13.0,9.0,977.0,2.0,203.0,758.0,291.0,55.0
564,28.0,41.0,112.0,333.0,126.0,59.0,106.0,92.0,51.0,13.0,155.0,648.0,382.0,654.0,135.0,134.0,13.0,9.0,83.0,27.0,15.0
567,29.0,2.0,59.0,71.0,15.0,80.0,10.0,303.0,82.0,30.0,121.0,4.0,61.0,60.0,98.0,168.0,8.0,49.0,97.0,63.0,23.0
57,0.0,0.0,17.0,4.0,0.0,63.0,146.0,379.0,75.0,7.0,6.0,0.0,19.0,3.0,9.0,148.0,132.0,47.0,134.0,20.0,15.0
571,77.0,3.0,267.0,396.0,267.0,150.0,312.0,176.0,153.0,10.0,364.0,3.0,426.0,611.0,396.0,250.0,489.0,77.0,68.0,18.0,26.0
574,1.0,0.0,5.0,7.0,0.0,55.0,3.0,42.0,12.0,17.0,3.0,0.0,2.0,0.0,5.0,100.0,5.0,18.0,16.0,7.0,14.0
576,1.0,15.0,0.0,11.0,4.0,20.0,4.0,77.0,18.0,5.0,0.0,26.0,2.0,3.0,3.0,53.0,4.0,9.0,2.0,13.0,7.0
578,218.0,1672.0,325.0,2005.0,1640.0,196.0,1450.0,538.0,555.0,46.0,725.0,8958.0,983.0,1686.0,1582.0,459.0,1960.0,157.0,226.0,122.0,77.0
58,1.0,0.0,5.0,15.0,4.0,17.0,264.0,32.0,54.0,4.0,1.0,0.0,1.0,5.0,8.0,21.0,285.0,11.0,29.0,8.0,45.0
581,1.0,6.0,10.0,10.0,0.0,214.0,89.0,625.0,328.0,39.0,3.0,0.0,14.0,1.0,2.0,455.0,23.0,143.0,191.0,73.0,52.0
586,13.0,17.0,68.0,71.0,15.0,553.0,1784.0,980.0,328.0,50.0,29.0,6.0,112.0,26.0,31.0,919.0,2220.0,160.0,253.0,138.0,57.0
588,5.0,1.0,12.0,27.0,4.0,50.0,20.0,54.0,50.0,11.0,11.0,0.0,13.0,4.0,16.0,75.0,8.0,14.0,24.0,29.0,8.0
589,4.0,101.0,88.0,3.0,2.0,1244.0,537.0,2521.0,709.0,134.0,10.0,273.0,151.0,7.0,14.0,1872.0,1022.0,375.0,404.0,391.0,145.0
590,2.0,2.0,1.0,20.0,6.0,19.0,17.0,81.0,47.0,14.0,7.0,1.0,23.0,6.0,11.0,74.0,6.0,20.0,30.0,10.0,6.0
596,0.0,0.0,40.0,7.0,3.0,120.0,33.0,769.0,477.0,125.0,1.0,0.0,123.0,2.0,3.0,253.0,10.0,102.0,136.0,42.0,63.0
598,113.0,60.0,210.0,772.0,333.0,107.0,195.0,571.0,259.0,22.0,713.0,75.0,498.0,827.0,653.0,240.0,98.0,108.0,285.0,50.0,55.0
599,595.0,5.0,740.0,3080.0,1337.0,706.0,134.0,1571.0,559.0,61.0,2709.0,0.0,1365.0,2495.0,2016.0,1284.0,199.0,351.0,474.0,126.0,115.0
599_ref1,4.0,0.0,2.0,17.0,2.0,180.0,35.0,62.0,44.0,2.0,15.0,3.0,3.0,6.0,7.0,703.0,2.0,19.0,33.0,9.0,293.0
599_ref2,3.0,1.0,0.0,7.0,1.0,317.0,10.0,162.0,25.0,1.0,13.0,0.0,10.0,2.0,0.0,468.0,28.0,25.0,45.0,7.0,231.0
6,2.0,14.0,21.0,19.0,12.0,64.0,26.0,224.0,133.0,15.0,5.0,0.0,34.0,6.0,10.0,270.0,72.0,132.0,153.0,31.0,20.0
60,94.0,0.0,603.0,594.0,192.0,142.0,33.0,300.0,471.0,19.0,534.0,1.0,353.0,336.0,499.0,833.0,33.0,174.0,236.0,42.0,50.0
61,0.0,0.0,0.0,0.0,0.0,1.0,4.0,0.0,2.0,0.0,4.0,0.0,4.0,1.0,3.0,5.0,2.0,1.0,1.0,1.0,0.0
611,0.0,20.0,8.0,8.0,1.0,37.0,19.0,88.0,35.0,6.0,2.0,20.0,28.0,7.0,4.0,91.0,23.0,14.0,25.0,19.0,17.0
616,88.0,40.0,184.0,555.0,314.0,222.0,28.0,430.0,304.0,32.0,828.0,8.0,634.0,684.0,708.0,532.0,22.0,165.0,133.0,71.0,53.0
619,2.0,2.0,5.0,23.0,4.0,8.0,4.0,20.0,22.0,1.0,14.0,3.0,2.0,10.0,17.0,50.0,5.0,1.0,5.0,5.0,5.0
622,2.0,1.0,31.0,56.0,9.0,699.0,32.0,1166.0,308.0,57.0,25.0,2.0,72.0,13.0,24.0,1004.0,3.0,198.0,326.0,225.0,66.0
627,32.0,3.0,36.0,153.0,48.0,92.0,79.0,135.0,71.0,11.0,238.0,4.0,115.0,49.0,109.0,336.0,5.0,26.0,52.0,19.0,32.0
631,285.0,0.0,1181.0,1055.0,707.0,1535.0,93.0,2453.0,804.0,189.0,2125.0,2.0,2896.0,917.0,986.0,3164.0,353.0,511.0,969.0,572.0,86.0
632,10.0,8.0,79.0,176.0,42.0,23.0,36.0,114.0,168.0,21.0,86.0,3.0,85.0,57.0,151.0,133.0,27.0,26.0,31.0,36.0,15.0
636,1.0,0.0,15.0,9.0,1.0,84.0,13.0,184.0,60.0,9.0,6.0,0.0,8.0,10.0,4.0,133.0,75.0,42.0,60.0,14.0,7.0
638,6.0,34.0,14.0,29.0,13.0,6.0,15.0,23.0,4.0,2.0,25.0,9.0,33.0,14.0,27.0,23.0,23.0,5.0,8.0,6.0,19.0
639,23.0,14.0,51.0,80.0,65.0,11.0,17.0,53.0,67.0,6.0,248.0,1.0,436.0,43.0,81.0,38.0,9.0,9.0,12.0,5.0,3.0
64,12.0,2.0,61.0,180.0,20.0,28.0,25.0,103.0,45.0,11.0,49.0,0.0,43.0,157.0,42.0,81.0,27.0,42.0,72.0,30.0,11.0
640,13.0,10.0,89.0,110.0,103.0,177.0,395.0,585.0,658.0,33.0,249.0,2.0,217.0,94.0,165.0,1435.0,635.0,351.0,162.0,108.0,74.0
642,64.0,63.0,488.0,606.0,269.0,201.0,67.0,490.0,685.0,75.0,1036.0,5.0,469.0,245.0,539.0,962.0,108.0,241.0,226.0,161.0,81.0
648,295.0,95.0,49.0,330.0,361.0,272.0,10.0,188.0,82.0,25.0,1858.0,274.0,107.0,225.0,777.0,456.0,34.0,34.0,57.0,50.0,66.0
649,202.0,16.0,401.0,1086.0,422.0,93.0,32.0,365.0,325.0,26.0,858.0,9.0,830.0,868.0,1315.0,498.0,15.0,124.0,178.0,38.0,36.0
65,3.0,0.0,4.0,5.0,5.0,0.0,2.0,6.0,25.0,2.0,8.0,1.0,2.0,2.0,5.0,12.0,0.0,6.0,1.0,2.0,2.0
651,22.0,1.0,65.0,191.0,285.0,25.0,19.0,58.0,77.0,4.0,295.0,2.0,157.0,180.0,424.0,206.0,26.0,34.0,48.0,16.0,20.0
652,354.0,10.0,806.0,2159.0,632.0,285.0,83.0,603.0,467.0,52.0,1817.0,14.0,1621.0,1937.0,628.0,1225.0,304.0,115.0,336.0,106.0,190.0
653,57.0,95.0,19.0,358.0,113.0,110.0,21.0,234.0,135.0,16.0,192.0,99.0,73.0,186.0,85.0,209.0,86.0,92.0,62.0,35.0,34.0
657,47.0,217.0,90.0,391.0,171.0,81.0,457.0,215.0,184.0,21.0,213.0,574.0,317.0,207.0,162.0,243.0,157.0,53.0,99.0,54.0,26.0
658,22.0,3.0,2.0,23.0,29.0,1.0,5.0,3.0,5.0,1.0,52.0,1.0,18.0,43.0,20.0,8.0,0.0,2.0,2.0,3.0,0.0
66,0.0,0.0,0.0,2.0,0.0,11.0,21.0,33.0,26.0,2.0,0.0,3.0,6.0,0.0,2.0,121.0,2.0,10.0,16.0,9.0,12.0
660,34.0,1.0,13.0,163.0,77.0,87.0,60.0,170.0,85.0,9.0,156.0,4.0,112.0,114.0,44.0,214.0,12.0,41.0,36.0,52.0,26.0
666,123.0,381.0,186.0,522.0,384.0,106.0,31.0,244.0,162.0,13.0,835.0,233.0,408.0,515.0,459.0,480.0,66.0,130.0,53.0,19.0,58.0
667,135.0,24.0,176.0,619.0,219.0,62.0,359.0,158.0,114.0,18.0,395.0,196.0,129.0,420.0,579.0,299.0,278.0,91.0,140.0,55.0,21.0
668,12.0,20.0,11.0,100.0,32.0,8.0,9.0,30.0,42.0,6.0,30.0,12.0,10.0,35.0,32.0,51.0,5.0,5.0,12.0,7.0,8.0
673,14792.0,48.0,14458.0,57137.0,9222.0,25101.0,795.0,48185.0,13486.0,2087.0,48253.0,276.0,24613.0,33969.0,19864.0,46892.0,3230.0,8470.0,14218.0,5743.0,4614.0
674,152.0,73.0,150.0,541.0,230.0,65.0,54.0,309.0,115.0,15.0,310.0,62.0,389.0,277.0,307.0,230.0,110.0,36.0,87.0,27.0,33.0
676,455.0,119.0,623.0,4476.0,2361.0,603.0,626.0,1987.0,1556.0,140.0,2365.0,37.0,2144.0,3596.0,3423.0,2024.0,435.0,561.0,881.0,352.0,142.0
677,1.0,1.0,3.0,0.0,5.0,4.0,3.0,19.0,13.0,6.0,2.0,3.0,2.0,1.0,0.0,42.0,8.0,3.0,11.0,4.0,2.0
683,0.0,1.0,1.0,3.0,0.0,11.0,10.0,25.0,24.0,4.0,1.0,2.0,7.0,0.0,3.0,49.0,12.0,11.0,27.0,12.0,13.0
685,12.0,5.0,36.0,26.0,9.0,291.0,73.0,416.0,155.0,30.0,66.0,48.0,65.0,17.0,19.0,781.0,333.0,161.0,163.0,39.0,77.0
689,64.0,10975.0,198.0,404.0,325.0,89.0,7.0,72.0,76.0,12.0,1003.0,25105.0,809.0,149.0,953.0,295.0,78.0,39.0,44.0,22.0,20.0
690,13.0,14.0,7.0,52.0,126.0,8.0,9.0,15.0,63.0,2.0,539.0,45.0,17.0,27.0,224.0,75.0,4.0,10.0,6.0,9.0,4.0
692,1.0,1.0,16.0,0.0,1.0,68.0,437.0,230.0,232.0,19.0,0.0,0.0,33.0,0.0,0.0,308.0,48.0,167.0,114.0,50.0,39.0
693,5.0,10.0,13.0,111.0,15.0,24.0,200.0,46.0,36.0,4.0,7.0,6.0,15.0,13.0,45.0,65.0,29.0,7.0,11.0,14.0,12.0
695,39.0,13.0,58.0,164.0,103.0,42.0,68.0,136.0,167.0,28.0,71.0,4.0,103.0,58.0,89.0,278.0,47.0,51.0,63.0,67.0,22.0
697,2.0,0.0,7.0,27.0,8.0,22.0,19.0,71.0,38.0,11.0,12.0,0.0,10.0,2.0,9.0,200.0,12.0,18.0,12.0,11.0,9.0
7,19.0,0.0,19.0,102.0,25.0,95.0,3.0,118.0,111.0,12.0,231.0,0.0,253.0,130.0,55.0,398.0,4.0,23.0,20.0,9.0,12.0
701,3.0,35.0,69.0,8.0,4.0,243.0,150.0,641.0,223.0,19.0,1.0,130.0,172.0,4.0,2.0,370.0,111.0,219.0,249.0,70.0,27.0
702,5.0,1.0,176.0,12.0,4.0,380.0,1341.0,1040.0,355.0,35.0,14.0,21.0,220.0,2.0,1.0,800.0,553.0,232.0,771.0,110.0,77.0
703,13.0,0.0,36.0,67.0,15.0,6.0,0.0,5.0,31.0,3.0,113.0,0.0,17.0,66.0,9.0,14.0,2.0,4.0,47.0,8.0,4.0
705,0.0,0.0,8.0,1.0,0.0,322.0,29.0,791.0,406.0,35.0,0.0,0.0,30.0,0.0,1.0,883.0,117.0,209.0,275.0,79.0,69.0
709,44.0,4.0,165.0,405.0,380.0,48.0,40.0,304.0,156.0,27.0,196.0,26.0,426.0,328.0,291.0,110.0,178.0,56.0,75.0,40.0,22.0
711,0.0,2.0,0.0,4.0,1.0,1.0,0.0,5.0,10.0,2.0,0.0,0.0,1.0,0.0,5.0,8.0,0.0,0.0,2.0,0.0,0.0
713,27.0,1.0,102.0,529.0,312.0,39.0,3.0,126.0,108.0,17.0,307.0,1.0,384.0,453.0,280.0,246.0,3.0,58.0,59.0,15.0,45.0
715,0.0,1.0,1.0,1.0,0.0,6.0,3.0,33.0,40.0,2.0,0.0,2.0,0.0,0.0,2.0,22.0,4.0,17.0,12.0,5.0,2.0
717,240.0,23.0,618.0,2468.0,1515.0,193.0,363.0,336.0,338.0,29.0,1605.0,3.0,989.0,1997.0,2453.0,674.0,1028.0,100.0,243.0,48.0,99.0
721,2.0,5.0,19.0,32.0,9.0,163.0,1226.0,335.0,209.0,46.0,6.0,17.0,30.0,29.0,10.0,435.0,1465.0,67.0,42.0,73.0,29.0
724,14.0,1.0,15.0,44.0,8.0,105.0,18.0,502.0,232.0,14.0,11.0,0.0,70.0,12.0,11.0,439.0,6.0,112.0,178.0,41.0,19.0
727,536.0,9.0,893.0,1372.0,712.0,335.0,14.0,1384.0,302.0,28.0,1280.0,38.0,2552.0,1121.0,1408.0,600.0,73.0,278.0,314.0,117.0,91.0
729,1112.0,2490.0,1163.0,6730.0,1807.0,910.0,114.0,2567.0,603.0,80.0,4544.0,694.0,4509.0,4965.0,2649.0,2010.0,199.0,522.0,654.0,189.0,141.0
731,9.0,5.0,450.0,11.0,3.0,1298.0,953.0,7168.0,1116.0,147.0,66.0,1.0,1235.0,6.0,5.0,2147.0,375.0,1178.0,2177.0,573.0,432.0
732,1.0,0.0,51.0,13.0,1.0,270.0,100.0,1108.0,359.0,51.0,4.0,0.0,164.0,6.0,6.0,474.0,444.0,169.0,247.0,118.0,57.0
734,65.0,2.0,16.0,248.0,113.0,50.0,47.0,237.0,53.0,4.0,682.0,3.0,24.0,179.0,292.0,110.0,16.0,41.0,21.0,13.0,8.0
735,0.0,0.0,9.0,1.0,0.0,105.0,3.0,341.0,276.0,25.0,2.0,0.0,36.0,0.0,0.0,544.0,53.0,90.0,110.0,74.0,35.0
738,2.0,20.0,2.0,3.0,2.0,31.0,16.0,42.0,56.0,10.0,11.0,54.0,17.0,1.0,6.0,43.0,8.0,16.0,17.0,7.0,5.0
739,1.0,3.0,201.0,9.0,0.0,932.0,380.0,2789.0,3310.0,172.0,6.0,9.0,255.0,1.0,2.0,5699.0,499.0,977.0,1886.0,465.0,1112.0
740,3.0,0.0,15.0,6.0,4.0,10.0,17.0,28.0,25.0,4.0,5.0,0.0,10.0,3.0,7.0,26.0,24.0,23.0,19.0,9.0,2.0
741,27.0,5.0,30.0,183.0,33.0,8.0,6.0,22.0,33.0,2.0,37.0,10.0,43.0,46.0,80.0,42.0,8.0,8.0,11.0,8.0,3.0
742,17.0,12.0,197.0,217.0,31.0,330.0,14145.0,2565.0,1073.0,93.0,35.0,52.0,517.0,34.0,87.0,1293.0,8416.0,749.0,1330.0,213.0,149.0
748,1.0,3.0,3.0,8.0,1.0,23.0,16.0,128.0,61.0,26.0,3.0,7.0,6.0,3.0,6.0,134.0,13.0,55.0,34.0,21.0,25.0
749,0.0,0.0,19.0,3.0,2.0,25.0,16.0,196.0,68.0,5.0,1.0,12.0,31.0,3.0,4.0,203.0,20.0,25.0,62.0,10.0,6.0
754,0.0,0.0,5.0,4.0,1.0,36.0,291.0,202.0,106.0,11.0,0.0,0.0,22.0,0.0,3.0,431.0,515.0,117.0,62.0,4.0,36.0
755,0.0,0.0,0.0,2.0,0.0,2.0,6.0,8.0,46.0,4.0,0.0,0.0,0.0,0.0,0.0,19.0,0.0,3.0,2.0,7.0,2.0
756,285.0,120.0,1152.0,2609.0,695.0,197.0,60.0,624.0,398.0,62.0,1887.0,67.0,1167.0,2108.0,1431.0,1039.0,129.0,178.0,343.0,117.0,200.0
760,297.0,741.0,750.0,869.0,801.0,333.0,69.0,701.0,249.0,62.0,1963.0,127.0,1431.0,557.0,1890.0,921.0,51.0,183.0,209.0,119.0,74.0
77,56.0,35.0,146.0,285.0,57.0,298.0,89.0,278.0,102.0,29.0,430.0,898.0,477.0,143.0,199.0,801.0,137.0,81.0,64.0,88.0,30.0
772,14.0,30.0,32.0,88.0,19.0,41.0,16.0,93.0,56.0,10.0,121.0,43.0,140.0,20.0,30.0,84.0,4.0,10.0,26.0,11.0,14.0
775,0.0,9.0,34.0,11.0,2.0,117.0,56.0,539.0,299.0,49.0,2.0,3.0,108.0,3.0,5.0,448.0,22.0,122.0,174.0,137.0,70.0
778,204.0,2.0,183.0,860.0,386.0,342.0,400.0,900.0,621.0,66.0,1125.0,7.0,237.0,627.0,927.0,971.0,550.0,206.0,532.0,139.0,78.0
78,1.0,0.0,3.0,3.0,1.0,5.0,1.0,12.0,7.0,3.0,3.0,0.0,1.0,0.0,3.0,4.0,2.0,1.0,3.0,3.0,1.0
782,0.0,0.0,10.0,5.0,0.0,66.0,8.0,124.0,49.0,11.0,1.0,0.0,43.0,2.0,2.0,158.0,12.0,18.0,47.0,22.0,16.0
783,58.0,132.0,98.0,149.0,123.0,46.0,42.0,90.0,231.0,17.0,422.0,38.0,55.0,102.0,126.0,335.0,5.0,59.0,60.0,30.0,20.0
784,1.0,21.0,2.0,3.0,0.0,29.0,7.0,12.0,33.0,6.0,1.0,17.0,2.0,1.0,8.0,211.0,5.0,8.0,5.0,9.0,7.0
789,0.0,10.0,11.0,1.0,0.0,23.0,2.0,34.0,52.0,17.0,1.0,5.0,74.0,1.0,3.0,256.0,6.0,14.0,45.0,8.0,19.0
790,11.0,22.0,23.0,78.0,34.0,187.0,51.0,267.0,216.0,31.0,16.0,10.0,39.0,45.0,35.0,506.0,74.0,81.0,107.0,95.0,100.0
791,14.0,58.0,24.0,152.0,50.0,61.0,121.0,110.0,91.0,12.0,32.0,15.0,23.0,39.0,78.0,186.0,257.0,36.0,46.0,35.0,33.0
795,27.0,12.0,1705.0,105.0,15.0,2238.0,2545.0,11085.0,3923.0,409.0,110.0,2.0,3634.0,22.0,42.0,7081.0,4634.0,2526.0,3534.0,794.0,469.0
796,4.0,72.0,59.0,10.0,1.0,408.0,445.0,1178.0,734.0,126.0,10.0,70.0,64.0,8.0,7.0,748.0,290.0,254.0,494.0,331.0,181.0
797,1.0,3.0,0.0,13.0,9.0,52.0,17.0,33.0,37.0,14.0,3.0,6.0,8.0,6.0,4.0,127.0,2.0,18.0,9.0,18.0,10.0
798,0.0,5.0,112.0,16.0,6.0,1612.0,420.0,2361.0,1352.0,315.0,7.0,75.0,210.0,6.0,22.0,2349.0,985.0,475.0,876.0,560.0,229.0
800,0.0,3.0,0.0,2.0,0.0,2.0,10.0,11.0,18.0,0.0,2.0,3.0,0.0,2.0,4.0,13.0,17.0,1.0,4.0,1.0,1.0
801,8.0,74.0,5.0,79.0,2.0,2.0,15.0,23.0,17.0,2.0,10.0,190.0,22.0,50.0,46.0,17.0,10.0,4.0,4.0,1.0,4.0
803,0.0,1.0,0.0,3.0,0.0,7.0,39.0,20.0,20.0,3.0,2.0,0.0,4.0,2.0,0.0,188.0,9.0,21.0,12.0,5.0,4.0
804,53.0,5477.0,341.0,303.0,96.0,52.0,15.0,105.0,126.0,3.0,365.0,1849.0,812.0,432.0,329.0,185.0,233.0,50.0,50.0,25.0,16.0
805,23.0,841.0,193.0,83.0,340.0,15.0,319.0,66.0,34.0,1.0,527.0,3879.0,294.0,123.0,287.0,174.0,640.0,10.0,32.0,8.0,10.0
807,1.0,1.0,5.0,2.0,1.0,23.0,6.0,45.0,63.0,7.0,0.0,0.0,1.0,1.0,0.0,193.0,5.0,23.0,23.0,13.0,10.0
808,3.0,14.0,5.0,41.0,8.0,17.0,107.0,53.0,63.0,5.0,5.0,11.0,23.0,22.0,29.0,80.0,139.0,17.0,24.0,13.0,8.0
809,214.0,17.0,267.0,591.0,562.0,286.0,22.0,997.0,591.0,76.0,645.0,9.0,834.0,621.0,766.0,867.0,15.0,285.0,209.0,166.0,81.0
81,12.0,7.0,15.0,54.0,2.0,12.0,3.0,20.0,13.0,0.0,69.0,1.0,134.0,49.0,90.0,84.0,1.0,5.0,19.0,2.0,7.0
811,31.0,96.0,56.0,571.0,220.0,58.0,975.0,114.0,204.0,19.0,196.0,170.0,286.0,677.0,278.0,190.0,1193.0,53.0,110.0,36.0,32.0
812,1.0,2.0,3.0,13.0,4.0,3.0,9.0,19.0,15.0,1.0,6.0,3.0,1.0,2.0,3.0,16.0,6.0,5.0,3.0,2.0,3.0
813,22.0,121.0,44.0,197.0,52.0,77.0,41.0,373.0,380.0,64.0,47.0,40.0,133.0,64.0,120.0,377.0,29.0,116.0,223.0,130.0,24.0
819,3.0,11.0,41.0,7.0,3.0,133.0,41.0,558.0,392.0,37.0,3.0,24.0,72.0,6.0,9.0,876.0,78.0,144.0,329.0,61.0,35.0
821,1.0,0.0,19.0,5.0,1.0,94.0,466.0,79.0,83.0,6.0,13.0,1.0,27.0,0.0,1.0,238.0,432.0,33.0,43.0,14.0,35.0
823,7.0,7.0,25.0,105.0,13.0,37.0,37.0,74.0,68.0,18.0,17.0,3.0,39.0,25.0,58.0,150.0,98.0,30.0,32.0,35.0,23.0
830,2.0,1.0,0.0,0.0,0.0,4.0,3.0,12.0,33.0,1.0,1.0,0.0,1.0,0.0,1.0,19.0,3.0,3.0,2.0,5.0,4.0
833,27.0,27.0,135.0,109.0,44.0,27.0,16.0,133.0,148.0,10.0,523.0,3.0,75.0,94.0,121.0,203.0,9.0,39.0,26.0,10.0,18.0
835,10.0,11.0,173.0,66.0,82.0,11.0,5.0,28.0,92.0,0.0,320.0,7.0,204.0,115.0,128.0,248.0,79.0,39.0,17.0,3.0,34.0
837,57.0,1.0,138.0,343.0,87.0,194.0,77.0,556.0,129.0,31.0,557.0,151.0,376.0,202.0,315.0,668.0,17.0,165.0,148.0,64.0,31.0
838,6281.0,2782.0,19751.0,41392.0,19069.0,5538.0,1818.0,19690.0,10530.0,978.0,32392.0,3443.0,44193.0,31943.0,48264.0,26977.0,1372.0,6396.0,5312.0,2417.0,2167.0
839,6.0,2.0,40.0,68.0,16.0,112.0,15.0,94.0,152.0,12.0,14.0,0.0,48.0,38.0,40.0,231.0,12.0,95.0,50.0,17.0,9.0
841,76.0,7881.0,251.0,829.0,213.0,42.0,87.0,194.0,246.0,16.0,429.0,10616.0,327.0,704.0,207.0,129.0,13.0,58.0,134.0,47.0,97.0
842,272.0,4216.0,204.0,1123.0,731.0,276.0,119.0,659.0,209.0,52.0,1130.0,6156.0,528.0,966.0,800.0,694.0,238.0,136.0,183.0,75.0,47.0
843,10.0,47.0,61.0,143.0,38.0,909.0,293.0,1740.0,649.0,183.0,36.0,68.0,135.0,30.0,33.0,1117.0,285.0,464.0,720.0,669.0,251.0
848,6.0,9.0,25.0,20.0,1.0,10.0,12.0,12.0,13.0,1.0,10.0,15.0,7.0,27.0,34.0,36.0,4.0,6.0,28.0,4.0,4.0
850,11.0,73.0,276.0,74.0,12.0,1162.0,2353.0,5536.0,1475.0,158.0,18.0,103.0,697.0,21.0,19.0,2776.0,1128.0,1187.0,2145.0,369.0,259.0
853,1638.0,238.0,2152.0,8265.0,2008.0,2714.0,1553.0,5318.0,1171.0,110.0,5856.0,1823.0,5688.0,5237.0,4219.0,6913.0,42.0,919.0,1281.0,234.0,554.0
854,0.0,12.0,1.0,1.0,1.0,1.0,5.0,4.0,29.0,4.0,0.0,13.0,1.0,1.0,3.0,29.0,88.0,2.0,12.0,5.0,8.0
857,2.0,68.0,209.0,11.0,1.0,1523.0,104.0,5747.0,6791.0,513.0,18.0,51.0,311.0,9.0,4.0,5355.0,213.0,1805.0,3359.0,1216.0,1098.0
859,116.0,18.0,74.0,285.0,157.0,121.0,839.0,337.0,343.0,36.0,601.0,24.0,541.0,322.0,838.0,687.0,491.0,87.0,130.0,58.0,100.0
860,24.0,26.0,23.0,266.0,68.0,160.0,46.0,500.0,345.0,26.0,44.0,9.0,39.0,74.0,117.0,451.0,21.0,108.0,124.0,58.0,44.0
862,82.0,30.0,87.0,816.0,145.0,50.0,21.0,85.0,204.0,8.0,133.0,7.0,111.0,140.0,253.0,286.0,20.0,35.0,45.0,37.0,7.0
868,12.0,0.0,21.0,131.0,50.0,7.0,74.0,6.0,21.0,3.0,61.0,40.0,16.0,86.0,18.0,43.0,3.0,2.0,25.0,4.0,10.0
869,131.0,0.0,347.0,314.0,403.0,140.0,119.0,230.0,158.0,9.0,868.0,12.0,412.0,326.0,517.0,304.0,191.0,68.0,109.0,28.0,26.0
87,2.0,11.0,32.0,15.0,4.0,21.0,4.0,197.0,2774.0,4.0,6.0,8.0,124.0,13.0,7.0,13.0,3.0,3.0,14.0,3.0,22.0
870,6.0,2.0,2.0,12.0,13.0,39.0,6.0,68.0,19.0,0.0,19.0,4.0,5.0,18.0,20.0,52.0,4.0,6.0,17.0,7.0,4.0
871,0.0,1.0,36.0,17.0,2.0,55.0,9.0,56.0,22.0,1.0,50.0,3.0,1.0,73.0,53.0,223.0,1.0,12.0,3.0,5.0,1.0
879,0.0,1.0,4.0,2.0,1.0,14.0,3.0,38.0,15.0,9.0,1.0,0.0,3.0,0.0,0.0,95.0,2.0,11.0,7.0,7.0,9.0
880,0.0,0.0,2.0,3.0,0.0,5.0,3.0,10.0,8.0,1.0,1.0,1.0,5.0,1.0,1.0,5.0,0.0,0.0,1.0,3.0,4.0
882,0.0,4.0,1.0,5.0,2.0,2.0,12.0,9.0,26.0,1.0,0.0,0.0,1.0,2.0,4.0,18.0,3.0,4.0,10.0,4.0,1.0
887,0.0,1.0,16.0,3.0,1.0,32.0,26.0,112.0,74.0,19.0,0.0,0.0,15.0,0.0,0.0,157.0,9.0,41.0,106.0,60.0,26.0
888,107.0,8.0,98.0,270.0,104.0,170.0,8.0,221.0,121.0,17.0,637.0,114.0,127.0,170.0,319.0,435.0,4.0,70.0,70.0,40.0,25.0
89,508.0,219.0,137.0,1821.0,2262.0,454.0,144.0,791.0,124.0,56.0,1754.0,334.0,614.0,1304.0,2825.0,686.0,705.0,109.0,156.0,144.0,141.0
892,1.0,0.0,12.0,1.0,0.0,14.0,84.0,31.0,23.0,6.0,0.0,1.0,3.0,1.0,0.0,184.0,220.0,17.0,18.0,15.0,4.0
897,0.0,0.0,0.0,2.0,0.0,0.0,3.0,1.0,3.0,0.0,0.0,0.0,0.0,0.0,1.0,3.0,1.0,0.0,0.0,0.0,0.0
904,0.0,0.0,2.0,2.0,0.0,8.0,5.0,10.0,4.0,5.0,0.0,0.0,20.0,1.0,1.0,48.0,0.0,20.0,7.0,3.0,5.0
91,420.0,5920.0,731.0,1397.0,516.0,377.0,338.0,1650.0,367.0,76.0,1136.0,296.0,3153.0,1707.0,1422.0,524.0,1210.0,225.0,544.0,201.0,57.0
911,14.0,3.0,50.0,73.0,104.0,41.0,11.0,34.0,70.0,4.0,86.0,25.0,40.0,68.0,37.0,106.0,4.0,15.0,23.0,8.0,8.0
916,127.0,13.0,215.0,262.0,94.0,181.0,17.0,289.0,182.0,24.0,719.0,9.0,483.0,192.0,331.0,325.0,98.0,59.0,93.0,70.0,27.0
923,0.0,1.0,4.0,0.0,0.0,48.0,74.0,132.0,90.0,9.0,0.0,0.0,5.0,0.0,0.0,222.0,243.0,25.0,30.0,57.0,32.0
924,0.0,4.0,1.0,5.0,1.0,118.0,37.0,85.0,29.0,7.0,1.0,2.0,2.0,0.0,2.0,108.0,0.0,22.0,22.0,32.0,7.0
930,1.0,2.0,8.0,3.0,1.0,78.0,29.0,270.0,82.0,18.0,0.0,1.0,19.0,0.0,1.0,287.0,74.0,81.0,60.0,47.0,23.0
931,22.0,3.0,41.0,46.0,64.0,31.0,147.0,168.0,119.0,18.0,130.0,1.0,91.0,49.0,73.0,134.0,16.0,68.0,63.0,49.0,23.0
933,0.0,4.0,3.0,13.0,6.0,2.0,14.0,3.0,18.0,1.0,5.0,1.0,7.0,3.0,13.0,13.0,3.0,0.0,2.0,0.0,0.0
936,191.0,105.0,165.0,1144.0,639.0,116.0,82.0,474.0,145.0,28.0,375.0,16.0,494.0,1214.0,948.0,182.0,264.0,67.0,182.0,38.0,18.0
937,0.0,1.0,13.0,7.0,2.0,44.0,13.0,72.0,51.0,6.0,3.0,1.0,1.0,3.0,5.0,134.0,5.0,4.0,21.0,8.0,7.0
939,19.0,11.0,71.0,259.0,52.0,95.0,4.0,99.0,94.0,10.0,108.0,1.0,154.0,287.0,85.0,187.0,13.0,12.0,84.0,15.0,18.0
94,190.0,1058.0,256.0,1295.0,635.0,96.0,80.0,302.0,153.0,10.0,1040.0,236.0,748.0,702.0,1617.0,488.0,66.0,144.0,127.0,35.0,29.0
941,0.0,1.0,4.0,5.0,1.0,2.0,13.0,4.0,6.0,1.0,0.0,0.0,3.0,4.0,0.0,13.0,2.0,0.0,0.0,0.0,3.0
942,0.0,0.0,1.0,7.0,2.0,2.0,2.0,4.0,2.0,1.0,3.0,0.0,7.0,4.0,1.0,3.0,0.0,1.0,1.0,2.0,0.0
943,3.0,11.0,3.0,9.0,6.0,13.0,17.0,31.0,16.0,2.0,4.0,12.0,6.0,4.0,11.0,26.0,20.0,0.0,0.0,9.0,4.0
945,2.0,0.0,0.0,0.0,0.0,1.0,4.0,1.0,0.0,1.0,0.0,0.0,1.0,0.0,0.0,2.0,2.0,2.0,1.0,0.0,1.0
946,0.0,0.0,0.0,0.0,0.0,2.0,1.0,51.0,20.0,8.0,1.0,1.0,0.0,0.0,1.0,26.0,0.0,15.0,9.0,13.0,4.0
953,2.0,2.0,5.0,44.0,11.0,14.0,3.0,25.0,52.0,3.0,10.0,2.0,3.0,5.0,2.0,20.0,1.0,11.0,10.0,3.0,9.0
957,76.0,2.0,51.0,89.0,30.0,120.0,18.0,95.0,59.0,10.0,159.0,14.0,103.0,55.0,63.0,198.0,0.0,28.0,20.0,32.0,18.0
959,5.0,8.0,411.0,17.0,4.0,1924.0,1081.0,8224.0,5671.0,691.0,95.0,74.0,548.0,16.0,5.0,3654.0,175.0,2047.0,4268.0,1297.0,475.0
960,70.0,3.0,556.0,287.0,261.0,117.0,11.0,137.0,109.0,13.0,420.0,2.0,863.0,274.0,73.0,232.0,4.0,58.0,49.0,45.0,9.0
962,2.0,10.0,7.0,15.0,7.0,196.0,3.0,200.0,105.0,51.0,2.0,2.0,33.0,4.0,7.0,1015.0,24.0,26.0,58.0,74.0,18.0
966,1.0,0.0,3.0,5.0,0.0,22.0,6.0,133.0,61.0,17.0,0.0,0.0,5.0,0.0,2.0,95.0,87.0,11.0,37.0,21.0,16.0
967,11.0,5.0,14.0,13.0,5.0,49.0,4.0,102.0,40.0,10.0,36.0,6.0,160.0,16.0,44.0,72.0,3.0,23.0,34.0,26.0,19.0
972,62.0,355.0,70.0,169.0,208.0,89.0,5.0,156.0,151.0,16.0,338.0,313.0,49.0,76.0,101.0,338.0,5.0,25.0,54.0,38.0,23.0
973,1.0,3.0,8.0,0.0,0.0,34.0,6.0,178.0,82.0,8.0,0.0,1.0,14.0,0.0,1.0,84.0,3.0,48.0,32.0,29.0,9.0
976,1.0,2.0,15.0,3.0,4.0,35.0,29.0,95.0,89.0,18.0,4.0,6.0,2.0,1.0,9.0,170.0,1.0,75.0,24.0,30.0,13.0
980,0.0,11.0,0.0,13.0,4.0,19.0,7.0,112.0,103.0,3.0,3.0,7.0,5.0,2.0,4.0,139.0,4.0,4.0,30.0,22.0,2.0
983,70.0,241.0,260.0,202.0,286.0,37.0,5.0,40.0,52.0,0.0,311.0,174.0,30.0,130.0,497.0,79.0,1.0,13.0,3.0,12.0,7.0
984,2.0,5.0,72.0,5.0,5.0,227.0,161.0,613.0,138.0,23.0,4.0,2.0,90.0,2.0,5.0,374.0,110.0,74.0,69.0,66.0,21.0
985,0.0,1.0,0.0,4.0,0.0,4.0,0.0,17.0,27.0,1.0,0.0,0.0,4.0,2.0,0.0,7.0,0.0,3.0,4.0,2.0,0.0
987,126.0,766.0,54.0,150.0,141.0,78.0,86.0,316.0,71.0,8.0,173.0,152.0,103.0,209.0,307.0,214.0,74.0,35.0,69.0,38.0,27.0
99,120.0,5.0,172.0,420.0,153.0,216.0,57.0,414.0,138.0,48.0,616.0,1.0,462.0,293.0,224.0,403.0,8.0,110.0,226.0,140.0,40.0
991,2.0,1.0,45.0,5.0,2.0,105.0,33.0,1195.0,312.0,27.0,2.0,90.0,113.0,4.0,1.0,547.0,20.0,149.0,360.0,62.0,36.0
992,0.0,1.0,1.0,3.0,1.0,27.0,535.0,266.0,74.0,16.0,0.0,0.0,9.0,2.0,1.0,125.0,18.0,10.0,125.0,20.0,11.0
996,4.0,0.0,2.0,23.0,18.0,3.0,10.0,2.0,2.0,1.0,17.0,3.0,1.0,6.0,8.0,2.0,3.0,1.0,3.0,0.0,3.0
998,2.0,8.0,0.0,1.0,2.0,4.0,3.0,10.0,12.0,4.0,2.0,4.0,2.0,0.0,4.0,27.0,0.0,2.0,4.0,2.0,1.0
999,1.0,1.0,9.0,97.0,26.0,0.0,3.0,2.0,20.0,0.0,57.0,2.0,24.0,142.0,38.0,3.0,0.0,3.0,4.0,1.0,9.0
1052,0.0,6.0,0.0,3.0,0.0,0.0,3.0,0.0,2.0,0.0,0.0,10.0,0.0,2.0,0.0,3.0,1.0,1.0,1.0,0.0,0.0
17_2,2.0,0.0,0.0,4.0,0.0,0.0,0.0,1.0,1.0,1.0,0.0,2.0,0.0,0.0,2.0,1.0,0.0,0.0,0.0,0.0,2.0
217,1.0,0.0,2.0,1.0,0.0,1.0,1.0,0.0,1.0,0.0,1.0,0.0,0.0,0.0,1.0,1.0,0.0,0.0,1.0,0.0,0.0
22,0.0,0.0,0.0,2.0,1.0,0.0,3.0,0.0,2.0,1.0,0.0,0.0,1.0,2.0,0.0,2.0,2.0,1.0,0.0,0.0,0.0
292,1.0,0.0,0.0,5.0,1.0,2.0,0.0,2.0,4.0,0.0,3.0,1.0,1.0,1.0,4.0,6.0,2.0,3.0,2.0,3.0,0.0
387,1.0,2.0,2.0,4.0,5.0,0.0,0.0,0.0,10.0,0.0,3.0,9.0,0.0,4.0,4.0,2.0,0.0,0.0,0.0,0.0,1.0
411,0.0,3.0,1.0,2.0,0.0,2.0,0.0,1.0,4.0,0.0,2.0,2.0,0.0,1.0,1.0,6.0,1.0,1.0,0.0,0.0,0.0
44,0.0,0.0,0.0,1.0,0.0,1.0,1.0,3.0,3.0,0.0,0.0,0.0,0.0,0.0,0.0,0.0,0.0,1.0,0.0,0.0,0.0
501,0.0,0.0,0.0,4.0,1.0,0.0,10.0,1.0,1.0,0.0,3.0,0.0,0.0,1.0,2.0,2.0,0.0,2.0,0.0,1.0,0.0
506,2.0,0.0,0.0,12.0,1.0,0.0,0.0,0.0,2.0,0.0,0.0,0.0,3.0,4.0,5.0,1.0,0.0,1.0,0.0,0.0,0.0
59,1.0,0.0,1.0,0.0,1.0,2.0,0.0,1.0,2.0,0.0,0.0,0.0,0.0,0.0,1.0,2.0,1.0,1.0,0.0,0.0,0.0
607,0.0,0.0,1.0,3.0,1.0,0.0,11.0,2.0,8.0,1.0,2.0,0.0,0.0,0.0,2.0,5.0,1.0,5.0,0.0,4.0,0.0
643,0.0,2.0,6.0,1.0,4.0,12.0,2.0,41.0,53.0,4.0,3.0,1.0,3.0,6.0,4.0,144.0,3.0,32.0,14.0,9.0,10.0
753,1.0,10.0,0.0,5.0,1.0,2.0,0.0,5.0,22.0,1.0,0.0,6.0,0.0,1.0,1.0,11.0,1.0,3.0,4.0,1.0,3.0
79,0.0,0.0,6.0,10.0,0.0,5.0,3.0,53.0,21.0,1.0,11.0,0.0,27.0,10.0,21.0,50.0,1.0,20.0,2.0,6.0,3.0
917,1.0,2.0,0.0,3.0,0.0,0.0,1.0,3.0,12.0,3.0,0.0,0.0,0.0,1.0,0.0,3.0,0.0,2.0,2.0,2.0,5.0
956,0.0,6.0,3.0,5.0,2.0,5.0,3.0,6.0,13.0,3.0,3.0,2.0,1.0,3.0,2.0,1.0,1.0,0.0,0.0,2.0,0.0
454,0.0,0.0,0.0,1.0,0.0,0.0,0.0,1.0,0.0,1.0,0.0,0.0,1.0,2.0,1.0,5.0,0.0,0.0,2.0,0.0,0.0
932,1.0,1.0,1.0,8.0,2.0,2.0,1.0,21.0,16.0,1.0,8.0,0.0,11.0,3.0,5.0,45.0,0.0,2.0,9.0,2.0,4.0
