strain_id,A_MTX_5-FC.SSH1_ORM2,A_MTX_Fluconazole.SSH1_ORM2,A_MTX_Metformin.SSH1_ORM2,A_MTX_Trifluoperazine.SSH1_ORM2,A_MTX_noDrug.SSH1_ORM2,A_noMTX_5-FC.SSH1_ORM2,A_noMTX_Fluconazole.SSH1_ORM2,A_noMTX_Metformin.SSH1_ORM2,A_noMTX_Trifluoperazine.SSH1_ORM2,A_noMTX_noDrug.SSH1_ORM2,B_MTX_5-FC.SSH1_ORM2,B_MTX_Fluconazole.SSH1_ORM2,B_MTX_Metformin.SSH1_ORM2,B_MTX_Trifluoperazine.SSH1_ORM2,B_MTX_noDrug.SSH1_ORM2,B_noMTX_5-FC.SSH1_ORM2,B_noMTX_Fluconazole.SSH1_ORM2,B_noMTX_Metformin.SSH1_ORM2,B_noMTX_Trifluoperazine.SSH1_ORM2,B_noMTX_noDrug.SSH1_ORM2,T0_noMTX_noDrug.SSH1_ORM2
1005,0.0,1.0,5.0,0.0,1.0,60.0,6.0,123.0,256.0,241.0,1.0,0.0,5.0,2.0,0.0,179.0,8.0,67.0,161.0,57.0,35.0
1007,0.0,0.0,0.0,2.0,1.0,10.0,6.0,23.0,21.0,17.0,1.0,1.0,2.0,1.0,0.0,51.0,1.0,18.0,36.0,13.0,12.0
1013,1.0,0.0,1.0,1.0,0.0,10.0,11.0,32.0,28.0,17.0,1.0,4.0,6.0,0.0,2.0,9.0,1.0,29.0,13.0,23.0,6.0
1016,1.0,2.0,3.0,0.0,2.0,6.0,1.0,24.0,10.0,6.0,6.0,0.0,8.0,0.0,0.0,4.0,0.0,8.0,17.0,8.0,3.0
1018,85.0,16.0,104.0,145.0,258.0,163.0,74.0,421.0,74.0,118.0,95.0,4.0,799.0,105.0,187.0,623.0,25.0,474.0,237.0,112.0,32.0
1020,166.0,1.0,397.0,97.0,86.0,100.0,4.0,54.0,138.0,107.0,67.0,1.0,625.0,101.0,124.0,216.0,0.0,51.0,192.0,45.0,44.0
1025,12.0,10.0,7.0,15.0,5.0,366.0,16.0,939.0,1058.0,1117.0,17.0,26.0,25.0,15.0,2.0,2254.0,13.0,726.0,727.0,189.0,107.0
1027,0.0,0.0,6.0,0.0,0.0,34.0,647.0,104.0,175.0,174.0,2.0,0.0,28.0,3.0,0.0,86.0,79.0,70.0,80.0,41.0,32.0
1035,13.0,34.0,6.0,34.0,29.0,3.0,6.0,15.0,7.0,5.0,19.0,5.0,31.0,34.0,3.0,3.0,1.0,3.0,5.0,6.0,1.0
1038,345.0,1.0,73.0,79.0,93.0,346.0,59.0,242.0,737.0,480.0,943.0,3.0,187.0,50.0,71.0,693.0,20.0,605.0,399.0,64.0,151.0
1040,16.0,27.0,72.0,50.0,13.0,987.0,1900.0,3952.0,1856.0,1625.0,83.0,7.0,155.0,22.0,13.0,3421.0,667.0,1563.0,1298.0,557.0,240.0
1046,0.0,1.0,4.0,1.0,1.0,30.0,653.0,85.0,92.0,75.0,1.0,1.0,11.0,0.0,0.0,47.0,161.0,187.0,72.0,16.0,26.0
1050,8.0,0.0,11.0,8.0,6.0,5.0,1.0,31.0,22.0,30.0,10.0,0.0,27.0,7.0,0.0,38.0,2.0,20.0,41.0,42.0,11.0
1065,1.0,11.0,2.0,1.0,2.0,2.0,2.0,1.0,4.0,1.0,1.0,8.0,3.0,2.0,1.0,0.0,1.0,1.0,4.0,0.0,0.0
1069,322.0,16374.0,193.0,456.0,412.0,395.0,4011.0,954.0,724.0,1214.0,613.0,9156.0,516.0,421.0,550.0,1499.0,743.0,1269.0,623.0,322.0,187.0
107,3.0,2.0,0.0,1.0,1.0,4.0,4.0,6.0,6.0,0.0,1.0,1.0,10.0,0.0,1.0,16.0,6.0,2.0,14.0,4.0,1.0
113,96.0,0.0,588.0,11.0,960.0,1135.0,4.0,1143.0,703.0,1323.0,826.0,2.0,471.0,833.0,883.0,3384.0,0.0,925.0,68.0,386.0,55.0
119,2.0,1.0,2.0,45.0,0.0,0.0,4.0,12.0,5.0,4.0,4.0,3.0,14.0,3.0,3.0,4.0,1.0,5.0,3.0,5.0,2.0
124,25.0,0.0,44.0,24.0,20.0,17.0,15.0,97.0,62.0,111.0,87.0,0.0,143.0,10.0,80.0,50.0,0.0,77.0,87.0,11.0,29.0
128,0.0,0.0,3.0,3.0,1.0,143.0,17.0,476.0,265.0,133.0,2.0,0.0,8.0,1.0,0.0,976.0,6.0,341.0,290.0,85.0,45.0
132,13.0,7.0,20.0,1.0,2.0,118.0,92.0,1398.0,843.0,626.0,51.0,7.0,110.0,17.0,32.0,861.0,8.0,694.0,600.0,156.0,68.0
133,1.0,0.0,2.0,0.0,1.0,355.0,2.0,303.0,635.0,381.0,1.0,0.0,80.0,0.0,0.0,1627.0,1.0,318.0,470.0,164.0,116.0
136,1.0,1.0,4.0,2.0,0.0,92.0,8.0,21.0,257.0,27.0,1.0,1.0,0.0,0.0,0.0,59.0,4.0,12.0,22.0,10.0,37.0
14,241.0,6.0,357.0,610.0,608.0,137.0,39.0,638.0,567.0,549.0,861.0,2.0,215.0,554.0,466.0,483.0,4.0,379.0,642.0,235.0,146.0
146,517.0,64.0,994.0,671.0,696.0,1091.0,6512.0,1469.0,2662.0,1241.0,1335.0,20.0,2284.0,351.0,888.0,4874.0,519.0,1537.0,1784.0,645.0,441.0
15,286.0,1.0,321.0,218.0,198.0,167.0,145.0,279.0,614.0,258.0,1861.0,0.0,88.0,197.0,269.0,737.0,86.0,251.0,409.0,133.0,82.0
151,0.0,0.0,2.0,1.0,2.0,5.0,1.0,26.0,16.0,35.0,1.0,0.0,5.0,2.0,0.0,12.0,3.0,6.0,18.0,6.0,4.0
153,0.0,0.0,77.0,1.0,0.0,414.0,11.0,532.0,640.0,527.0,4.0,0.0,124.0,0.0,0.0,1444.0,367.0,629.0,808.0,224.0,96.0
17,0.0,5.0,0.0,9.0,3.0,1.0,0.0,5.0,3.0,3.0,1.0,0.0,10.0,3.0,1.0,1.0,0.0,3.0,2.0,1.0,2.0
171,10.0,0.0,32.0,31.0,7.0,32.0,42.0,79.0,18.0,22.0,19.0,1.0,19.0,17.0,27.0,289.0,13.0,24.0,182.0,12.0,21.0
175,0.0,0.0,0.0,0.0,0.0,11.0,8.0,10.0,72.0,29.0,0.0,0.0,1.0,0.0,1.0,14.0,1.0,4.0,30.0,9.0,7.0
180,5.0,0.0,19.0,1.0,0.0,316.0,1846.0,1475.0,409.0,490.0,5.0,1.0,36.0,0.0,0.0,1412.0,2516.0,920.0,162.0,343.0,85.0
180_2,9.0,0.0,49.0,5.0,19.0,1043.0,86.0,1203.0,1565.0,1464.0,9.0,8.0,716.0,3.0,4.0,3764.0,36.0,1767.0,1155.0,513.0,630.0
185,12.0,3.0,11.0,16.0,8.0,2.0,6.0,13.0,12.0,9.0,26.0,0.0,25.0,8.0,14.0,4.0,2.0,8.0,5.0,4.0,0.0
187,0.0,0.0,4.0,0.0,0.0,6.0,24.0,58.0,150.0,60.0,2.0,1.0,13.0,0.0,0.0,34.0,3.0,41.0,41.0,34.0,4.0
188,3.0,6.0,5.0,3.0,1.0,5.0,5.0,16.0,13.0,10.0,0.0,24.0,7.0,5.0,1.0,12.0,1.0,15.0,18.0,30.0,7.0
192,3.0,36.0,6.0,17.0,5.0,23.0,117.0,88.0,150.0,43.0,11.0,43.0,17.0,5.0,4.0,15.0,72.0,71.0,58.0,26.0,29.0
20,0.0,0.0,2.0,1.0,0.0,5.0,0.0,15.0,33.0,51.0,0.0,1.0,6.0,1.0,0.0,18.0,0.0,26.0,10.0,2.0,3.0
209,0.0,0.0,4.0,2.0,2.0,45.0,23.0,135.0,275.0,50.0,5.0,0.0,20.0,3.0,1.0,95.0,6.0,35.0,82.0,23.0,90.0
210,2.0,0.0,5.0,2.0,4.0,12.0,10.0,23.0,51.0,18.0,2.0,0.0,3.0,0.0,2.0,65.0,2.0,14.0,165.0,13.0,57.0
226,22.0,2.0,3.0,23.0,3.0,7.0,2.0,9.0,39.0,7.0,76.0,1.0,151.0,87.0,44.0,8.0,3.0,16.0,32.0,9.0,20.0
235,0.0,3.0,8.0,7.0,0.0,93.0,32.0,262.0,369.0,195.0,1.0,1.0,10.0,2.0,0.0,384.0,4.0,479.0,112.0,182.0,44.0
240,4.0,0.0,2.0,0.0,0.0,5.0,5.0,9.0,2.0,3.0,0.0,0.0,2.0,0.0,0.0,3.0,13.0,13.0,3.0,3.0,0.0
248,4.0,0.0,3.0,2.0,4.0,6.0,2.0,19.0,11.0,2.0,4.0,0.0,3.0,5.0,0.0,8.0,2.0,2.0,25.0,7.0,3.0
250,2.0,2.0,3.0,1.0,7.0,12.0,0.0,31.0,28.0,34.0,0.0,0.0,5.0,0.0,2.0,51.0,0.0,8.0,144.0,23.0,70.0
252,114.0,4.0,4.0,61.0,273.0,6.0,18.0,31.0,3.0,9.0,53.0,0.0,16.0,59.0,32.0,14.0,20.0,9.0,2.0,0.0,9.0
253,18.0,2.0,16.0,9.0,12.0,21.0,2.0,59.0,45.0,125.0,104.0,2.0,53.0,37.0,27.0,52.0,6.0,51.0,91.0,19.0,7.0
254,2.0,2.0,2.0,3.0,0.0,107.0,15.0,71.0,83.0,117.0,3.0,2.0,5.0,1.0,0.0,468.0,116.0,84.0,181.0,44.0,91.0
257,0.0,0.0,2.0,0.0,0.0,8.0,0.0,16.0,10.0,8.0,0.0,2.0,10.0,1.0,0.0,21.0,2.0,12.0,26.0,5.0,16.0
258,78.0,0.0,48.0,62.0,67.0,35.0,3.0,51.0,59.0,43.0,222.0,2.0,58.0,37.0,64.0,228.0,2.0,67.0,71.0,48.0,32.0
27,14.0,2.0,22.0,11.0,13.0,0.0,1.0,6.0,9.0,61.0,19.0,0.0,8.0,1.0,14.0,12.0,2.0,10.0,10.0,18.0,20.0
270,0.0,0.0,0.0,0.0,0.0,0.0,13.0,0.0,2.0,1.0,0.0,0.0,0.0,0.0,0.0,0.0,6.0,5.0,1.0,1.0,3.0
271,1.0,1.0,1.0,0.0,0.0,113.0,7.0,95.0,28.0,238.0,3.0,0.0,5.0,0.0,0.0,377.0,0.0,358.0,49.0,41.0,31.0
272,1.0,0.0,1.0,2.0,0.0,7.0,0.0,10.0,2.0,5.0,2.0,0.0,1.0,1.0,1.0,12.0,0.0,2.0,9.0,3.0,0.0
277,1.0,0.0,0.0,1.0,2.0,0.0,1.0,9.0,3.0,1.0,0.0,0.0,3.0,0.0,0.0,2.0,0.0,0.0,2.0,0.0,0.0
286,5.0,5.0,8.0,1.0,29.0,3.0,0.0,19.0,13.0,5.0,4.0,5.0,7.0,9.0,7.0,20.0,1.0,5.0,13.0,7.0,3.0
289,1.0,0.0,0.0,1.0,0.0,20.0,35.0,66.0,126.0,124.0,0.0,1.0,0.0,1.0,1.0,53.0,21.0,47.0,94.0,26.0,31.0
29,0.0,2.0,19.0,8.0,0.0,135.0,0.0,36.0,17.0,173.0,2.0,0.0,13.0,5.0,1.0,1090.0,2.0,213.0,8.0,423.0,71.0
291,1.0,0.0,0.0,3.0,0.0,2.0,17.0,3.0,4.0,3.0,1.0,0.0,1.0,1.0,0.0,4.0,9.0,5.0,5.0,4.0,2.0
294,3.0,3.0,3.0,17.0,1.0,4.0,8.0,35.0,49.0,4.0,1.0,0.0,4.0,4.0,1.0,7.0,6.0,35.0,33.0,6.0,9.0
296,0.0,2.0,3.0,0.0,0.0,51.0,161.0,79.0,47.0,68.0,0.0,0.0,43.0,0.0,0.0,166.0,46.0,48.0,87.0,22.0,61.0
299,1.0,0.0,1.0,1.0,0.0,133.0,0.0,130.0,61.0,131.0,3.0,0.0,1.0,0.0,2.0,441.0,6.0,130.0,166.0,171.0,20.0
307,6.0,1.0,2.0,1.0,9.0,85.0,1.0,21.0,42.0,16.0,7.0,0.0,4.0,0.0,2.0,40.0,0.0,99.0,268.0,26.0,21.0
308,4.0,0.0,1.0,2.0,3.0,0.0,3.0,3.0,5.0,2.0,4.0,0.0,5.0,1.0,2.0,3.0,2.0,4.0,6.0,3.0,2.0
31,37.0,0.0,1.0,3.0,6.0,4.0,26.0,3.0,8.0,20.0,11.0,0.0,11.0,20.0,36.0,14.0,3.0,3.0,3.0,2.0,5.0
311,0.0,0.0,0.0,1.0,1.0,2.0,5.0,11.0,11.0,7.0,1.0,0.0,2.0,1.0,2.0,8.0,9.0,8.0,5.0,5.0,0.0
312,26.0,56.0,207.0,197.0,25.0,15.0,6.0,18.0,10.0,17.0,31.0,1.0,85.0,58.0,102.0,19.0,19.0,16.0,35.0,91.0,10.0
32,0.0,0.0,0.0,0.0,0.0,1.0,0.0,3.0,2.0,0.0,0.0,0.0,1.0,0.0,0.0,3.0,0.0,0.0,0.0,0.0,0.0
320,88.0,2.0,105.0,148.0,284.0,370.0,77.0,482.0,540.0,618.0,372.0,1.0,283.0,70.0,376.0,1492.0,328.0,461.0,763.0,236.0,229.0
323,21.0,6.0,11.0,15.0,2.0,7.0,19.0,11.0,15.0,7.0,3.0,3.0,16.0,8.0,19.0,21.0,33.0,20.0,19.0,24.0,8.0
325,2.0,3.0,4.0,7.0,2.0,310.0,12.0,284.0,442.0,341.0,7.0,2.0,36.0,4.0,0.0,1047.0,137.0,304.0,46.0,154.0,68.0
33,0.0,0.0,6.0,0.0,0.0,61.0,4.0,569.0,293.0,291.0,0.0,0.0,20.0,1.0,0.0,385.0,8.0,199.0,358.0,76.0,72.0
335,18.0,1.0,21.0,51.0,12.0,29.0,4.0,57.0,187.0,91.0,68.0,1.0,43.0,62.0,42.0,81.0,3.0,28.0,52.0,18.0,33.0
336,7.0,1.0,5.0,12.0,2.0,45.0,7.0,67.0,57.0,12.0,10.0,0.0,84.0,6.0,9.0,83.0,0.0,30.0,57.0,23.0,31.0
337,4.0,2.0,8.0,1.0,3.0,184.0,166.0,187.0,187.0,317.0,6.0,2.0,45.0,6.0,0.0,805.0,266.0,541.0,655.0,138.0,152.0
339,14.0,1.0,21.0,0.0,16.0,6.0,2955.0,24.0,5.0,9.0,66.0,0.0,17.0,12.0,0.0,2.0,1174.0,321.0,18.0,22.0,15.0
347,2.0,0.0,1.0,2.0,0.0,1.0,1.0,11.0,4.0,19.0,0.0,1.0,9.0,1.0,0.0,7.0,0.0,5.0,4.0,3.0,9.0
348,19.0,8.0,4.0,12.0,8.0,16.0,14.0,52.0,63.0,34.0,23.0,0.0,27.0,3.0,35.0,35.0,2.0,27.0,30.0,7.0,32.0
350,1910.0,138.0,457.0,1171.0,555.0,359.0,42.0,737.0,526.0,153.0,2242.0,42.0,812.0,632.0,1207.0,1013.0,3.0,493.0,357.0,173.0,85.0
354,3.0,0.0,2.0,8.0,0.0,51.0,1.0,43.0,457.0,82.0,4.0,0.0,10.0,3.0,0.0,871.0,0.0,504.0,193.0,15.0,31.0
358,1.0,0.0,3.0,3.0,7.0,2.0,4.0,11.0,4.0,2.0,6.0,0.0,3.0,5.0,0.0,2.0,3.0,12.0,7.0,6.0,1.0
359,121.0,10.0,4.0,40.0,36.0,86.0,5.0,50.0,17.0,15.0,17.0,2.0,19.0,29.0,101.0,768.0,4.0,44.0,6.0,54.0,21.0
36,10.0,1.0,1.0,7.0,3.0,1.0,8.0,1.0,0.0,1.0,1.0,0.0,1.0,10.0,0.0,5.0,3.0,3.0,4.0,0.0,0.0
364,4.0,6.0,0.0,10.0,0.0,10.0,31128.0,0.0,19.0,12.0,1.0,15.0,0.0,3.0,0.0,41.0,3274.0,878.0,20.0,4.0,5.0
375,9.0,0.0,17.0,1.0,5.0,43.0,3.0,62.0,80.0,71.0,19.0,3.0,12.0,18.0,0.0,387.0,1.0,195.0,224.0,71.0,16.0
383,2.0,4.0,3.0,1.0,5.0,17.0,31.0,183.0,14.0,44.0,1.0,0.0,5.0,4.0,0.0,37.0,31.0,28.0,32.0,33.0,17.0
385,3.0,2.0,0.0,2.0,6.0,1.0,4.0,1.0,3.0,5.0,4.0,3.0,3.0,1.0,0.0,3.0,1.0,0.0,3.0,3.0,0.0
392,1.0,2.0,3.0,4.0,1.0,188.0,154.0,266.0,738.0,396.0,0.0,2.0,4.0,0.0,0.0,707.0,40.0,299.0,190.0,106.0,87.0
397,0.0,0.0,8.0,1.0,0.0,2.0,0.0,9.0,17.0,25.0,1.0,0.0,1.0,2.0,0.0,31.0,1.0,19.0,43.0,25.0,60.0
399,1.0,143.0,6.0,4.0,2.0,212.0,134.0,114.0,433.0,296.0,2.0,74.0,28.0,11.0,0.0,845.0,9.0,167.0,299.0,109.0,72.0
40,38.0,2.0,8.0,47.0,49.0,2.0,2.0,25.0,3.0,26.0,186.0,0.0,89.0,22.0,7.0,18.0,1.0,11.0,10.0,10.0,4.0
400,95.0,2.0,257.0,5971.0,264.0,51.0,9.0,82.0,100.0,62.0,669.0,0.0,500.0,4162.0,425.0,191.0,1.0,60.0,57.0,18.0,72.0
406,8.0,6.0,1.0,1.0,0.0,53.0,20.0,180.0,259.0,119.0,1.0,0.0,1.0,0.0,0.0,74.0,5.0,113.0,213.0,74.0,74.0
408,0.0,0.0,0.0,0.0,0.0,20.0,4.0,65.0,58.0,68.0,1.0,0.0,0.0,0.0,0.0,23.0,0.0,16.0,21.0,23.0,8.0
409,260.0,2.0,71.0,259.0,406.0,158.0,633.0,68.0,337.0,170.0,274.0,1.0,211.0,109.0,527.0,175.0,3.0,56.0,467.0,59.0,98.0
40_2,1.0,1.0,2.0,1.0,11.0,1.0,1.0,1.0,5.0,2.0,2.0,0.0,4.0,4.0,2.0,3.0,0.0,1.0,3.0,1.0,2.0
412,80.0,0.0,4.0,15.0,38.0,203.0,18.0,279.0,11.0,29.0,17.0,0.0,12.0,15.0,1.0,353.0,12.0,155.0,175.0,5.0,11.0
418,0.0,0.0,0.0,2.0,0.0,1.0,0.0,6.0,3.0,3.0,3.0,0.0,1.0,0.0,0.0,2.0,1.0,3.0,3.0,4.0,1.0
419,2.0,1.0,21.0,10.0,26.0,149.0,0.0,538.0,240.0,236.0,31.0,0.0,284.0,0.0,8.0,847.0,0.0,333.0,500.0,98.0,65.0
420,2.0,1.0,0.0,0.0,0.0,5.0,3.0,17.0,18.0,4.0,3.0,0.0,0.0,0.0,0.0,6.0,1.0,9.0,11.0,8.0,8.0
421,114.0,4.0,131.0,244.0,272.0,216.0,247.0,711.0,360.0,341.0,320.0,4193.0,603.0,63.0,250.0,1197.0,50.0,208.0,668.0,214.0,67.0
426,13.0,31.0,12.0,100.0,3.0,64.0,78.0,40.0,66.0,283.0,8.0,3.0,29.0,22.0,8.0,204.0,58.0,230.0,126.0,83.0,4.0
43,1.0,0.0,0.0,0.0,0.0,0.0,0.0,3.0,2.0,0.0,1.0,0.0,0.0,0.0,0.0,0.0,2.0,1.0,1.0,0.0,2.0
431,1.0,1.0,2.0,1.0,2.0,100.0,164.0,161.0,220.0,283.0,1.0,1.0,19.0,0.0,0.0,132.0,20.0,101.0,306.0,99.0,34.0
433,191.0,1.0,50.0,11.0,2.0,28.0,9.0,16.0,75.0,40.0,97.0,0.0,28.0,5.0,13.0,82.0,209.0,66.0,46.0,13.0,23.0
434,29.0,2.0,402.0,21.0,101.0,94.0,8.0,336.0,145.0,510.0,163.0,4.0,93.0,27.0,161.0,447.0,0.0,309.0,63.0,348.0,53.0
437,28.0,7.0,9.0,29.0,33.0,4.0,8.0,10.0,12.0,8.0,65.0,1.0,62.0,34.0,29.0,68.0,8.0,10.0,12.0,9.0,13.0
438,0.0,0.0,1.0,0.0,3.0,6.0,212.0,19.0,13.0,4.0,2.0,0.0,0.0,0.0,2.0,45.0,36.0,20.0,20.0,4.0,36.0
439,1.0,8.0,3.0,1.0,1.0,178.0,96.0,949.0,851.0,70.0,1.0,13.0,4.0,0.0,0.0,1099.0,36.0,468.0,493.0,68.0,34.0
43_ref1,2.0,0.0,1.0,3.0,2.0,22.0,48.0,1.0,3.0,2.0,3.0,1.0,3.0,3.0,0.0,77.0,96.0,23.0,0.0,2.0,649.0
43_ref2,5.0,0.0,3.0,12.0,6.0,47.0,2.0,9.0,11.0,16.0,10.0,0.0,20.0,2.0,4.0,227.0,2.0,12.0,9.0,31.0,885.0
442,15.0,1.0,17.0,37.0,14.0,6.0,5.0,16.0,23.0,10.0,29.0,1.0,34.0,14.0,5.0,9.0,3.0,8.0,9.0,13.0,2.0
444,0.0,0.0,1.0,1.0,1.0,1.0,0.0,3.0,2.0,4.0,0.0,0.0,0.0,2.0,0.0,2.0,0.0,3.0,0.0,1.0,0.0
446,1.0,8.0,19.0,4.0,3.0,81.0,52.0,301.0,697.0,540.0,2.0,9.0,5.0,2.0,0.0,1999.0,108.0,435.0,1724.0,193.0,52.0
45,3.0,0.0,2.0,3.0,0.0,5.0,8.0,23.0,12.0,13.0,4.0,1.0,7.0,6.0,0.0,15.0,2.0,10.0,23.0,13.0,2.0
450,5.0,8.0,2.0,14.0,1.0,19.0,21.0,76.0,85.0,42.0,1.0,10.0,5.0,0.0,1.0,330.0,7.0,51.0,80.0,13.0,31.0
452,5.0,4.0,3.0,20.0,0.0,4.0,42.0,17.0,48.0,8.0,3.0,2.0,5.0,5.0,0.0,33.0,35.0,15.0,15.0,12.0,14.0
458,2.0,1.0,3.0,0.0,0.0,33.0,4.0,43.0,85.0,90.0,2.0,4.0,5.0,0.0,0.0,125.0,1.0,35.0,113.0,73.0,84.0
459,114.0,11.0,114.0,39.0,67.0,50.0,7.0,106.0,206.0,71.0,385.0,0.0,889.0,37.0,101.0,333.0,3.0,68.0,208.0,46.0,54.0
460,436.0,600.0,234.0,389.0,336.0,422.0,72.0,1267.0,782.0,559.0,1436.0,361.0,1709.0,94.0,351.0,1649.0,60.0,555.0,508.0,293.0,232.0
466,6.0,0.0,4.0,6.0,13.0,5.0,7.0,16.0,16.0,9.0,4.0,2.0,13.0,5.0,2.0,10.0,2.0,10.0,14.0,8.0,12.0
468,277.0,74.0,373.0,625.0,216.0,228.0,101.0,709.0,631.0,421.0,1093.0,0.0,2118.0,444.0,982.0,1057.0,9.0,412.0,458.0,172.0,125.0
470,79.0,5.0,33.0,22.0,28.0,4.0,11.0,20.0,30.0,6.0,58.0,14.0,88.0,15.0,52.0,22.0,17.0,17.0,22.0,11.0,19.0
473,2.0,1.0,7.0,3.0,2.0,32.0,14.0,43.0,91.0,68.0,6.0,1.0,32.0,4.0,1.0,203.0,6.0,93.0,84.0,55.0,54.0
475,8.0,7.0,137.0,10.0,12.0,2152.0,1464.0,6885.0,5806.0,5009.0,58.0,9.0,431.0,30.0,1.0,11388.0,214.0,7539.0,5975.0,2064.0,852.0
476,5.0,5.0,41.0,1.0,2.0,573.0,145.0,2520.0,1530.0,3352.0,9.0,0.0,81.0,5.0,1.0,2212.0,3412.0,2296.0,3246.0,712.0,375.0
48,4.0,5.0,9.0,26.0,5.0,95.0,70.0,247.0,156.0,151.0,4.0,4.0,30.0,7.0,1.0,433.0,6.0,106.0,115.0,64.0,156.0
485,88.0,4.0,1016.0,15.0,10.0,308.0,1.0,69.0,35.0,65.0,241.0,0.0,1210.0,20.0,5.0,1196.0,0.0,338.0,43.0,66.0,43.0
486,23.0,1.0,7.0,4.0,4.0,6.0,5.0,21.0,36.0,50.0,40.0,1.0,29.0,6.0,15.0,12.0,4.0,65.0,21.0,21.0,4.0
491,43.0,2.0,27.0,22.0,19.0,20.0,10.0,74.0,194.0,114.0,37.0,2.0,87.0,17.0,24.0,145.0,2.0,80.0,88.0,63.0,54.0
493,11.0,1.0,5.0,7.0,23.0,6.0,6.0,19.0,15.0,12.0,17.0,2.0,206.0,5.0,37.0,11.0,0.0,10.0,23.0,9.0,35.0
495,3.0,0.0,14.0,1.0,2.0,147.0,733.0,186.0,132.0,257.0,9.0,0.0,29.0,0.0,0.0,730.0,11.0,202.0,242.0,77.0,166.0
50,2.0,0.0,47.0,32.0,6.0,7.0,14.0,53.0,13.0,7.0,13.0,3.0,131.0,9.0,3.0,14.0,0.0,18.0,48.0,10.0,4.0
503,2.0,0.0,9.0,1.0,2.0,228.0,32.0,312.0,255.0,219.0,3.0,0.0,4.0,2.0,2.0,888.0,77.0,128.0,645.0,120.0,53.0
507,0.0,3.0,8.0,2.0,0.0,466.0,18.0,926.0,258.0,321.0,3.0,0.0,11.0,1.0,0.0,2417.0,2.0,753.0,296.0,268.0,115.0
508,3.0,4.0,1.0,4.0,1.0,18.0,26.0,7.0,12.0,19.0,1.0,3.0,4.0,2.0,0.0,34.0,24.0,29.0,24.0,4.0,41.0
52,2.0,0.0,1.0,5.0,0.0,5.0,14.0,5.0,4.0,4.0,2.0,1.0,6.0,1.0,2.0,13.0,3.0,10.0,19.0,0.0,9.0
520,0.0,0.0,2.0,1.0,2.0,4.0,0.0,13.0,11.0,10.0,5.0,0.0,11.0,0.0,0.0,5.0,1.0,9.0,9.0,1.0,4.0
521,6.0,0.0,16.0,5.0,5.0,67.0,14.0,202.0,104.0,241.0,9.0,2.0,93.0,6.0,2.0,88.0,5.0,90.0,566.0,33.0,25.0
522,8.0,3.0,12.0,33.0,7.0,211.0,1527.0,595.0,541.0,159.0,18.0,4.0,41.0,7.0,2.0,859.0,14.0,332.0,593.0,81.0,64.0
523,2329.0,108.0,1197.0,1394.0,739.0,973.0,145.0,1357.0,1830.0,1106.0,2653.0,86.0,2400.0,826.0,1205.0,4127.0,113.0,1599.0,2583.0,537.0,334.0
524,1035.0,268.0,197.0,486.0,387.0,207.0,608.0,916.0,973.0,1445.0,1521.0,155.0,1068.0,197.0,725.0,853.0,411.0,632.0,401.0,409.0,63.0
525,1794.0,95.0,546.0,532.0,421.0,602.0,13555.0,1169.0,790.0,400.0,2672.0,407.0,1297.0,231.0,417.0,2696.0,2210.0,1206.0,1092.0,203.0,146.0
531,9.0,2.0,2.0,12.0,4.0,4.0,4.0,5.0,8.0,7.0,5.0,5.0,6.0,3.0,3.0,7.0,0.0,6.0,3.0,3.0,7.0
532,4.0,2.0,2.0,10.0,4.0,2.0,2.0,6.0,14.0,7.0,9.0,1.0,6.0,3.0,1.0,3.0,3.0,11.0,4.0,6.0,2.0
535,7835.0,1961.0,1632.0,4999.0,2553.0,1055.0,1892.0,2090.0,1821.0,1345.0,14427.0,222.0,4000.0,1759.0,4163.0,3329.0,17.0,883.0,3019.0,645.0,445.0
538,328.0,13.0,547.0,492.0,275.0,493.0,408.0,1555.0,982.0,1226.0,720.0,787.0,2146.0,282.0,571.0,2402.0,20.0,1048.0,738.0,289.0,151.0
539,4196.0,332.0,4874.0,3546.0,2388.0,1611.0,597.0,4734.0,1410.0,2172.0,5766.0,98.0,14989.0,1415.0,2634.0,6305.0,124.0,2436.0,2396.0,953.0,396.0
540,552.0,44.0,343.0,345.0,315.0,209.0,1224.0,674.0,708.0,427.0,1360.0,75.0,1088.0,286.0,460.0,1032.0,35.0,566.0,467.0,304.0,252.0
541,21.0,3.0,6.0,25.0,3.0,271.0,7.0,335.0,743.0,153.0,7.0,1.0,4.0,2.0,7.0,810.0,1.0,56.0,301.0,112.0,27.0
543,4.0,0.0,1.0,16.0,2.0,3.0,4.0,5.0,3.0,10.0,8.0,0.0,14.0,0.0,1.0,3.0,1.0,7.0,3.0,5.0,11.0
545,46.0,619.0,37.0,120.0,98.0,15.0,17.0,118.0,115.0,48.0,136.0,332.0,95.0,68.0,141.0,155.0,28.0,124.0,54.0,42.0,38.0
546,2.0,1.0,4.0,4.0,2.0,215.0,1437.0,676.0,719.0,693.0,6.0,6.0,51.0,1.0,1.0,922.0,1.0,290.0,980.0,149.0,76.0
557,5.0,3.0,10.0,4.0,5.0,76.0,3.0,102.0,279.0,381.0,14.0,0.0,9.0,6.0,5.0,360.0,5.0,156.0,652.0,84.0,38.0
559,130.0,7.0,491.0,147.0,8.0,156.0,9.0,690.0,1435.0,2434.0,73.0,3.0,141.0,22.0,472.0,391.0,33.0,1062.0,753.0,46.0,27.0
564,17.0,19.0,14.0,27.0,7.0,11.0,39.0,22.0,30.0,24.0,9.0,5.0,24.0,4.0,3.0,28.0,5.0,37.0,27.0,11.0,26.0
567,16.0,1.0,10.0,6.0,20.0,72.0,34.0,228.0,52.0,80.0,34.0,3.0,32.0,53.0,12.0,510.0,2.0,215.0,61.0,36.0,64.0
57,3.0,0.0,3.0,11.0,2.0,12.0,35195.0,14.0,41.0,9.0,5.0,1.0,1.0,5.0,2.0,97.0,3472.0,903.0,49.0,9.0,20.0
571,57.0,4.0,49.0,41.0,183.0,22.0,56.0,56.0,68.0,31.0,98.0,3.0,359.0,42.0,112.0,94.0,2.0,52.0,152.0,33.0,30.0
574,2.0,0.0,1.0,2.0,1.0,14.0,17.0,12.0,12.0,40.0,1.0,0.0,14.0,1.0,0.0,28.0,0.0,23.0,14.0,17.0,25.0
576,1.0,9.0,5.0,3.0,2.0,7.0,1.0,23.0,19.0,14.0,5.0,0.0,5.0,4.0,0.0,23.0,2.0,11.0,16.0,8.0,12.0
578,389.0,4253.0,447.0,744.0,680.0,863.0,142.0,1410.0,1633.0,1325.0,869.0,3315.0,1462.0,265.0,1071.0,3326.0,270.0,1376.0,1664.0,774.0,145.0
58,5.0,0.0,2.0,2.0,0.0,3.0,9.0,9.0,23.0,2.0,4.0,0.0,2.0,1.0,0.0,6.0,4.0,2.0,19.0,1.0,53.0
581,2.0,1.0,1.0,0.0,0.0,219.0,20.0,758.0,121.0,491.0,4.0,3.0,6.0,3.0,1.0,1194.0,5.0,479.0,550.0,238.0,118.0
586,14.0,13.0,8.0,21.0,7.0,207.0,188.0,176.0,741.0,336.0,9.0,5.0,21.0,3.0,8.0,745.0,29.0,195.0,173.0,162.0,166.0
588,54.0,0.0,24.0,30.0,55.0,33.0,49.0,57.0,74.0,82.0,127.0,4.0,26.0,45.0,27.0,53.0,18.0,72.0,89.0,24.0,31.0
589,2.0,20.0,5.0,4.0,4.0,453.0,60.0,470.0,668.0,800.0,2.0,11.0,9.0,5.0,3.0,1683.0,26.0,566.0,906.0,285.0,313.0
590,3.0,0.0,2.0,25.0,4.0,20.0,14.0,64.0,71.0,30.0,10.0,0.0,20.0,6.0,1.0,48.0,13.0,36.0,48.0,27.0,22.0
596,8.0,0.0,23.0,5.0,3.0,933.0,26269.0,6183.0,4889.0,944.0,4.0,0.0,208.0,1.0,2.0,15439.0,3324.0,5964.0,2974.0,4152.0,256.0
598,14.0,33.0,357.0,47.0,54.0,106.0,7.0,207.0,282.0,109.0,109.0,1.0,333.0,12.0,89.0,751.0,22.0,287.0,287.0,120.0,66.0
599,2155.0,31.0,767.0,3300.0,2015.0,595.0,38.0,832.0,807.0,968.0,7222.0,547.0,3269.0,1761.0,4844.0,1677.0,29.0,829.0,1048.0,324.0,395.0
599_ref1,15.0,0.0,5.0,2.0,3.0,184.0,1.0,2.0,6.0,2.0,18.0,0.0,2.0,5.0,0.0,855.0,0.0,19.0,23.0,7.0,416.0
599_ref2,25.0,0.0,1.0,0.0,0.0,223.0,90.0,0.0,3.0,3.0,41.0,0.0,3.0,1.0,0.0,1348.0,0.0,5.0,5.0,4.0,718.0
6,1.0,1.0,4.0,2.0,1.0,139.0,1113.0,1048.0,587.0,364.0,3.0,4.0,31.0,1.0,0.0,820.0,4.0,543.0,440.0,163.0,86.0
60,61.0,0.0,31.0,108.0,67.0,163.0,10.0,75.0,486.0,265.0,202.0,0.0,303.0,58.0,35.0,1208.0,13.0,1016.0,814.0,81.0,49.0
61,1.0,1.0,0.0,0.0,2.0,0.0,0.0,3.0,6.0,2.0,1.0,0.0,3.0,0.0,0.0,0.0,0.0,0.0,1.0,1.0,2.0
611,0.0,2.0,5.0,0.0,2.0,23.0,46.0,43.0,49.0,161.0,0.0,0.0,5.0,3.0,0.0,59.0,9.0,308.0,27.0,43.0,50.0
616,485.0,68.0,660.0,330.0,969.0,299.0,303.0,514.0,928.0,1040.0,1037.0,2.0,2244.0,258.0,615.0,1606.0,30.0,1468.0,556.0,427.0,134.0
619,3.0,2.0,2.0,5.0,5.0,9.0,1.0,18.0,23.0,16.0,6.0,0.0,2.0,4.0,1.0,18.0,0.0,16.0,7.0,16.0,16.0
622,6.0,0.0,9.0,67.0,8.0,932.0,59.0,620.0,945.0,443.0,73.0,0.0,24.0,6.0,4.0,3686.0,1.0,566.0,486.0,412.0,237.0
627,183.0,13.0,112.0,31.0,42.0,133.0,148.0,160.0,403.0,174.0,843.0,54.0,290.0,16.0,231.0,483.0,3.0,338.0,111.0,82.0,95.0
631,635.0,9.0,594.0,546.0,317.0,2848.0,1466.0,1956.0,1795.0,1867.0,1873.0,29.0,2120.0,185.0,375.0,7119.0,48.0,2576.0,3030.0,818.0,348.0
632,50.0,15.0,80.0,135.0,44.0,312.0,109.0,177.0,577.0,281.0,115.0,4.0,245.0,78.0,28.0,1794.0,589.0,1297.0,1231.0,174.0,20.0
636,1.0,0.0,9.0,1.0,2.0,61.0,10.0,53.0,252.0,169.0,1.0,1.0,11.0,7.0,1.0,537.0,0.0,81.0,573.0,163.0,40.0
638,4.0,0.0,6.0,5.0,4.0,4.0,4.0,15.0,21.0,8.0,3.0,0.0,13.0,14.0,11.0,8.0,0.0,15.0,38.0,1.0,26.0
639,28.0,4.0,20.0,85.0,27.0,13.0,18.0,33.0,15.0,20.0,69.0,2.0,99.0,24.0,17.0,14.0,4.0,12.0,17.0,15.0,7.0
64,42.0,3.0,33.0,72.0,39.0,33.0,56.0,76.0,222.0,40.0,62.0,5.0,104.0,49.0,74.0,92.0,21.0,50.0,106.0,27.0,33.0
640,41.0,2.0,31.0,17.0,8.0,73.0,91.0,478.0,496.0,218.0,85.0,0.0,137.0,20.0,22.0,710.0,3.0,370.0,170.0,203.0,46.0
642,2814.0,38.0,729.0,2406.0,1879.0,246.0,11.0,252.0,478.0,365.0,6954.0,6.0,495.0,1038.0,2277.0,1060.0,24.0,314.0,203.0,146.0,63.0
648,677.0,122.0,62.0,430.0,602.0,171.0,7.0,116.0,109.0,246.0,1593.0,32.0,119.0,119.0,415.0,658.0,1.0,48.0,166.0,82.0,82.0
649,2157.0,8.0,2199.0,478.0,767.0,316.0,17.0,350.0,300.0,400.0,2170.0,3760.0,12831.0,465.0,431.0,2213.0,7.0,366.0,155.0,174.0,72.0
65,4.0,0.0,1.0,3.0,0.0,1.0,11.0,22.0,43.0,34.0,6.0,3.0,6.0,1.0,0.0,15.0,10.0,14.0,9.0,13.0,4.0
651,203.0,1.0,5.0,3.0,7.0,11.0,3.0,24.0,19.0,18.0,518.0,2.0,58.0,69.0,7.0,58.0,2.0,26.0,26.0,15.0,15.0
652,137.0,5.0,171.0,125.0,132.0,212.0,198.0,308.0,275.0,477.0,773.0,28.0,287.0,101.0,306.0,1148.0,233.0,413.0,603.0,143.0,223.0
653,30.0,100.0,19.0,40.0,15.0,56.0,30.0,87.0,99.0,87.0,56.0,34.0,92.0,21.0,32.0,122.0,10.0,183.0,130.0,37.0,29.0
657,88.0,24.0,107.0,103.0,119.0,88.0,55.0,1288.0,684.0,408.0,192.0,10.0,340.0,63.0,130.0,348.0,13.0,219.0,380.0,138.0,180.0
658,38.0,0.0,5.0,5.0,12.0,1.0,5.0,15.0,3.0,1.0,24.0,1.0,6.0,1.0,3.0,4.0,0.0,1.0,2.0,4.0,5.0
66,2.0,1.0,0.0,3.0,0.0,8.0,485.0,54.0,51.0,12.0,0.0,0.0,4.0,2.0,0.0,24.0,0.0,25.0,24.0,1.0,11.0
660,30.0,2.0,12.0,18.0,138.0,77.0,8.0,77.0,127.0,120.0,73.0,4.0,33.0,20.0,30.0,19.0,3.0,142.0,77.0,23.0,35.0
666,64.0,441.0,29.0,22.0,31.0,47.0,10.0,256.0,196.0,102.0,226.0,104.0,379.0,27.0,10.0,134.0,13.0,79.0,134.0,41.0,67.0
667,36.0,18.0,57.0,168.0,15.0,67.0,6.0,133.0,119.0,189.0,400.0,19.0,49.0,28.0,48.0,230.0,3.0,41.0,312.0,52.0,32.0
668,8.0,7.0,10.0,15.0,3.0,12.0,4.0,35.0,64.0,19.0,10.0,6.0,17.0,10.0,46.0,22.0,2.0,25.0,14.0,14.0,20.0
673,4935.0,7.0,6024.0,8935.0,5725.0,7138.0,7521.0,15942.0,15178.0,15260.0,10180.0,70.0,13412.0,7822.0,9812.0,35999.0,490.0,14142.0,18836.0,6487.0,15312.0
674,101.0,47.0,368.0,56.0,33.0,883.0,99.0,552.0,175.0,379.0,285.0,38.0,998.0,86.0,27.0,1926.0,9.0,1016.0,965.0,244.0,33.0
676,238.0,14.0,230.0,768.0,476.0,606.0,1337.0,2262.0,1257.0,1082.0,528.0,4.0,615.0,425.0,384.0,2137.0,767.0,1288.0,881.0,517.0,90.0
677,0.0,2.0,3.0,0.0,0.0,10.0,218.0,31.0,8.0,15.0,2.0,4.0,1.0,0.0,0.0,9.0,9.0,16.0,33.0,10.0,9.0
683,0.0,1.0,2.0,2.0,2.0,11.0,0.0,21.0,7.0,7.0,1.0,0.0,3.0,0.0,0.0,9.0,2.0,21.0,28.0,7.0,12.0
685,3.0,1.0,11.0,2.0,2.0,331.0,320.0,802.0,656.0,427.0,2.0,1.0,27.0,1.0,2.0,1588.0,120.0,761.0,537.0,98.0,163.0
689,1404.0,147.0,427.0,820.0,2215.0,28.0,319.0,144.0,184.0,161.0,2586.0,1519.0,3055.0,431.0,2249.0,87.0,2.0,72.0,64.0,71.0,41.0
690,1793.0,46.0,1481.0,188.0,137.0,206.0,6.0,172.0,87.0,233.0,1647.0,3852.0,12132.0,122.0,172.0,1516.0,2.0,256.0,50.0,117.0,17.0
692,1.0,0.0,3.0,0.0,0.0,46.0,24.0,182.0,322.0,203.0,1.0,2.0,3.0,2.0,0.0,203.0,10.0,153.0,167.0,49.0,37.0
693,8.0,11.0,15.0,51.0,22.0,29.0,2.0,65.0,49.0,58.0,28.0,14.0,81.0,44.0,5.0,60.0,1.0,103.0,43.0,29.0,53.0
695,85.0,1.0,126.0,476.0,132.0,24.0,51.0,109.0,154.0,111.0,208.0,3.0,822.0,54.0,41.0,45.0,10.0,227.0,95.0,61.0,29.0
697,3.0,1.0,4.0,1.0,2.0,14.0,35.0,53.0,33.0,20.0,8.0,1.0,16.0,2.0,0.0,22.0,19.0,33.0,53.0,32.0,12.0
7,12.0,4.0,220.0,11.0,6.0,49.0,4.0,70.0,47.0,63.0,4.0,0.0,197.0,7.0,6.0,154.0,11.0,28.0,135.0,13.0,23.0
701,7.0,11.0,17.0,5.0,4.0,522.0,8.0,519.0,118.0,356.0,6.0,3.0,74.0,17.0,0.0,646.0,3.0,263.0,184.0,144.0,125.0
702,1.0,0.0,14.0,4.0,2.0,136.0,181.0,248.0,331.0,355.0,1.0,19.0,12.0,3.0,2.0,1032.0,24.0,301.0,416.0,109.0,213.0
703,4.0,0.0,7.0,3.0,7.0,5.0,0.0,9.0,57.0,13.0,11.0,0.0,8.0,4.0,0.0,4.0,0.0,7.0,131.0,5.0,12.0
705,0.0,0.0,3.0,1.0,0.0,161.0,194.0,215.0,382.0,250.0,0.0,0.0,13.0,0.0,0.0,290.0,2.0,135.0,370.0,94.0,38.0
709,327.0,83.0,868.0,322.0,386.0,253.0,63.0,1205.0,347.0,520.0,968.0,1.0,1346.0,1056.0,1264.0,804.0,2.0,593.0,611.0,324.0,60.0
711,2.0,0.0,0.0,0.0,0.0,6.0,2.0,44.0,5.0,5.0,1.0,0.0,4.0,0.0,1.0,12.0,1.0,8.0,19.0,22.0,5.0
713,699.0,0.0,765.0,196.0,163.0,76.0,41.0,2249.0,558.0,482.0,1824.0,3.0,3601.0,177.0,525.0,388.0,3.0,698.0,215.0,90.0,51.0
715,1.0,4.0,0.0,0.0,0.0,6.0,1.0,17.0,15.0,5.0,3.0,0.0,9.0,2.0,1.0,4.0,3.0,15.0,18.0,11.0,1.0
717,175.0,14.0,237.0,100.0,175.0,134.0,6.0,689.0,392.0,308.0,464.0,1.0,503.0,145.0,225.0,1389.0,10.0,58.0,372.0,157.0,95.0
721,11.0,4.0,14.0,20.0,9.0,63.0,101.0,123.0,261.0,91.0,20.0,4.0,52.0,9.0,3.0,160.0,39.0,262.0,125.0,88.0,81.0
724,12.0,5.0,9.0,18.0,12.0,150.0,1.0,316.0,197.0,75.0,15.0,2.0,39.0,5.0,3.0,246.0,1.0,85.0,56.0,143.0,16.0
727,762.0,48.0,1375.0,2545.0,879.0,308.0,15.0,1497.0,927.0,925.0,2004.0,71.0,5217.0,961.0,1668.0,1608.0,5.0,786.0,657.0,457.0,213.0
729,1700.0,219.0,1206.0,3124.0,300.0,719.0,27.0,1918.0,760.0,624.0,4771.0,81.0,2344.0,847.0,343.0,3726.0,219.0,2022.0,661.0,350.0,223.0
731,24.0,2.0,261.0,5.0,44.0,2636.0,95.0,4603.0,3887.0,3903.0,103.0,2.0,383.0,108.0,3.0,11674.0,236.0,3396.0,3106.0,1784.0,711.0
732,4.0,0.0,9.0,3.0,2.0,102.0,7.0,76.0,104.0,204.0,10.0,2.0,17.0,0.0,1.0,393.0,3.0,145.0,142.0,59.0,60.0
734,739.0,2.0,22.0,52.0,3227.0,21.0,32.0,59.0,226.0,48.0,2840.0,0.0,401.0,1783.0,1249.0,66.0,17.0,32.0,22.0,26.0,28.0
735,1.0,0.0,2.0,0.0,1.0,92.0,17.0,246.0,215.0,177.0,6.0,0.0,13.0,0.0,0.0,595.0,5.0,128.0,94.0,123.0,44.0
738,69.0,339.0,29.0,40.0,43.0,53.0,737.0,289.0,443.0,250.0,325.0,117.0,272.0,5.0,47.0,360.0,10.0,166.0,56.0,150.0,24.0
739,7.0,2.0,26.0,17.0,11.0,807.0,1011.0,1693.0,3257.0,1934.0,16.0,1.0,106.0,18.0,18.0,4333.0,252.0,2071.0,1727.0,1104.0,982.0
740,14.0,1.0,32.0,17.0,16.0,8.0,15.0,44.0,41.0,31.0,31.0,1.0,41.0,62.0,4.0,17.0,10.0,51.0,36.0,28.0,3.0
741,44.0,14.0,41.0,123.0,51.0,4.0,57.0,39.0,53.0,15.0,71.0,12.0,130.0,41.0,17.0,11.0,4.0,25.0,20.0,12.0,6.0
742,35.0,8.0,83.0,115.0,31.0,121.0,3384.0,1145.0,1101.0,455.0,82.0,6.0,442.0,37.0,24.0,341.0,1572.0,673.0,709.0,282.0,142.0
748,13.0,1.0,11.0,11.0,8.0,58.0,152.0,273.0,231.0,342.0,1.0,2.0,14.0,7.0,6.0,303.0,1.0,185.0,439.0,95.0,80.0
749,1.0,1.0,5.0,4.0,4.0,19.0,5.0,36.0,43.0,14.0,1.0,1.0,18.0,1.0,0.0,76.0,2.0,53.0,62.0,12.0,2.0
754,5.0,0.0,42.0,5.0,1.0,73.0,5.0,264.0,251.0,188.0,8.0,3.0,210.0,1.0,0.0,246.0,3.0,197.0,143.0,87.0,50.0
755,0.0,1.0,1.0,1.0,1.0,3.0,1.0,20.0,16.0,16.0,2.0,0.0,4.0,0.0,0.0,7.0,2.0,12.0,11.0,5.0,9.0
756,2005.0,1080.0,951.0,3357.0,1477.0,439.0,142.0,1626.0,919.0,603.0,3909.0,525.0,1470.0,1406.0,2869.0,1077.0,328.0,1338.0,1964.0,560.0,334.0
760,2290.0,35.0,1185.0,660.0,1227.0,326.0,2846.0,1333.0,1705.0,925.0,11670.0,526.0,3729.0,366.0,1642.0,1754.0,22.0,1279.0,614.0,602.0,173.0
77,19.0,141.0,31.0,12.0,16.0,52.0,36.0,49.0,57.0,33.0,43.0,543.0,78.0,53.0,112.0,98.0,13.0,35.0,69.0,12.0,40.0
772,14.0,39.0,67.0,25.0,10.0,18.0,11.0,14.0,67.0,27.0,63.0,44.0,69.0,18.0,24.0,148.0,2.0,19.0,34.0,15.0,30.0
775,4.0,6.0,10.0,3.0,1.0,32.0,20.0,66.0,273.0,151.0,7.0,18.0,63.0,12.0,0.0,270.0,25.0,96.0,62.0,45.0,162.0
778,259.0,4.0,141.0,237.0,876.0,349.0,44.0,650.0,842.0,870.0,562.0,0.0,421.0,192.0,996.0,1264.0,0.0,469.0,933.0,340.0,179.0
78,1.0,0.0,2.0,3.0,1.0,6.0,8.0,71.0,55.0,59.0,0.0,0.0,7.0,0.0,0.0,26.0,3.0,18.0,82.0,19.0,24.0
782,1.0,0.0,4.0,2.0,0.0,13.0,7.0,26.0,134.0,45.0,0.0,0.0,13.0,2.0,0.0,27.0,3.0,44.0,43.0,18.0,21.0
783,19.0,40.0,18.0,11.0,38.0,30.0,12.0,61.0,215.0,79.0,42.0,26.0,102.0,54.0,22.0,359.0,3.0,298.0,83.0,33.0,19.0
784,3.0,7.0,3.0,3.0,2.0,79.0,10.0,171.0,160.0,72.0,2.0,11.0,5.0,1.0,2.0,202.0,1.0,151.0,53.0,61.0,19.0
789,4.0,0.0,3.0,0.0,0.0,36.0,19.0,69.0,105.0,66.0,9.0,4.0,7.0,4.0,0.0,78.0,0.0,52.0,206.0,16.0,19.0
790,20.0,28.0,35.0,48.0,32.0,157.0,71.0,689.0,345.0,286.0,47.0,9.0,115.0,36.0,16.0,1229.0,15.0,590.0,568.0,109.0,150.0
791,15.0,67.0,13.0,62.0,34.0,19.0,99.0,28.0,78.0,60.0,24.0,41.0,33.0,24.0,26.0,61.0,5.0,44.0,48.0,31.0,19.0
795,83.0,5.0,352.0,245.0,50.0,2435.0,24352.0,5136.0,4229.0,4283.0,184.0,12.0,1001.0,223.0,19.0,11609.0,92.0,4089.0,3555.0,2023.0,1123.0
796,2.0,15.0,11.0,4.0,0.0,206.0,177.0,574.0,963.0,551.0,2.0,10.0,15.0,0.0,1.0,760.0,99.0,348.0,919.0,245.0,364.0
797,3.0,6.0,2.0,58.0,2.0,10.0,7.0,15.0,30.0,13.0,7.0,1.0,9.0,3.0,2.0,15.0,5.0,15.0,36.0,6.0,22.0
798,2.0,3.0,12.0,2.0,1.0,798.0,30.0,1999.0,2539.0,1504.0,7.0,5.0,48.0,3.0,0.0,7302.0,45.0,898.0,6001.0,1346.0,718.0
800,1.0,0.0,1.0,0.0,1.0,6.0,2.0,11.0,14.0,9.0,3.0,0.0,2.0,1.0,0.0,13.0,0.0,4.0,4.0,4.0,2.0
801,5.0,48.0,4.0,7.0,3.0,2.0,2.0,10.0,13.0,11.0,4.0,44.0,6.0,1.0,1.0,4.0,0.0,7.0,14.0,1.0,4.0
803,2.0,0.0,1.0,0.0,0.0,23.0,17.0,36.0,38.0,27.0,0.0,0.0,4.0,0.0,0.0,37.0,0.0,70.0,19.0,23.0,11.0
804,18.0,15.0,39.0,330.0,51.0,55.0,9.0,106.0,424.0,150.0,86.0,6.0,69.0,30.0,7.0,437.0,3.0,97.0,64.0,67.0,25.0
805,150.0,43.0,222.0,256.0,348.0,27.0,4.0,94.0,90.0,215.0,502.0,129.0,1429.0,150.0,265.0,118.0,1.0,162.0,132.0,81.0,20.0
807,2.0,0.0,1.0,0.0,1.0,17.0,11.0,33.0,100.0,61.0,1.0,0.0,3.0,0.0,1.0,45.0,2.0,42.0,73.0,34.0,14.0
808,8.0,5.0,9.0,16.0,12.0,43.0,10.0,224.0,171.0,85.0,14.0,2.0,21.0,17.0,8.0,69.0,2.0,41.0,124.0,26.0,24.0
809,342.0,51.0,223.0,602.0,642.0,348.0,318.0,923.0,1319.0,836.0,1104.0,3.0,1016.0,396.0,938.0,1023.0,31.0,885.0,875.0,301.0,222.0
81,29.0,8.0,14.0,15.0,21.0,106.0,23.0,581.0,361.0,362.0,55.0,3.0,27.0,14.0,14.0,615.0,0.0,159.0,259.0,30.0,30.0
811,48.0,11.0,15.0,46.0,30.0,49.0,30.0,53.0,62.0,46.0,36.0,9.0,64.0,72.0,26.0,212.0,7.0,90.0,128.0,64.0,16.0
812,3.0,2.0,6.0,5.0,2.0,3.0,5.0,19.0,11.0,16.0,6.0,12.0,13.0,4.0,1.0,18.0,6.0,17.0,16.0,11.0,4.0
813,37.0,97.0,63.0,170.0,27.0,37.0,21.0,619.0,328.0,366.0,85.0,24.0,164.0,71.0,32.0,78.0,529.0,349.0,89.0,55.0,33.0
819,5.0,2.0,11.0,2.0,1.0,204.0,10.0,526.0,779.0,636.0,2.0,5.0,21.0,4.0,1.0,531.0,12.0,241.0,306.0,218.0,89.0
821,3.0,1.0,3.0,1.0,0.0,99.0,156.0,67.0,217.0,39.0,3.0,2.0,2.0,0.0,0.0,930.0,49.0,74.0,69.0,60.0,55.0
823,12.0,8.0,24.0,28.0,28.0,22.0,20.0,89.0,119.0,67.0,50.0,4.0,98.0,25.0,16.0,56.0,6.0,96.0,56.0,39.0,19.0
830,2.0,0.0,2.0,3.0,1.0,10.0,4.0,31.0,26.0,8.0,0.0,1.0,10.0,0.0,0.0,23.0,6.0,55.0,14.0,11.0,6.0
833,1586.0,58.0,460.0,344.0,283.0,122.0,71.0,772.0,217.0,742.0,3152.0,731.0,1317.0,34.0,327.0,1181.0,291.0,939.0,115.0,171.0,13.0
835,32.0,7.0,78.0,60.0,44.0,63.0,7.0,254.0,147.0,191.0,26.0,4.0,220.0,30.0,10.0,464.0,0.0,107.0,78.0,96.0,24.0
837,82.0,6.0,111.0,78.0,99.0,299.0,82.0,675.0,441.0,433.0,200.0,3.0,180.0,70.0,235.0,1640.0,17.0,212.0,203.0,234.0,98.0
838,27437.0,3989.0,29405.0,38117.0,28360.0,3475.0,8073.0,10725.0,9445.0,12371.0,65453.0,1036.0,70258.0,22764.0,30463.0,14450.0,744.0,10345.0,5939.0,4780.0,1073.0
839,15.0,2.0,21.0,13.0,7.0,32.0,17.0,34.0,27.0,37.0,24.0,0.0,30.0,21.0,3.0,28.0,0.0,22.0,27.0,13.0,7.0
841,68.0,3480.0,218.0,74.0,6.0,56.0,27.0,53.0,100.0,15.0,153.0,4059.0,677.0,56.0,4.0,154.0,33.0,78.0,79.0,20.0,127.0
842,1572.0,622.0,2861.0,3246.0,1884.0,527.0,201.0,713.0,487.0,567.0,3317.0,4022.0,9765.0,625.0,1131.0,1413.0,12.0,541.0,760.0,211.0,254.0
843,6.0,33.0,23.0,35.0,6.0,466.0,591.0,1571.0,2701.0,1091.0,13.0,170.0,61.0,10.0,4.0,2026.0,264.0,1054.0,1855.0,674.0,1373.0
848,1.0,1.0,2.0,1.0,0.0,4.0,3.0,11.0,21.0,6.0,1.0,5.0,6.0,10.0,0.0,3.0,5.0,7.0,15.0,14.0,7.0
850,10.0,7.0,17.0,9.0,3.0,278.0,350.0,597.0,1226.0,699.0,5.0,31.0,39.0,8.0,0.0,1838.0,1545.0,842.0,742.0,251.0,234.0
853,688.0,189.0,1430.0,786.0,198.0,581.0,506.0,2080.0,1505.0,1507.0,920.0,12.0,3908.0,408.0,574.0,1799.0,33.0,744.0,1309.0,430.0,872.0
854,1.0,6.0,0.0,1.0,1.0,5.0,20.0,21.0,19.0,5.0,2.0,6.0,10.0,3.0,0.0,9.0,23.0,11.0,21.0,12.0,8.0
857,6.0,16.0,25.0,12.0,5.0,4711.0,8173.0,8844.0,13391.0,8517.0,10.0,18.0,90.0,5.0,3.0,12784.0,3791.0,16768.0,8637.0,3620.0,782.0
859,105.0,34.0,93.0,427.0,88.0,86.0,8.0,198.0,170.0,166.0,592.0,19.0,818.0,450.0,208.0,190.0,9.0,251.0,220.0,119.0,47.0
860,41.0,31.0,34.0,105.0,25.0,122.0,24.0,226.0,147.0,199.0,59.0,33.0,144.0,41.0,19.0,699.0,54.0,204.0,91.0,168.0,106.0
862,41.0,9.0,78.0,159.0,31.0,28.0,18.0,89.0,74.0,74.0,86.0,42.0,211.0,91.0,14.0,33.0,15.0,71.0,80.0,47.0,43.0
868,2.0,1.0,6.0,6.0,3.0,64.0,773.0,140.0,33.0,57.0,11.0,0.0,22.0,3.0,1.0,243.0,0.0,122.0,238.0,37.0,17.0
869,6.0,0.0,22.0,17.0,81.0,53.0,1.0,55.0,54.0,38.0,65.0,0.0,64.0,10.0,20.0,280.0,8.0,58.0,68.0,66.0,24.0
87,3.0,32.0,5.0,4.0,8.0,148.0,10.0,1655.0,14.0,726.0,8.0,5.0,18.0,5.0,0.0,1133.0,2.0,168.0,370.0,83.0,17.0
870,40.0,2.0,25.0,6.0,10.0,116.0,1.0,225.0,257.0,171.0,129.0,3.0,134.0,19.0,46.0,541.0,1.0,175.0,30.0,70.0,23.0
871,8.0,80.0,34.0,2.0,0.0,22.0,2.0,122.0,280.0,125.0,36.0,14.0,113.0,2.0,0.0,318.0,1.0,150.0,13.0,78.0,17.0
879,0.0,0.0,0.0,0.0,0.0,4.0,4.0,15.0,6.0,29.0,1.0,0.0,0.0,0.0,0.0,20.0,2.0,5.0,16.0,6.0,5.0
880,1.0,0.0,0.0,0.0,2.0,5.0,3.0,8.0,10.0,2.0,0.0,2.0,6.0,2.0,0.0,8.0,0.0,9.0,5.0,4.0,7.0
882,2.0,4.0,3.0,3.0,1.0,6.0,3.0,33.0,30.0,9.0,3.0,5.0,11.0,1.0,1.0,12.0,1.0,25.0,8.0,7.0,5.0
887,2.0,2.0,17.0,0.0,0.0,301.0,29.0,821.0,848.0,362.0,11.0,1.0,42.0,2.0,7.0,1443.0,59.0,487.0,784.0,175.0,76.0
888,161.0,0.0,299.0,87.0,28.0,74.0,3.0,394.0,412.0,73.0,285.0,0.0,157.0,63.0,87.0,290.0,2.0,332.0,163.0,163.0,21.0
89,386.0,174.0,182.0,1681.0,2217.0,86.0,333.0,41.0,117.0,52.0,1110.0,337.0,399.0,544.0,1871.0,467.0,270.0,126.0,203.0,37.0,228.0
892,1.0,0.0,1.0,0.0,0.0,34.0,456.0,441.0,69.0,15.0,0.0,0.0,8.0,1.0,0.0,554.0,449.0,196.0,174.0,87.0,8.0
897,0.0,0.0,0.0,0.0,0.0,1.0,2.0,3.0,3.0,1.0,1.0,1.0,0.0,0.0,0.0,0.0,2.0,2.0,0.0,1.0,0.0
904,0.0,1.0,0.0,0.0,1.0,18.0,1.0,105.0,108.0,4.0,1.0,0.0,13.0,1.0,0.0,28.0,1.0,66.0,21.0,14.0,12.0
91,687.0,51.0,109.0,369.0,194.0,33.0,11816.0,68.0,168.0,100.0,1096.0,288.0,279.0,116.0,333.0,95.0,1556.0,529.0,146.0,42.0,84.0
911,27.0,10.0,29.0,153.0,4.0,29.0,5.0,198.0,121.0,132.0,25.0,23.0,55.0,34.0,27.0,70.0,3.0,61.0,189.0,31.0,16.0
916,507.0,880.0,140.0,576.0,266.0,46.0,2.0,102.0,124.0,102.0,939.0,3.0,216.0,104.0,430.0,371.0,64.0,61.0,53.0,40.0,48.0
923,2.0,2.0,1.0,0.0,0.0,60.0,3.0,105.0,38.0,59.0,1.0,1.0,0.0,0.0,0.0,390.0,1.0,58.0,84.0,73.0,54.0
924,8.0,4.0,7.0,0.0,1.0,426.0,17.0,1135.0,235.0,412.0,3.0,2.0,6.0,1.0,0.0,2013.0,0.0,179.0,386.0,77.0,60.0
930,1.0,0.0,1.0,0.0,0.0,65.0,1.0,250.0,148.0,189.0,0.0,0.0,6.0,0.0,0.0,348.0,24.0,214.0,178.0,70.0,56.0
931,100.0,2.0,42.0,97.0,67.0,39.0,17.0,134.0,170.0,72.0,72.0,2.0,245.0,25.0,73.0,118.0,5.0,190.0,202.0,146.0,30.0
933,1.0,3.0,3.0,8.0,9.0,0.0,4.0,5.0,11.0,1.0,2.0,1.0,3.0,4.0,2.0,2.0,1.0,3.0,4.0,4.0,4.0
936,76.0,891.0,333.0,146.0,51.0,50.0,1843.0,240.0,222.0,149.0,194.0,13.0,2731.0,71.0,67.0,98.0,18.0,105.0,94.0,52.0,65.0
937,1.0,0.0,1.0,3.0,0.0,6.0,4.0,25.0,28.0,10.0,3.0,2.0,3.0,0.0,1.0,7.0,0.0,17.0,20.0,13.0,7.0
939,491.0,46.0,212.0,53.0,43.0,231.0,5.0,771.0,440.0,292.0,561.0,100.0,238.0,299.0,130.0,1092.0,204.0,587.0,1108.0,140.0,26.0
94,77.0,32.0,41.0,394.0,87.0,21.0,3.0,38.0,58.0,17.0,248.0,95.0,68.0,123.0,183.0,36.0,4.0,35.0,71.0,15.0,26.0
941,0.0,0.0,3.0,4.0,2.0,0.0,1.0,4.0,8.0,2.0,2.0,0.0,11.0,0.0,1.0,1.0,1.0,5.0,2.0,5.0,3.0
942,1.0,1.0,0.0,1.0,1.0,0.0,0.0,8.0,10.0,5.0,4.0,0.0,5.0,2.0,0.0,1.0,0.0,4.0,8.0,0.0,1.0
943,17.0,17.0,3.0,9.0,1.0,3.0,4.0,26.0,55.0,42.0,4.0,4.0,3.0,4.0,0.0,4.0,4.0,17.0,35.0,15.0,5.0
945,0.0,2.0,0.0,0.0,0.0,16.0,2.0,29.0,51.0,60.0,0.0,0.0,14.0,0.0,0.0,99.0,0.0,27.0,28.0,24.0,9.0
946,0.0,1.0,0.0,0.0,0.0,21.0,1.0,720.0,158.0,166.0,1.0,0.0,0.0,0.0,0.0,282.0,0.0,62.0,71.0,62.0,2.0
953,1.0,8.0,3.0,2.0,6.0,5.0,2.0,34.0,41.0,27.0,5.0,4.0,8.0,0.0,1.0,6.0,1.0,23.0,13.0,10.0,4.0
957,35.0,1.0,22.0,44.0,98.0,23.0,9.0,46.0,45.0,46.0,65.0,8.0,135.0,28.0,111.0,64.0,1.0,58.0,138.0,43.0,78.0
959,28.0,0.0,631.0,232.0,146.0,2398.0,369.0,7082.0,6438.0,5640.0,20.0,16.0,655.0,48.0,143.0,11666.0,17.0,3564.0,6148.0,2260.0,1415.0
960,1077.0,1.0,1152.0,238.0,696.0,479.0,38.0,3051.0,978.0,932.0,2145.0,0.0,5738.0,167.0,408.0,3451.0,2.0,1218.0,438.0,176.0,69.0
962,5.0,1.0,19.0,1.0,3.0,604.0,0.0,117.0,108.0,27.0,1.0,1.0,12.0,1.0,1.0,452.0,1.0,161.0,51.0,21.0,31.0
966,2.0,0.0,3.0,1.0,2.0,42.0,1.0,73.0,95.0,28.0,3.0,0.0,4.0,2.0,0.0,233.0,1.0,548.0,148.0,39.0,28.0
967,7.0,5.0,17.0,12.0,11.0,74.0,2.0,100.0,103.0,96.0,26.0,0.0,11.0,4.0,6.0,358.0,8.0,169.0,131.0,179.0,35.0
972,27.0,1452.0,219.0,129.0,62.0,24.0,4.0,59.0,62.0,22.0,82.0,1107.0,47.0,140.0,68.0,117.0,25.0,59.0,22.0,12.0,21.0
973,3.0,0.0,10.0,0.0,0.0,29.0,5.0,164.0,174.0,108.0,1.0,0.0,23.0,1.0,0.0,85.0,3.0,113.0,148.0,43.0,50.0
976,0.0,19.0,1.0,1.0,1.0,26.0,58.0,231.0,291.0,105.0,2.0,3.0,11.0,1.0,1.0,61.0,1.0,121.0,151.0,29.0,41.0
980,1.0,22.0,0.0,3.0,3.0,2.0,10.0,18.0,77.0,45.0,3.0,13.0,13.0,1.0,0.0,23.0,0.0,30.0,51.0,43.0,10.0
983,1174.0,12118.0,1317.0,618.0,751.0,164.0,1017.0,133.0,185.0,119.0,2547.0,4381.0,454.0,1216.0,1656.0,1167.0,3.0,196.0,87.0,164.0,32.0
984,5.0,9.0,41.0,4.0,2.0,412.0,520.0,660.0,301.0,657.0,2.0,7.0,66.0,2.0,6.0,1855.0,6.0,382.0,375.0,202.0,205.0
985,1.0,1.0,2.0,0.0,0.0,4.0,8.0,24.0,19.0,14.0,2.0,3.0,5.0,1.0,1.0,11.0,1.0,25.0,8.0,6.0,2.0
987,26.0,2.0,96.0,6.0,9.0,46.0,1.0,123.0,371.0,138.0,26.0,29.0,46.0,5.0,6.0,593.0,1.0,57.0,473.0,34.0,69.0
99,28.0,14.0,36.0,8.0,54.0,178.0,1437.0,270.0,342.0,414.0,44.0,1.0,39.0,10.0,38.0,1097.0,4.0,289.0,237.0,201.0,172.0
991,2.0,2.0,5.0,2.0,1.0,29.0,35.0,155.0,321.0,265.0,2.0,1.0,12.0,0.0,0.0,83.0,2.0,88.0,260.0,82.0,81.0
992,2.0,0.0,1.0,0.0,2.0,74.0,12.0,77.0,210.0,171.0,1.0,0.0,16.0,3.0,0.0,267.0,2.0,95.0,88.0,63.0,55.0
996,91.0,7.0,11.0,6.0,23.0,5.0,144.0,3.0,7.0,16.0,78.0,0.0,4.0,46.0,68.0,41.0,5.0,6.0,55.0,3.0,8.0
998,2.0,2.0,0.0,1.0,1.0,63.0,2.0,17.0,7.0,62.0,1.0,0.0,2.0,2.0,0.0,211.0,3.0,15.0,5.0,14.0,19.0
999,28.0,84.0,50.0,175.0,37.0,3.0,0.0,5.0,91.0,7.0,150.0,253.0,281.0,185.0,41.0,12.0,0.0,4.0,72.0,3.0,14.0
1052,0.0,5.0,1.0,0.0,0.0,0.0,0.0,2.0,2.0,2.0,0.0,3.0,1.0,0.0,0.0,0.0,0.0,1.0,3.0,0.0,1.0
17_2,1.0,0.0,1.0,1.0,0.0,2.0,4.0,44.0,57.0,7.0,0.0,0.0,18.0,1.0,0.0,6.0,2.0,80.0,34.0,16.0,9.0
217,0.0,0.0,0.0,0.0,0.0,1.0,0.0,1.0,2.0,3.0,2.0,0.0,1.0,0.0,0.0,0.0,0.0,1.0,1.0,0.0,0.0
22,3.0,13.0,0.0,7.0,4.0,0.0,1.0,6.0,0.0,3.0,2.0,25.0,2.0,10.0,0.0,1.0,4.0,2.0,4.0,2.0,2.0
292,5.0,4.0,3.0,25.0,2.0,1.0,81.0,7.0,3.0,3.0,3.0,5.0,7.0,1.0,4.0,5.0,56.0,5.0,1.0,2.0,0.0
387,60.0,1.0,14.0,33.0,18.0,9.0,1.0,6.0,12.0,11.0,127.0,2.0,10.0,3.0,25.0,16.0,0.0,3.0,9.0,6.0,14.0
411,5.0,0.0,0.0,3.0,3.0,0.0,0.0,4.0,1.0,1.0,2.0,0.0,5.0,3.0,1.0,0.0,0.0,5.0,1.0,2.0,1.0
44,0.0,0.0,0.0,0.0,0.0,0.0,0.0,2.0,1.0,0.0,0.0,0.0,0.0,0.0,0.0,0.0,0.0,0.0,0.0,0.0,0.0
501,1.0,0.0,0.0,2.0,0.0,2.0,6.0,1.0,7.0,1.0,2.0,1.0,2.0,0.0,1.0,0.0,14.0,0.0,1.0,1.0,1.0
506,3.0,2.0,62.0,2.0,17.0,1.0,2.0,61.0,136.0,43.0,1.0,0.0,359.0,5.0,0.0,11.0,1.0,2.0,11.0,5.0,5.0
59,0.0,0.0,0.0,0.0,0.0,1.0,0.0,5.0,4.0,2.0,0.0,0.0,0.0,0.0,0.0,0.0,0.0,3.0,1.0,0.0,1.0
607,36.0,1.0,11.0,1.0,9.0,11.0,21.0,99.0,11.0,85.0,25.0,0.0,27.0,11.0,27.0,37.0,8.0,21.0,81.0,21.0,25.0
643,4.0,0.0,8.0,1.0,7.0,17.0,1.0,136.0,156.0,203.0,12.0,0.0,2.0,1.0,8.0,76.0,1.0,166.0,6.0,27.0,6.0
753,18.0,10.0,7.0,8.0,15.0,7.0,9.0,19.0,23.0,11.0,6.0,3.0,18.0,5.0,2.0,6.0,4.0,47.0,67.0,16.0,6.0
79,32.0,0.0,10.0,14.0,55.0,7.0,8.0,33.0,36.0,35.0,51.0,0.0,57.0,5.0,40.0,10.0,1.0,20.0,51.0,4.0,3.0
917,0.0,0.0,0.0,0.0,0.0,5.0,2.0,10.0,9.0,3.0,1.0,0.0,1.0,1.0,0.0,6.0,0.0,6.0,7.0,5.0,0.0
956,5.0,12.0,3.0,13.0,9.0,19.0,12.0,15.0,12.0,14.0,1.0,2.0,7.0,5.0,1.0,8.0,0.0,24.0,49.0,12.0,11.0
454,0.0,0.0,0.0,1.0,0.0,1.0,0.0,3.0,2.0,0.0,0.0,0.0,0.0,0.0,0.0,0.0,0.0,2.0,3.0,1.0,0.0
932,8.0,7.0,0.0,1.0,5.0,44.0,15.0,371.0,117.0,130.0,1.0,5.0,3.0,1.0,1.0,238.0,5.0,43.0,159.0,10.0,13.0
