strain_id,ADE17_GIS2_noMTX_noDrug_avg_logratio_Fitness,ADE17_GIS2_MTX_noDrug_avg_logratio_Fitness,ADE17_GIS2_noMTX_5-FC_avg_logratio_Fitness,ADE17_GIS2_MTX_5-FC_avg_logratio_Fitness,ADE17_GIS2_noMTX_Fluconazole_avg_logratio_Fitness,ADE17_GIS2_MTX_Fluconazole_avg_logratio_Fitness,ADE17_GIS2_noMTX_Metformin_avg_logratio_Fitness,ADE17_GIS2_MTX_Metformin_avg_logratio_Fitness,ADE17_GIS2_noMTX_Trifluoperazine_avg_logratio_Fitness,ADE17_GIS2_MTX_Trifluoperazine_avg_logratio_Fitness
1005,1.74854490656047,-2.348316561738487,1.2854609822689707,-1.9880328599524824,-1.1098870280671536,-1.625442268542284,1.2608917800250343,-0.9408635752833645,2.0115211448072463,-2.452732456889437
1007,-0.5791310077458072,-4.933279062459643,-0.2921781304699851,-3.072995360673638,0.009845939280541054,-2.917923518902862,-0.1703564580999985,-2.025826076004521,0.5692597535172146,-3.452732456889437
1013,-3.903060067911918,-5.596244075182073,-3.184858952511063,-4.943479123035489,-4.85781454151074,-6.373369781985869,-3.1945544830579733,-5.1887910887269495,-3.1048891657194417,-5.908178719972444
1016,-1.3328964363568427,-9.799527673570816,0.4517440993046854,-8.646762721424235,-5.11368925824551,-9.576653380374612,-1.6073319673262603,-7.392074687115693,-0.6640280930177003,-9.403943568721765
1018,-1.4754850807924083,-3.683816049219363,0.2317028814434467,-4.05109879986168,-1.296238218998547,-4.3174070871853045,-2.4411796490627404,-2.5350861199899195,-1.375525089155681,-3.941701095694539
1020,0.17791707725494862,0.7691861472358357,-0.20787832848211238,-0.6663432664792431,-2.984356145983295,-2.1941940304172514,-0.6318402759036639,0.3808260181898747,0.058820656073230754,-0.2700412006118992
1025,1.4192429272226152,-4.429645439660241,2.0253870255986097,-3.64256627636015,3.3075115918605302,-5.780720494020195,1.472085136954108,-4.763092169037995,1.2230769554671261,-4.93992801609528
1027,-0.7288654807622043,-9.103204063901956,1.6329962723622051,-7.950439111755373,2.161022789179535,-5.603035344866933,-1.081357307111001,-5.949824529281996,-0.88076844874289,-8.207619959052906
1035,-0.8716122581063854,0.3478421496508932,-0.7849283456224275,0.6101657464492694,-1.6098870280671536,1.5562600968894766,-1.581357307111001,0.10756719434292994,0.21903989444666858,0.5706779714870598
1038,-1.9014231962806667,-4.523565185280553,-1.731913029957239,-4.41453165375914,-4.528415049939301,-7.797867610513779,-2.7875698052246687,-4.930127810131952,-0.9730586450685733,-4.199283278152904
1040,-0.1976131347710477,-4.272553516430085,0.3949483944976382,-4.315947275672883,-3.7578534712443625,-5.321839481345787,-0.6702480744290794,-3.1838154902826084,0.2281862950424654,-3.0816313356232605
1046,-2.8161244311406373,-9.179233439853103,-0.7010274554386479,-8.818949738067099,-1.6946895315556598,-8.9563591466569,-3.551114365372099,-8.27178045339798,-1.9669251781193537,-9.283649335004053
1050,-0.39376670635987104,-3.7109144703518187,-1.2817173928154484,-4.426632315288339,-4.840967733763589,-6.649004224599297,-1.6697369033763119,-3.294500529898065,-0.3995576287496291,-3.640081741960702
1065,-1.676900878610157,-6.706297556866058,-2.1339483867513684,-6.346013855080054,-5.175386772834148,-2.021017011866966,-4.75805326254622,-4.345399272606677,-2.8112651863746265,-6.518232201656431
1069,-1.9484740086732255,-3.471096715594255,-1.7786066750464462,-3.3331790994618693,-2.529745542248177,-1.234449258955221,-2.714647288629842,-2.6106515556367578,-1.2051251848867093,-3.4017993141831218
107,2.118616150110552,-7.498778807226637,2.3571175155608124,-7.43097635580121,3.1141628700099417,-7.068385764391012,2.306339971636883,-2.0941491023420853,2.009297162784465,-8.895675952738165
113,0.298312743335927,-1.3948712639342276,-0.5684486419843744,-2.403070359231326,0.28406425162856225,0.5577188385806238,-0.9466269696143879,-0.04691229558764865,1.4203327735629623,-1.3383231116414966
119,1.0523861951710898,0.1516834382615131,0.5630685609325224,-1.1955516095919043,0.3435582697371056,0.45952023217887217,0.9773714836630871,0.14409892543779174,1.1430383477241435,0.3691956379979254
124,0.3743142900584522,-0.3948712639342275,-1.2294126894280555,-1.1955516095919045,-0.10988702806715361,-1.625442268542284,0.12212479226057972,-0.14838232492278633,1.5964836455284028,-1.6602512065288588
128,-2.368809386159097,-7.902905413416125,-1.7262629323957248,-7.042621711630119,-3.6260680812193753,-7.680031120219922,-3.7087345709314468,-6.495452426961002,-2.007873042924692,-7.507321308567074
132,-0.5079786541133384,-9.48786791413728,-0.5172285187908753,-5.9848831029201515,-4.620744459119621,-6.9725123705805,-1.7269975089440042,-2.1168963433220105,0.0876924772102092,-7.638838511483971
133,2.6613179262341875,-8.589258312915359,2.219990700548162,-7.521455861489933,-0.9948340073811485,-5.647681363565507,2.7721720352393353,-4.225360658345256,3.198512455108716,-5.921513949954404
136,-0.07913100774580711,-3.4332790624596434,-1.5218939397886335,-3.072995360673638,-1.7911720677595078,-2.5494407218197592,-0.0813573071110012,-3.025826076004521,0.42655864408609045,-3.537694957610593
14,-1.6725152635486704,-2.2782277327143565,-2.346356719515194,-2.649226965609067,0.2665336799833024,-2.7071916346837233,-1.3208575861164054,-2.57885030605401,-0.8870221484946418,-1.9924496906366391
146,-1.8945563817404794,-4.588721244757092,-1.4984970621678015,-5.006414569796593,-3.5076915954871852,-4.522800319377062,-2.7972517889812734,-3.659619841300696,-1.5838482329251917,-4.1757760907757735
15,-2.460683387068281,-8.153867394338436,-0.6294099935686485,-7.5860649429130085,-5.046955063583999,-9.223474351502812,-2.877708684298195,-7.0388956582438915,-1.523675056456986,-8.758283289489384
151,-1.2866497573852291,-2.348316561738487,-2.021893939788634,-3.988032859952482,-0.8174057777065754,-1.671996970738025,-1.0226285163369127,-2.2798995278396834,0.011521144807246586,-2.0752887058077025
153,0.6971395037685822,-3.9332790624596434,-0.4106977291204097,-3.0729953606736387,1.7472357307659077,-1.3067273082346382,0.9773714836630871,-1.2333448256439425,0.42655864408609045,-3.245213707250015
17,-2.0325763055500663,-2.9332790624596434,-2.60685644050979,-2.5729953606736387,-1.4023682784277318,-1.332961018181706,-2.485034768139803,-2.2333448256439423,-0.2809601055533314,-1.3079791482919445
171,-2.0620231500768504,-3.1905656488745224,-2.2953912650497017,-4.102442205200423,-2.262880303576324,-3.5323328641508027,-2.1022673949583144,-3.1018276227270456,-1.351638030176102,-2.9559455914691535
175,0.6373486958922459,-1.848316561738487,-0.021893939788633687,-1.9880328599524824,-1.1098870280671536,-1.625442268542284,1.684890233302509,-1.9408635752833643,0.14303834772414353,-2.452732456889437
180,-2.5174217915037973,-9.364016400022528,0.3240183718886209,-9.003732698236524,-1.9040179607028724,-8.848660856465749,-2.525297206327857,-8.456563413567407,-2.4554259655677875,-9.175951044812901
180_2,-2.15713351974708,-8.096244075182073,-0.30483397615146257,-8.443479123035491,-2.594076038480541,-6.969692320957067,-2.2113738594111694,-7.896309838366372,-1.8546341864893785,-7.700659970333023
185,1.1373486958922459,-1.0558353113779089,-0.2294126894280556,-0.19555160959190443,-0.8174057777065756,-1.625442268542284,0.18489023330250903,-1.1483823249227862,2.0115211448072468,0.0007128409148224185
187,-2.372348702805823,-8.240633984517247,-1.7420634086094857,-8.380350282731243,-1.1859908138261257,-7.356795643877363,-2.7606921495531527,-5.768539489589642,-2.195016846665532,-8.052568629307618
188,0.9896207541291603,-2.9332790624596434,0.32832591928191235,-3.572995360673638,-1.2414042309840505,0.12226318932914793,1.2280976092112459,-0.5723807782002613,1.9355195980847215,-1.6340174965817913
192,-1.5445990425333918,-4.600229430736362,0.5435987162993499,-5.078981681506676,-1.9286755915094425,-2.6155741595116533,-1.991021088972841,-4.824293647198137,-0.47132959906067634,-3.6824482662080857
20,0.3448674455316678,-1.848316561738487,1.3000341550987287,-1.9880328599524824,-0.10988702806715361,-2.125442268542284,1.0533730303856121,-0.4408635752833645,2.080272906682214,-1.452732456889437
209,-3.1093288648552075,-7.510031621764784,-3.2281627367319237,-7.942229170339358,-4.036442120703434,-6.787157328568581,-3.976824826723788,-7.102578635309661,-1.9655770103861907,-7.6144475169157335
210,-0.6256857099415478,-3.348316561738487,-1.7294126894280555,-2.3270688125088013,-1.8174057777065755,-3.332961018181706,0.477371483663087,-2.4408635752833643,-0.4884788551927534,-3.2917684094457558
226,-3.0464366843292914,-5.6432981526282475,-2.0629782105790464,-4.575495701202821,-5.536385821873812,-6.051941062348941,-3.498895146919028,-4.443363915812547,-2.2369057438867737,-4.662751547058042
235,-1.5325763055500663,-3.1407978120990654,-2.60685644050979,-2.5729953606736387,-1.5338854813446288,-2.917923518902862,-1.1925535177792252,-3.525826076004521,-1.7344054033575909,-2.745213707250015
240,1.5058314929753491,-2.348316561738487,0.47810606021136637,-1.4880328599524824,-1.1098870280671536,-2.125442268542284,1.4906075893436828,-1.4408635752833645,1.1430383477241435,-1.6602512065288588
248,-1.7400950551894883,-3.1407978120990654,-0.9458923930661087,-2.572995360673638,-1.9023682784277316,-3.21040476926344,-0.581357307111001,-1.8648620285608397,-0.2809601055533314,-2.245213707250015
250,-0.9476138048289102,-2.348316561738487,-1.5218939397886335,-1.4880328599524826,-0.3174057777065755,-1.125442268542284,-0.10759101705806914,-1.4408635752833645,1.0115211448072468,-1.952732456889437
252,-0.2514550934395301,-3.5558353113779084,-1.8609298923449524,-3.988032859952482,-0.3639604799023163,-2.721764807513482,-0.11514446325317304,-3.4408635752833643,0.4932582067946896,-3.452732456889437
253,0.325610230972384,-6.222785679654628,-1.897616485510062,-5.154983228229201,-0.6696778359434896,-0.3092300398748641,1.1195005557725275,0.09488976754951851,0.7818053354885981,-4.716005364137354
254,-0.7944852718401739,-7.779053899301372,-2.382855601152123,-7.418770197515368,-2.9759828571575566,-6.895215558661489,-2.3086125453023065,-5.786638412125095,-0.5177964722880839,-7.883469794452322
257,-1.097856422145704,-10.15209730991559,0.20516845913514106,-10.291813608129585,-1.736009435954666,-10.429223016719387,-1.3603292345699896,-4.107164087390167,-0.6918103008506342,-8.303067907262282
258,-1.7721764319527438,-5.365690573964696,-0.09704134877046112,-5.025727864427365,-3.981142835318084,-5.859295984406547,-2.432633104166616,-4.652520231468401,-1.6764826539886108,-5.762587719476224
27,-0.24009505518948843,-1.848316561738487,-1.1534111427055307,-2.28051411031306,-0.5338854813446288,-2.417923518902862,-0.10759101705806917,-1.5723807782002615,-0.4419241529970126,-4.037694957610593
270,-2.5325763055500663,-3.9332790624596434,-2.60685644050979,-3.572995360673638,-1.2414042309840505,-3.71040476926344,-1.1925535177792252,-3.025826076004521,-1.7344054033575909,-4.037694957610593
271,0.34486744553166776,-3.348316561738487,-0.36092989234495254,-2.488032859952482,-1.6098870280671536,-0.964478221098603,0.4361404035671008,-2.1483823249227862,0.3040023951678247,-2.6602512065288586
272,0.5523861951710897,-2.348316561738487,0.47810606021136637,-1.9880328599524824,-1.1098870280671536,-2.125442268542284,1.1645692410538362,-1.4408635752833645,1.1430383477241435,-1.6602512065288588
277,0.3448674455316678,-2.348316561738487,-0.7294126894280556,-1.9880328599524824,-1.1098870280671536,-2.125442268542284,-0.10759101705806917,-1.9408635752833643,0.9355195980847217,-2.452732456889437
286,1.1373486958922459,-0.44463910070968476,0.5630685609325224,-0.9880328599524825,-0.3174057777065755,-0.832961018181706,1.6645692410538362,-0.6483823249227864,2.0115211448072468,-0.45273245688943703
289,-3.2420960204682365,-8.181206575903229,-2.6291783980372108,-5.917245413088422,-4.489331744427636,-7.165851032346447,-4.571998234139707,-7.2737535894481065,-1.8431081876909357,-7.4931412206936
29,-1.7400950551894883,-3.4332790624596434,-1.1068564405097898,-2.28051411031306,-1.2911720677595078,-1.0494407218197588,-1.324070720696122,-3.525826076004521,0.6692720576712112,-2.745213707250015
291,0.3448674455316678,-2.348316561738487,-1.5218939397886335,-1.9880328599524824,-0.6098870280671536,-2.125442268542284,0.599927732581353,-1.4408635752833645,0.35055709736356544,-1.1602512065288588
294,-0.4145692096000241,-6.055835311377908,0.35654056598591255,-4.827068812508801,-2.763143549317491,-5.332961018181706,-1.2301472659763348,-3.807470304935914,0.1354849015290394,-4.999287159085178
296,-1.5340321032600182,-8.302512872125362,-0.16982875869054215,-7.942229170339358,-2.83436752913538,-5.202194827847425,-1.84031557952058,-6.895059885670239,-0.9188405398839712,-8.406928767276312
299,1.6373486958922459,-2.348316561738487,0.9781060602113664,-1.9880328599524824,0.9750754726540026,-1.625442268542284,0.8924089829419308,1.0813334843958622,1.9355195980847215,-1.952732456889437
307,-2.5325763055500663,-3.1407978120990654,-1.1534111427055307,-3.072995360673638,-1.6098870280671536,-2.21040476926344,-1.824070720696122,-2.7333448256439423,0.9265586440860905,-4.037694957610593
308,1.4560636561998919,-1.348316561738487,0.6742647716007465,-1.4880328599524824,0.6825942222934246,0.4595202321788721,0.9501475916518991,-0.4408635752833645,1.8040023951678246,-1.952732456889437
31,0.34486744553166776,-0.18735251429480565,-0.3609298923449525,-0.9880328599524825,0.4750754726540027,-2.125442268542284,-0.4000722674186471,0.4628138857454375,1.7542345583923675,-1.6602512065288588
311,0.3448674455316678,-1.848316561738487,-0.22941268942805565,-1.9880328599524824,-0.024924527345997323,-2.125442268542284,1.4218558274687154,-1.9408635752833643,2.172485192250928,-1.952732456889437
312,0.9430660519334196,-0.457636704976157,0.3687859169736962,-0.19555160959190443,-0.15644173026289437,-0.060800760069800924,0.892408982941931,0.04777638646659377,0.3040023951678246,-0.756573745500057
32,0.05238619517108972,-2.348316561738487,-1.0218939397886337,-1.9880328599524824,-1.6098870280671536,-1.625442268542284,-0.900072267418647,-1.4408635752833645,-0.6494429026364346,-2.452732456889437
320,1.2651025304917007,-1.180233895466419,0.15673664421118805,-0.7797693012428171,-0.16082683507676018,-1.4017127800566733,1.131636416223197,0.8189707949601296,1.332064832526491,-1.1196828251661561
323,-0.1551325544683322,0.2059456666505976,0.28546098226897054,0.49485928237856125,-0.41372831667777343,-2.332961018181706,-0.10759101705806917,-0.9874182774791052,0.6724851922509276,0.1712312998323557
325,0.8176435535204796,-0.9798337646553839,-0.15341114270553052,-1.0729953606736387,-0.5521484193571857,-1.417923518902862,0.07960674033268023,-0.7333448256439427,0.16927205767121123,0.16700051045825776
33,0.9560636561998919,-1.5558353113779089,-0.7294126894280556,-1.4880328599524826,-1.6098870280671536,-2.125442268542284,1.7143370778292935,-1.1483823249227865,1.8040023951678248,-1.952732456889437
335,0.5523861951710898,0.055360899290315256,0.4315513580156256,-0.19555160959190443,-1.1098870280671536,-0.12544226854228402,-0.6075910170580692,0.6237779331891188,1.1430383477241435,0.9824499029022654
336,0.7133502426147709,-0.26335406101733067,0.9315513580156256,0.17293118749119873,1.0510770193765275,-1.332961018181706,1.6221247922605797,0.6237779331891188,1.4355195980847217,-0.049054995860635026
337,0.20495541363284497,-3.854302882571525,-0.19639775426045689,-3.8625019778686234,0.5791394567351938,-2.681196426150779,0.2549054591919963,-1.6955997258518107,0.3075704858086391,-3.827201574805578
339,0.798312743335927,-0.6186007524198383,-0.7294126894280556,-1.034587562148223,0.9750754726540026,1.0400161705150244,0.42185582746871536,0.2552951361060157,1.0964836455284026,-0.8677699561682808
347,0.34486744553166776,0.3976099864263504,0.4315513580156256,0.8621869991180637,0.7937904329616485,0.10427354077636464,0.6848902333025091,0.6237779331891188,1.9355195980847215,0.9946764247645348
348,-2.7958492127979833,-6.89271068109694,-1.7443599642597247,-5.710498884423574,-5.276837396343872,-6.5088723404570565,-2.7483076753877205,-7.19277644428124,-1.9849107645519388,-7.704645325887312
350,2.1550353104060305,-3.9981239006470046,2.2023384698044484,-3.1816151383857907,2.9412825546552117,-2.907463428017632,2.7279493322031354,0.4722975803406055,1.4769767510698162,-4.545015459336835
354,-0.7400950551894883,-1.979833764655384,-0.9458923930661087,-2.572995360673638,-1.2414042309840505,-2.917923518902862,-0.16310667325244088,-1.0723807782002615,0.7767785031566365,-1.8767309101669118
358,-0.36265130410775415,-1.1521578503491066,-1.7294126894280555,0.09692964076867372,-0.23244327698541922,-2.332961018181706,0.9361404035671008,-1.6483823249227862,-0.4884788551927536,-0.8880909484169537
359,-0.4476138048289103,3.13529656767951,-1.5218939397886335,2.265864460146866,-1.1098870280671536,-0.4644782210986028,0.26089178002503405,1.288852234035284,1.8040023951678248,3.1230929580972733
36,-0.4476138048289103,-2.348316561738487,-1.5218939397886335,-1.9880328599524824,-0.8174057777065756,-2.125442268542284,0.5533730303856121,-1.9408635752833643,0.7542345583923675,-2.452732456889437
364,-1.9482765035621938,-6.807748180375784,-1.379855529090793,-6.2399457289503575,-5.361799897065029,-6.169836387900737,-2.7355401293341517,-7.485257694641819,-1.4359871028528666,-7.49712657624789
375,0.6323218635602844,-0.6521578503491068,0.2592272723219028,-0.9880328599524825,0.9725664352706903,-3.332961018181706,0.18489023330250903,0.45308770441235124,0.8889648958889809,-0.558781177193721
383,1.5502007721154611,-8.555835311377908,2.5693735563335354,-7.695551609591905,0.8062056725269225,-6.24799851746055,2.4302843407490125,-6.1335086532257606,1.7249483441548157,-8.660251206528859
385,0.7133502426147709,-1.848316561738487,-0.021893939788633687,-1.9880328599524824,0.8435582697371058,0.6042735407763646,0.9773714836630871,-1.4408635752833645,1.3505570973635654,-0.8677699561682808
392,-0.5002049231749384,-6.933279062459643,-0.9746351403964888,-4.988032859952483,-3.4489229806234727,-4.71040476926344,-1.9229741122252095,-4.3296673646151405,-0.1345692309394086,-6.245213707250015
397,1.2133502426147709,-1.848316561738487,0.8000341550987287,-0.8270688125088013,0.18259422229342448,-1.332961018181706,1.2608917800250343,-0.44086357528336456,2.2542345583923677,-1.6602512065288588
399,1.5359704989374035,-2.585282155904693,1.036953581546244,-1.0026060327822404,1.5741479101988882,2.4707041386930997,1.661264091993423,-0.2627916701707267,2.4545035231842323,-1.578501840387419
40,-1.4476138048289102,-0.8948712639342276,-2.521893939788634,-1.4030703592313263,-2.1098870280671536,-1.1719969707380247,-1.900072267418647,-2.4408635752833643,-0.35696165227585647,-1.2230166475707884
400,-0.993915525821929,-6.2450398891171535,-0.15532318995391084,-6.155278879426624,-4.306341390653955,-10.073809500126963,-2.243103827110514,-4.732789329225865,-0.23623298862818648,-5.763037485836996
406,0.9060657612115313,-5.348316561738487,-1.2759673916237964,-3.403070359231326,-1.1212470663171954,-3.4644782210986027,-0.7391082199749658,-1.9186665156041378,0.05948335480651445,-4.4527324568894375
408,0.8731592097148517,-4.670244656625849,-1.2588595339548396,-4.309960954839845,-1.8468526222333594,-4.447370363429647,-2.222000362306009,-4.262791670170726,0.7247877138655834,-2.2746605517767993
409,-0.8020477988245336,-5.199691501152634,0.7772171916126208,-3.746144314976908,-3.636933379462027,-2.367434695040452,-1.4317768525066776,-5.0735358585438615,0.2609018776431728,-5.93562459922048
40_2,-1.4476138048289102,-3.348316561738487,-1.0218939397886337,-2.988032859952482,-2.1098870280671536,-2.625442268542284,-2.400072267418647,-1.6483823249227862,-1.6494429026364346,-2.2917684094457558
412,1.0523861951710898,-1.0558353113779089,1.6742647716007464,-0.9880328599524825,0.4750754726540027,-1.332961018181706,0.8924089829419308,-1.4408635752833645,2.1430383477241435,-1.6602512065288588
418,-0.4476138048289102,-2.848316561738487,-1.0218939397886337,-2.988032859952482,-0.15644173026289437,-1.721764807513482,-0.23910821997496595,-0.9874182774791052,1.3040023951678248,-2.952732456889437
419,1.12247502419522,-4.363190233435512,1.7361972730570743,-3.795387782010086,-1.2838486797773068,-3.4327971905998877,-0.3854990945888887,-3.4557372469803904,0.8487145739596376,-3.9676061285864628
420,0.505831492975349,-3.348316561738487,-0.11821647875983159,-2.988032859952482,-0.41372831667777343,-3.125442268542284,0.09992773258135296,-2.9408635752833643,0.35055709736356544,-3.452732456889437
421,-0.6938813350471045,-1.5611578111691542,0.9009419870157195,-0.7434172373060708,-0.735519342514279,-5.073002677876772,-1.1827345076427838,-2.3553793893889656,-0.00754641963613892,-1.799537193973852
426,-0.5791310077458072,0.9029336085261046,-0.9106977291204097,1.331486726785992,-2.19484952878831,-0.756959471459181,-1.2553189588211544,-0.00362901632529386,0.8989878669898599,0.4734889489036342
43,0.05238619517108972,-2.348316561738487,-1.5218939397886335,-1.9880328599524824,0.18259422229342448,-2.125442268542284,0.503605193610155,-1.9408635752833643,0.35055709736356544,-2.452732456889437
431,1.6008169647973842,-3.4332790624596434,-0.3143751901492118,-2.28051411031306,0.44321267384880897,-3.71040476926344,-0.09435491137747337,-1.7333448256439425,0.05807584700298729,-2.876730910166912
433,-2.085794459502916,-6.038141120618504,-0.6611410093683892,-5.948141609513851,-3.245449358558086,-6.411589366393499,-2.423319151143356,-4.753244383081647,-1.5740642929669177,-5.412841206450805
434,0.4601739096023762,-0.40455392636769305,-0.30009061405082604,-0.6812670334935187,-1.6098870280671533,-0.21765455411099746,0.4848136022060772,0.7428219575409006,1.4513740279483909,-1.069965083707948
437,0.21335024261477095,-1.1259241404020388,-0.8143751901492117,-0.8768366492842585,0.09763172157226843,0.6042735407763644,0.8720879906932582,0.15733503111838726,1.1945850942061953,-1.47305344913811
438,-1.91221591577398,-8.04875627987958,-1.2856116016720374,-7.688472578093574,-4.432882995126511,-6.533400736322798,-2.4982264134351375,-4.181871674787159,-2.795620392388442,-7.653172175030529
439,0.28935178933729583,-2.9332790624596434,-0.8143751901492117,-2.78051411031306,1.7880426135427336,-0.5770114989159897,0.8720879906932579,-1.5723807782002615,1.0580758470029874,-3.537694957610593
43_ref1,-6.687655464523976,-10.041803519237812,-8.42289964692738,-9.181519817451807,-0.8177144788315405,-8.526447975681032,-5.355692509434773,-8.13435053278269,-6.257967359414604,-8.853738164028183
43_ref2,-2.7615341689064508,-8.858395637205408,-6.824454265616133,-8.866594732502506,-6.182731544576004,-9.796485391452887,-5.0489183306500225,-7.819425447833389,-2.6981059083645853,-8.094328735273255
442,-0.5325763055500664,0.2964367468590056,-0.44589239306610867,-0.03458756214822312,-0.37292143390094756,-1.5142460578740602,-0.14882209715405542,-0.09064371621281839,0.5580758470029873,0.21620236248875505
444,-0.15513255446833218,-1.848316561738487,-0.22941268942805565,-1.9880328599524824,-0.8174057777065754,-2.125442268542284,-0.40007226741864704,-1.4408635752833645,-0.14944290263643456,-1.2917684094457558
446,0.713350242614771,-3.348316561738487,-1.3609298923449527,-2.488032859952482,-0.1564417302628943,-1.8329610181817062,0.12212479226057972,-1.6483823249227862,0.35055709736356544,-2.6602512065288586
45,-0.8626513041077541,-3.5558353113779084,-1.1182164787598317,-3.988032859952482,-0.4954776828192131,-1.4292835571529041,-0.44662696961438786,-2.355901074562208,-0.10571148201126479,-1.9305353972102104
450,-0.24009505518948837,-1.640797812099065,-0.7849283456224275,-1.9880328599524824,1.6180048927439228,-1.9179235189028623,0.6576663412913211,-2.7333448256439423,-0.3307279423287887,-2.245213707250015
452,-0.6288988445212642,-1.529601601430841,-1.5218939397886335,-1.1195500628693793,-1.6098870280671536,-1.917923518902862,-0.3240707206961221,-1.4408635752833643,0.05807584700298727,-1.7452137072500151
458,-2.798988744243057,-6.199691501152634,-3.3732688792027803,-6.6318890497272065,-3.850065756813076,-6.269298458317008,-2.6937085981228255,-5.0847197650580895,-1.9158553413294246,-6.596588646664161
459,-1.5764965145040437,-7.670346088989115,-0.4884341756688181,-7.3860639339256355,-3.815586176922645,-7.815954592876016,-2.257028820714865,-6.533177293215345,-0.8361349633292157,-7.545046174821417
460,1.4001753984048912,-5.5214546977605155,2.4819302287461342,-3.979885956282157,0.7314735983287455,-1.9600037427348616,2.024533374995512,-2.593856850792535,1.4051307367874912,-3.765320998557873
466,0.6008169647973843,-2.6407978120990654,-0.22941268942805565,-3.0729953606736387,-0.3041696720259799,-1.4806889599447914,0.8924089829419313,-1.0723807782002615,0.9617533080317895,-2.376730910166912
468,-0.7166275378556238,-1.601546825259706,-0.6939960382455086,-1.7430394048943976,-2.36063782308131,-4.580888531625291,-1.7221252601542036,-1.9428645405621126,-0.20121170469063976,-1.8510906576950652
470,0.6373486958922459,-0.30990876321307137,0.021837480836536055,0.2658644601468657,0.13603952009768372,2.4631896305844503,-0.20391355602926692,-0.13719841840855912,1.2542345583923675,-0.8528962844712548
473,-0.286649757385229,-2.640797812099065,-1.2294126894280555,-1.4396020903261877,-1.1836656222740825,-1.332961018181706,-0.8706254228918627,-2.2333448256439423,0.3654307690605914,-3.452732456889437
475,-0.6544965993045722,-8.509292547503485,-0.6288379050005806,-9.704220840564304,-1.5909435950650366,-5.364399894286434,-1.204866209512824,-2.160894171397561,-0.9061410487008288,-7.564725656532522
476,-1.5863807925933646,-10.170244656625849,-1.5675475206673817,-8.517479704479268,-3.753039120645474,-7.493925065625387,-1.5371335378585331,-5.324533196888226,-1.2054366099350198,-8.613696504333118
48,-1.3626513041077541,-1.7633540610173308,-1.7294126894280555,-2.488032859952482,-1.8174057777065755,-1.6719969707380247,-0.37787520773942024,-1.9874182774791052,0.24123695412589513,-2.1602512065288586
485,-0.04393634380010819,-2.348316561738487,-0.5684486419843744,-1.4880328599524824,-1.6098870280671536,-0.3795157203774467,-1.6075910170580692,-1.6483823249227862,0.8505570973635654,-1.8677699561682806
486,1.1079018513654617,-2.5092806091821678,-0.7791805262035125,-2.5174797044792667,-0.7356564115651355,-2.86240786270849,-0.42951911194543113,-0.30336005153342943,1.2745555506410406,-2.2100190433043156
491,-0.8630076130902737,-2.1265132360006795,-1.6990687260785036,-2.252222346129877,-3.0167776236756723,-4.032332864150803,-1.295778956512938,-0.23124395765463446,-0.4663789532374858,-1.6986590050542745
493,-0.382972296356427,-3.0558353113779084,-2.521893939788634,-1.5345875621482232,-0.21920717130482387,-0.7217648075134819,-0.3778752077394203,-1.4408635752833645,-0.5644804019152784,-1.145377534831833
495,-0.16151023594917885,-8.326903866693598,0.20749524624146232,-5.881657664186438,-2.7228148175097338,-6.9725123705805,-0.7967561262340799,-1.4748510173693308,0.3970811849078289,-6.527642300815748
50,-0.07913100774580724,-0.737120351070263,-0.5422149320373066,-0.6955516095919043,0.09763172157226824,0.7666933859299976,0.17592927930387792,0.8516176750772135,1.8989878669898599,-0.18747509854004715
503,-2.0630910222488463,-5.548756279879579,-2.526174946540346,-5.188472578093574,-0.7329176916821936,-4.0961661773647275,-3.3080307351991607,-2.5766617849519733,-0.8386987142632993,-5.360690924669951
507,-2.984684536205163,-9.115103102433388,-1.490236196969553,-9.254819400647383,-3.9770327580010942,-9.392228809237185,-3.4526787217614032,-8.415168865617687,-2.140135063552761,-9.219518997584338
508,-1.9391272655270537,-6.256275029519001,-2.4298524075691477,-4.527508530649893,-3.6141680348188654,-2.354624734013756,-2.939547938116058,-3.750623436662127,-0.8612426590275681,-5.153172175030529
52,-0.043936343800108135,-3.348316561738487,-1.7294126894280555,-2.988032859952482,1.2675567230145808,-2.625442268542284,0.8848555367468269,-1.4408635752833645,0.2542345583923675,-3.452732456889437
520,-0.043936343800108135,-2.848316561738487,-0.7294126894280557,-1.4030703592313263,-2.1098870280671536,-1.9644782210986027,-0.10759101705806895,-0.7111477659647159,1.2280008484452998,-2.2917684094457558
521,0.6883977897016141,-3.085282155904693,-0.2974434642160695,-2.3565156570355854,-0.4096180632752891,-1.1111576924438984,0.3157392124379992,-0.5796305630478187,1.3121316875997198,-1.7282819813168726
522,-0.9329108864811122,-4.741990453420616,-1.7766240645066866,-4.466669252355768,-3.2855113623459458,-4.033400736322799,-1.7754169238113517,-3.780070281188911,-0.9231342689263644,-5.278941558528511
523,2.339418605377608,0.22967557265107977,2.0047214536666127,2.1201112118159653,2.6375237231180035,4.384501581672443,2.4346063826887168,4.366381776306668,2.4248413467613084,2.347892029745675
524,-2.0130941437704917,-7.015266930015206,-0.7900135451384728,-4.882822970117296,-2.6341362869127485,-3.863402139255217,-1.6297880767372954,-3.615367389755188,-1.5239120205525754,-3.521484218764404
525,-0.9032203747469747,-3.6082650162121856,-0.37878021334324075,-2.6328325047152843,-3.055369802574937,-5.57963857892916,-1.8102425492446892,-2.428050671445617,-0.20507866831290458,-4.031714840289927
531,0.34486744553166776,-1.848316561738487,-0.021893939788633687,-0.32706881250880127,1.0510770193765275,0.374557731457716,0.684890233302509,-0.14838232492278636,0.9355195980847217,-1.452732456889437
532,1.617027703643573,-0.44463910070968476,1.1390701076550476,-0.19555160959190437,1.9700486403220412,1.459520232178872,0.8924089829419308,0.14409892543779174,2.767002104445936,-0.6602512065288588
535,-1.2020435656465924,-2.6562916583409066,0.27157181213482473,-1.7474695150841744,-0.8969783590511103,-1.6505191882869887,-1.607591017058069,-2.714360900544432,-1.0503704650915493,-3.0340972069084913
538,-0.11404882347314285,-1.6872277244803875,0.5403098424093341,-1.124025539638684,0.15857770481084446,-2.547726751313652,-0.49227258711911803,-1.9680454683122521,0.6598959107529296,-2.0553671347121822
539,3.1533555683619774,2.157719825060094,2.1939964598306645,3.3496374355643357,2.339522818865566,5.080732582088287,3.353811841066667,5.0952129176186896,1.9637899544383584,3.9206684969871097
540,-2.5099752718284294,4.15188807117422,-1.0940687062328918,4.165779621044184,-2.925279331553793,2.1852748571467457,-3.548464107311318,1.1790773072585097,-2.408730454330062,3.6520135821226702
541,1.6373486958922459,0.9055807583608613,1.3817835212401683,0.4156446010763196,1.9700486403220412,0.5355217789013972,2.003605193610155,1.6237779331891187,2.7542345583923673,0.5007128409148222
543,0.34486744553166776,0.0019032973320591215,-1.2294126894280555,0.3894108911292518,2.130003103947396,2.5516824224303365,0.5533730303856121,1.724594863773944,0.5467158087529457,2.8799355017031507
545,-0.8849732616351751,-2.8503175270172347,-1.4483443414920532,-2.863543454646295,-0.12841900370667292,-0.08601389389422498,-2.8082597311095094,-2.484095620658099,-1.8536389954548502,-3.954733422168185
546,1.638887195708864,-7.2152585108646905,1.815608008438791,-7.854974809078686,2.3777545883644144,-6.190942013309279,1.888220062553093,-6.272610860463869,1.3624039095034155,-6.969454546945094
557,-0.23600172829325,-3.9805847772379996,-0.31196316346936054,-4.357266669618201,-2.4704073018537804,-6.34992276961051,-1.3307066217485095,-5.372862825991013,-0.1871942059409387,-3.6530314471769643
559,1.0058314929753491,-1.9332790624596432,-0.31437519014921167,-2.28051411031306,-0.17265246910908283,1.2154697514445885,0.7688625519595449,0.554109592384674,1.5312853269005653,-0.9939635369854234
564,-1.8555722726094244,-3.463793779158423,-1.8914446090437322,-3.5457714686624504,-1.9163754665125297,-1.2935106043082483,-1.723068234478005,-2.687857995620197,-0.7354732755295862,-3.5197789046830783
567,1.8544218570055204,-1.0462808999040565,0.5336217164057385,-0.4325172037581103,0.5423684928378231,0.2247775905282621,1.4853422555975981,1.0908878958697148,2.4363206503829726,-0.3889158170265
57,-2.3470455354108926,-9.115103102433388,-0.9197399420546456,-9.254819400647383,-4.601300176070433,-9.392228809237185,-3.276178951351219,-8.046686068534585,-1.2019839256652132,-9.219518997584338
571,-2.4169519664431114,-4.029903637616643,-2.042833418116512,-4.85634913359436,-4.5032236429588295,-2.0362262786570526,-4.19074942832157,-2.1263168808933504,-1.4472862090430394,-0.7636156084432689
574,1.0058314929753491,-1.848316561738487,1.2078218695300151,-0.03458756214822312,1.2937904329616485,-0.33296101818170587,1.684890233302509,2.517076114134522,1.7542345583923675,-0.952732456889437
576,1.929829946252824,-1.348316561738487,0.5630685609325224,-0.9880328599524825,0.7937904329616485,1.2316804902907772,1.099927732581353,-0.6483823249227865,2.186769768349313,-1.952732456889437
578,1.0495019089386317,-3.7786291492707558,1.3280718593275045,-4.077461256726502,2.7418656080212536,-1.8263933170871387,1.1996887324365768,-3.5180103455374776,1.1225008482330732,-3.6605015688609015
58,-1.3879151358785327,-7.837195024902568,-1.9638435635512792,-8.269392573477141,-3.6728909705232065,-7.614320731706366,-0.5573940763548252,-7.429742038447445,-0.1246275187741342,-8.734092170414097
581,2.676349951892883,-1.0558353113779089,1.7240326083762036,-1.4880328599524826,2.825295331724549,0.32800302926197517,2.5682467020826385,0.012581722520894782,3.707679856196627,-1.952732456889437
586,0.5410261569210479,-0.9576367049761572,0.30003415509872866,-1.610589108870748,-1.2324432769854192,-2.040479767821128,1.34585428074619,-1.5634198242016302,1.4151986058360486,-1.0620526001271071
588,1.8176435535204796,-2.140797812099065,0.6390701076550475,-1.9880328599524824,-0.6948495287883099,-2.917923518902862,1.4876871500491524,-0.07238077820026145,1.9377425506003176,-2.745213707250015
589,2.720820263348503,-6.69256661415327,2.1752542684133145,-5.6554644350599155,3.016976433371191,-1.8750545791114077,3.2014073685476054,-0.6009989876929105,2.3061693961213585,-4.354303792274782
590,-0.023615351551435126,-1.7665671955970468,-1.0513407843154177,-1.1489969073961634,-0.7356564115651355,-0.882728854957163,0.30019669737321747,-0.533075860852078,0.5932705109486867,-0.9175377929437377
596,1.503905330227546,-2.585282155904693,-0.263886366286801,-3.3099609548398448,-0.4783698251502564,-3.1548891130690677,0.7751763561234197,-1.9408635752833643,1.8341414011298793,-2.82121525397254
598,2.6350240369416333,0.8099838346563648,2.258475871693613,2.677825884422017,2.870796183072053,4.963054753625116,2.7624563981428425,4.751752762634684,2.4598459556269416,2.937283204505917
599,-0.8174039833672092,-1.6992715312937583,-0.629073909812299,-1.5412142038265926,-3.675835917994833,-4.887549869859344,-1.4243131532525073,-2.018354271767564,-0.4096744365229401,-1.8286827712456697
599_ref1,0.19541681243355297,-10.22789981135127,-3.4450792906656753,-8.463938648536462,-7.284774809611086,-10.505025518155067,-3.2651413435429495,-1.9218313839175676,-2.0282340912065435,-9.428638245473419
599_ref2,-0.37992932562004067,-9.745833282797353,-4.345384250365098,-7.9321042832070905,-6.118913112618978,-10.31544023996173,-3.535154911698695,-3.3018116047870407,-2.377405781263208,-9.850249177948303
6,-0.007966059231964747,-5.706297556866058,0.13476867856791672,-4.761051354358899,-3.2717093118053455,-5.983423263669856,-0.6084492533525799,-1.9382949760573442,0.1352772116671175,-4.933269700935275
60,-0.9176687125877598,-4.477429444920574,-0.548911461709034,-3.394753321798122,-3.0942466026517486,-8.000481699889209,-2.059885422932806,-3.191939249908496,-0.34337342602681964,-3.7008481457426603
61,0.8448674455316678,-1.848316561738487,-0.5218939397886337,-1.4880328599524826,0.3435582697371056,-2.125442268542284,-0.6075910170580692,-0.6483823249227865,1.9355195980847217,-1.2917684094457558
611,-0.7143462648620496,-7.43847836073975,-0.843932130945833,-6.709711861870643,-2.4855198422715277,-3.8746920475566746,-2.075372698876881,-5.031025374284628,-0.5174423385141533,-7.0428942558907
616,1.198547011572109,-1.1987125525448477,0.6339802177138458,-0.9233913514799991,-0.16399517645799855,-1.5014785118204914,0.5533730303856121,-0.3559010745622083,0.6724851922509277,-1.6716112447789007
619,0.7747786165075378,-1.4798337646553839,0.6390701076550475,-0.9880328599524825,-0.9023682784277318,-1.71040476926344,0.392408982941931,0.3681252036911951,2.040967989334031,-1.1340174965817913
622,0.9855970733755379,-5.830310468136848,1.1659258276032025,-5.970026766350844,-1.5740078924577678,-7.560881472744905,1.552799285198933,-0.05517349312552407,1.3538718029404992,-5.019688864008955
627,0.5523861951710898,-0.6259241404020388,0.4315513580156255,-1.6195500628693793,-0.9023682784277316,-3.21040476926344,0.8368933267475592,-1.0258260760045208,1.68203960372478,-2.376730910166912
631,0.37949097126823905,-3.368580465029792,0.8353239647967841,-2.039801662006688,-2.1353071185765273,-3.3818729946387145,-0.3536424630711007,-1.447891372894074,0.5900161178646507,-2.6477057160474438
632,1.1635824058393136,1.4969195781412181,-0.04221493203730675,1.5231510465617446,-0.025914709410117802,1.7124273702140995,1.1576663412913208,1.4350943925327242,1.4082957060735333,1.0962835845908263
636,0.435415448014356,-2.272315015015962,-0.04796275145622121,-2.3654766110342167,-1.8263667317052068,-3.0992085585952163,-0.1441227481529307,-1.7333448256439428,0.7877916563216357,-3.330176207971171
638,1.1373486958922459,-0.3483165617384869,1.1742647716007464,-0.6955516095919044,-0.10988702806715361,0.278235192486518,0.8924089829419308,0.4628138857454375,1.4355195980847215,-1.6602512065288588
639,-1.9948312057579347,-3.9987594014012244,0.3921881476034126,-3.8714629318672547,-3.7190987876339046,-3.2163910900964785,-2.378537906472704,-2.711810464698,-1.650105601369718,-3.5558050515669697
64,-0.32788083748121555,-1.5558353113779089,-1.7849283456224274,-1.5901032183425952,-1.2414042309840505,-1.24799851746055,-1.324070720696122,-1.7038979811171584,-0.6010121330101401,-1.1926959719008705
640,1.1755747261111824,-2.3631902334355126,0.3963566940699268,-2.230746273537603,-0.4430583343324186,-2.1403159402393097,-0.3333307646815208,-0.5520597859515881,0.9371534550016773,-2.1456780336991006
642,1.2133502426147709,0.6111150568988103,0.3352288190444277,0.8776266555600496,1.276682575292692,1.926201635663727,0.49060758934368276,1.2585082706857325,1.868643903640308,0.45415813871908156
648,0.9677140144397243,-2.721662005601039,1.5974401536734137,-1.40116679935735,0.11437758471632475,1.2198709726454742,1.1506388643663794,1.3346918042138192,0.05838754436976895,-1.6925136458171894
649,-0.36265130410775415,-0.7272791681394128,-0.8619977645169479,-1.0305440044621605,-4.564400198043408,-3.7742380824773654,-1.2743135548209001,-0.46950222455159035,-0.44059153203709733,-1.0280229660773625
65,-0.8626513041077541,-0.7339072164905462,-1.5684486419843744,-1.226251881923976,-0.3639604799023163,-0.6368023067923259,0.05337303038561225,-1.5371861142545624,-0.24576544160763247,-0.20680590872459953
651,-0.01037924587083977,-1.0558353113779089,-0.7031789794809877,-1.4120313132299573,0.4443752003219308,-3.417923518902862,-0.13481490906925714,-0.7719287559051726,0.21903989444666858,-1.6212499505282225
652,-3.536771995725846,-5.533484138781888,-3.1772868615654826,-5.51078059184225,-5.6210929534004,-6.457592978278527,-4.9352889501833666,-2.1376514639047053,-2.186465212177343,-5.280430390014734
653,-1.029618261872192,-5.452990551063735,-1.1161342540978005,-4.451506983927368,-0.7693508174156216,-1.2013911217755826,-0.058353842593001526,-1.3001310939864517,-0.07815186403016776,-6.1269384650834615
657,0.6326185312677131,-0.8973716044634108,-0.4416616036920104,-1.0839989138556665,-0.9686594297812251,0.0418586939189525,0.5360268473880265,-0.9115165781538528,1.0140128485643747,-1.3570341910168682
658,0.505831492975349,-0.05583531137790873,0.042747568683849616,1.17966231739448,-2.1098870280671536,-0.37951572037744674,0.5533730303856121,0.22010047216031675,-0.3569616522758564,-1.2230166475707884
66,0.1635824058393137,-2.6407978120990654,-1.3143751901492118,-1.7805141103130604,-0.024924527345997406,-3.21040476926344,-0.09435491137747337,-2.025826076004521,0.6430383477241435,-2.876730910166912
660,-0.07913100774580717,-0.9446391007096848,-0.7849283456224275,-0.7805141103130604,0.09763172157226822,-0.832961018181706,-0.19255351777922514,-0.6756062169339746,0.6562744534047391,-1.0842496598063338
666,-2.100518019590953,-5.578123444540047,-0.2746996292250421,-4.335072369572554,-1.298441958750607,-1.971524741968926,-2.27107901557057,-4.720438294860382,-1.581776490791106,-5.219539630412886
667,0.19713950376858225,-0.33344289004146077,-0.402160972440939,-0.6378130008819364,-0.04524551959467045,-0.2132280508340113,0.39240898294193094,0.3516176750772135,1.5175074656402845,-0.2565737455000566
668,0.05238619517108972,-1.224352805016694,-0.22941268942805565,-0.46583580027325566,-0.9137283166777734,-0.2026972430700965,0.5593593512186502,-1.9408635752833645,1.0204820988058778,0.3700967593149179
673,-1.0742640648330353,-2.4691007363579267,-1.355100040944988,-2.737993543978981,-5.403258555497121,-6.605090879950916,-1.529874901620885,-2.221203954420234,-0.32758115837772056,-2.873122381429893
674,0.7485449065604699,-0.38032480817406433,-0.6534111427055306,-0.6955516095919043,-1.2414042309840505,1.1657855540130067,0.1049197768676641,-0.31689981856157173,0.42655864408609034,0.08626879911119967
676,-1.1393904355259008,-2.41699788295909,-1.5651791079515691,-3.110589108870748,-2.70246229876489,-3.2315136559799917,-2.1224049007211865,-2.522783592858394,-0.39719546405966005,-2.0215832875739723
677,0.9208689922541928,-3.4332790624596434,-0.08465938083056312,-2.28051411031306,-0.6302080203158267,-3.21040476926344,0.6389289885819895,-2.2333448256439423,1.2190398944466687,-3.037694957610593
683,-1.4476138048289102,-3.348316561738487,-1.0684486419843744,-2.695551609591904,-2.8174057777065755,-3.125442268542284,-0.8151097666974909,-3.9408635752833647,0.04671580875294565,-3.9527324568894366
685,-1.3068473113873138,-6.557769927367437,-1.3149022983352123,-6.697486225581432,-3.2971433340168765,-5.042414383810655,-1.7875975381602345,-5.6503169409123135,-1.7349325115435914,-6.869704572157809
689,-0.7899539654478572,-4.681348883273761,1.7354885459586018,-4.047321283836509,2.4195589057817166,-3.228758780758909,-0.6557928888406549,-4.378189207724347,-0.6577780375136308,-5.232307176466454
690,1.4148325761039051,-0.12756170641846942,0.8095885665725808,2.5597144917918593,1.9108242483464275,3.0068876273590197,2.3344848185986713,2.6587605296570462,1.4472969620741698,0.5998499646024622
692,-2.2483995139672084,-8.887475372846518,-2.0061374237572682,-8.527191671060514,-3.7716020880934504,-5.872119829289737,-2.8105371571803524,-5.9153808779189125,-1.7697877471587633,-8.491891267997469
693,-0.3197863670948122,-2.0129703743649667,-1.1682848144025564,-1.3917103209812844,-2.1247606997641793,-2.6108690957125256,-2.083463432754458,-2.052059785951588,0.05438608182018867,-1.2771952366159973
695,2.3813121678394187,-6.373853041478024,2.0810314133532515,-6.1633494806214735,-2.194063777171446,-7.726980295004346,2.6879077539062957,-4.283238947899994,1.1694189581512557,-5.595501563447486
697,-0.004935087799471716,-2.029601601430841,-0.3529591204104416,-1.550798300994412,-1.9023682784277316,-2.917923518902862,0.3873821506099695,-2.7333448256439423,0.8654307690605915,-2.1340174965817913
7,-0.07017005374717608,-1.9446391007096846,-0.5107100332744063,-2.695551609591904,-1.0452455195946704,-3.125442268542284,-0.31510976669749097,-1.4874182774791052,1.5552525654324163,-2.4992871590851777
701,-0.2610147513313914,-8.653867394338434,0.391669593260869,-9.086064942913008,2.951443032465898,-5.158832843030327,-0.44243461418656216,-5.603713298452188,0.5860391936326336,-7.258283289489386
702,-1.5264386331220066,-6.848316561738487,-1.3222549775341501,-6.488032859952483,-2.641568058565868,-4.011032923294344,-2.1392720475567835,-3.3971321546581947,-0.9381476856901542,-5.319339186541987
703,1.617027703643573,0.8813992475801617,0.9781060602113664,2.076608648520001,0.4338443925580161,-0.04047976782112786,1.6541899609704376,1.070320331230863,0.6430383477241436,0.4509450041393651
705,0.2923264225028892,-5.807748180375784,-0.5189193066230404,-5.4474644785897794,-1.4406247253581248,-5.084873887179581,-0.24509454080800397,-3.9002951939206616,-0.09769061475950441,-5.912164075526734
709,0.3711011554787356,-0.33344289004146077,-0.5218939397886337,-1.7805141103130606,-2.4023682784277316,-1.049440721819759,0.014965231860196937,0.098137680717272,0.9265586440860905,-0.4730534491381098
711,0.5523861951710898,-1.5558353113779086,0.06306856093252243,-1.4880328599524824,-0.6098870280671536,-1.625442268542284,0.09992773258135296,-0.14838232492278647,1.2542345583923675,-1.452732456889437
713,-3.470435137606766,-3.8023861326413755,-4.816875530678395,-2.9610863559548815,-2.996910151176401,-5.309227648763821,-3.498895146919028,-3.528326416533704,-1.6569700754975791,-2.9318223690421235
715,-4.254968726886514,-5.655671483796091,-2.425571400817436,-4.795387782010086,-2.5135644890959554,-3.771833143156207,-2.4615006413114138,-5.248218497340968,-0.8234045543465878,-6.260087378947041
717,-2.6013280674250336,-4.679578303745892,-0.9615613763326121,-4.654983228229201,-6.1955122275215935,-6.19015738014941,-3.1201377987578276,-3.2037125345199926,-1.9983942883520736,-3.9957190684443633
721,2.24854490656047,-0.18735251429480568,1.6742647716007464,-1.4880328599524824,1.7120410668202086,1.5355217789013973,1.2960864439707334,0.3516176750772137,2.3727541570427926,0.3397487934711411
724,-1.4876285160790639,-8.109867794182966,0.4954138126405301,-8.164621591675806,-5.564083338454029,-7.76302974426497,-1.5308698452620986,-6.617452307006688,-0.47206450701574953,-6.766874807679945
727,-1.0039710232073236,-2.7688048011770756,-1.1883140653492985,-1.7965688230903025,-2.939797814934643,-1.688636955369236,-1.3286337744729446,-1.0188863956285799,-0.7772790979358695,-2.955551063986084
729,-1.030450269333812,-2.1682287796163235,-1.319859522402342,-1.797504993507228,-2.3222966524844844,-1.153541227791913,-1.7675915547586176,-1.5009897325877328,-0.8435356625641193,-1.7060813721116692
731,-1.573519742952775,-9.320347711437764,-1.3931502734493928,-7.1675827592911805,-3.313794569922366,-8.35476000465644,-1.995704037900166,-4.73577003401002,-1.0817004104845902,-7.0885509356029655
732,-1.3487408300112795,-8.615103102433388,-0.29682738415386034,-7.093855353203702,-1.2048724998891889,-6.892228809237185,-1.7443098276270612,-4.835233197228493,-1.0639533826001966,-7.3420752465026045
734,0.17634995189288238,-0.1933889304450931,-0.5269207721205951,0.03416419972674434,-1.3174057777065755,-0.6827635515128454,-0.35164149779235265,-0.9820946553793509,0.8276552525570029,-0.6840153915701517
735,-0.17000622616535813,-5.155671483796091,-0.7646073533737543,-3.502906531649508,-0.17131540195992012,-4.14031594023931,0.2354209971934467,-1.8707747462592343,0.6430383477241436,-3.7600873789470413
738,0.25990494481051163,-1.848316561738487,-2.10685644050979,-1.4880328599524826,0.7585957690159495,1.0294853627511096,0.6148014042783789,-1.2333448256439425,1.0580758470029874,-1.5842496598063338
739,-1.8658384243699597,-6.753827156502542,-1.442249764228324,-6.133930606970218,-4.441360710605125,-9.113366430207655,-2.01230700803132,-5.360475240805668,-1.3091905476993324,-6.357604973309856
740,0.23268105279932322,-4.2257603128202215,-0.703178979480988,-1.9617991500054148,-1.2360806088842962,-4.295367269984597,-0.5615931250176824,-1.5723807782002615,0.7190398944466684,-2.6692121605274903
741,1.0745832548503165,1.0053630043019544,0.38178352124016846,0.6406610613938435,-1.1098870280671536,-0.9292835571529039,1.0533730303856121,1.224594863773944,1.8040023951678248,0.8264778997448954
742,-0.6234969068371399,-5.197005018486303,-1.6846226058044893,-4.825978787256516,-2.1423410102066955,-5.802104331274611,-2.000157469677009,-3.532847412183119,-0.19294427523304553,-4.133670451054167
748,-3.5451350833302735,-6.808825245363964,-1.5734254307850064,-7.059737754246185,-5.652145077834071,-7.667700318309202,-3.9666296713484095,-3.9883250325808985,-2.077291607155412,-7.587202792225069
749,-2.111635002957129,-5.217076746835177,-0.09556694120904768,-5.5460488566760375,-5.112387368596337,-6.005386360153201,-2.7828396406001357,-5.791360822367498,-1.9777430900413413,-5.420462330792081
754,0.45606365619989175,-0.26335406101733067,-0.3885006694411829,0.050374938572933,0.3435582697371057,0.12048427962255329,1.0163727396637239,0.04777638646659371,1.4126177532781592,-0.24380619944648807
755,0.6373486958922459,-1.2633540610173306,-0.06844864198437443,-0.8270688125088012,0.2675567230145808,-0.5404797678211278,1.6645692410538362,-0.44086357528336456,1.6430383477241435,-0.549054995860635
756,-1.0866103060742227,-0.9725020381686093,-1.5600444981410977,-1.7600482085734668,-1.6861625760759373,-3.419686774536248,-1.689039884332241,-1.4430793597675464,-0.9014997784822553,-1.320144711494979
760,-0.15320016947289547,7.808363760901788,0.6361789313580444,7.486512546884657,-0.2751320822625471,5.688708063707153,-1.2722638002829916,4.964238984886162,-0.5637409374523219,7.660999602759086
77,0.4653505243548496,-3.787188686712988,-0.01700342939234109,-3.684191571341863,0.15366970665656543,-4.225278440960466,0.3983817853948851,-4.137022286672744,-0.19763517084860588,-4.467606128586463
772,-0.4476138048289103,-2.140797812099065,-1.2031789794809877,-1.6195500628693793,0.4291142279334832,1.5745230349020336,-0.2553189588211545,-1.0258260760045208,1.0580758470029874,-0.18747509854004696
775,-2.338418559439434,-7.625690919708856,-2.4963742232884005,-7.235960373396068,-3.8650643263582967,-6.449371328708395,-3.1128051169165336,-5.472311385088897,-1.280608509360404,-7.1189106041915835
778,1.3290408448966222,-3.4798337646553836,0.38070928795088005,-2.34327955135499,-1.011688421665402,-3.01424605787406,0.6042976573634327,-1.1093810689221497,1.016015536420874,-2.409001036264267
78,2.0523861951710898,-1.348316561738487,0.6742647716007465,-0.48803285995248247,0.1825942222934246,-1.332961018181706,1.892408982941931,-1.4408635752833645,2.872754157042792,-0.2565737455000569
782,0.13571112987581568,-4.655671483796091,-0.3406089000962794,-4.795387782010086,0.5086325705832712,-3.9327971905998877,0.632312860276472,-2.087254449897287,0.35788048534576616,-4.760087378947041
783,2.1648682391008562,-4.475878373323147,2.0126979445103466,-3.6999040735079873,2.847442948824503,1.0556327852159977,1.8792032750891292,3.304386214790779,1.309291574718789,-3.6777793339184175
784,2.456063656199892,-0.5558353113779088,1.7240326083762034,0.09692964076867369,3.0235062422802974,2.0032516528040416,2.0828198749123965,0.35161767507721353,2.112338075392072,-0.29176840944575594
789,-2.2549687268865144,-8.115103102433388,-2.9341385742083634,-6.169856899926228,-3.197897566453013,-6.731264761793504,-3.335969759227555,-4.696466209464038,-1.6181345652591306,-8.219518997584338
790,-1.5924256619853767,-3.721557256381689,-2.012991534348976,-4.2938087645526295,-2.2109674645984505,-2.9280050385627154,-1.5832416076455198,-2.4509450949432177,-1.0533838696117082,-3.805063063685325
791,-2.60269296380282,-3.8106802021156367,-2.8905282645522528,-4.719113565648917,-4.65376997637284,-4.1693252168479695,-3.704931567322011,-4.853229320672153,-1.5693620942203275,-4.157579452638804
795,1.84989679829542,-6.174507083355293,1.2235698616853754,-4.972540279178213,-2.202826364441774,-6.086552582028544,2.0720446641755643,-2.881704339012085,1.1361897031338026,-4.505914575063889
796,-1.3244234271797068,-8.894717151017431,-2.1865223469206194,-8.326914699592006,-3.3425206751097036,-3.989410752802253,-2.906997186000182,-4.52485791275942,-1.127860620701712,-7.493146725335345
797,2.117027703643573,-0.6873525142948057,0.8817835212401685,-0.03458756214822312,1.2675567230145808,1.035521778901397,1.4906075893436828,-0.2798995278396833,2.2280008484452996,0.5007128409148224
798,2.3345752794536216,-3.877763406265271,1.4169781851858678,-3.7249984541186887,1.3369154243619932,-2.6111576924438986,1.6979951729639335,-1.0580962021018756,1.8020762324200215,-2.9821793014162212
800,-0.24009505518948843,-3.4332790624596434,-0.8143751901492117,-2.4120313132299573,-1.1098870280671536,-1.9806889599447914,0.026149138374424202,-1.1221486149757187,0.9702900647112601,-4.037694957610593
801,-3.3716122581063854,-5.6407978120990645,-3.4458923930661083,-5.072995360673639,-0.49467663052096245,-1.6666733486382705,-3.607591017058069,-5.02582607600452,-1.9270504812999867,-5.245213707250015
803,0.34486744553166804,-4.670244656625849,-0.7011209252448716,-3.3099609548398448,-2.4318151229545157,-4.447370363429647,-0.9922845529873605,-3.2627916701707265,-0.017925699719537377,-4.274660551776799
804,0.048696429988290935,-1.4097449356312537,-0.274986633457153,-1.4880328599524821,2.5473872541937292,1.3252990483397953,0.6072511205635538,-0.45573724698039025,0.9643773470128655,-2.09912333150336
805,-0.36265130410775415,-0.7836750532660035,0.28546098226897054,-0.2918741485631024,0.7403328310033925,1.3631976932076744,0.42185582746871536,0.3738147347564402,1.7979659790175373,-0.7068059087245995
807,1.1373486958922459,-3.348316561738487,0.17426477160074647,-2.488032859952482,0.29379043296164853,-2.332961018181706,0.4361404035671008,-1.6483823249227865,0.6724851922509276,-2.1602512065288586
808,0.6971395037685821,-0.36863755398715986,1.1665907894340286,0.2841273981594228,-0.03388548134462863,1.610621077200548,1.2046544153958276,1.354949540217719,2.794590458021997,1.9451971847204503
809,2.8940784721517705,1.810389745143948,2.047881736410763,2.126376485295458,0.8825595257377424,-0.5770114989159895,3.065624809071835,2.2787632930664694,3.1740864082700995,1.8397487934711412
81,1.3448674455316678,2.0088061970945743,-0.021893939788633687,2.4378416607555464,-0.8174057777065754,1.1964858263450782,0.599927732581353,0.7552951361060156,1.3040023951678248,2.186492272220804
811,-1.3515297672718356,-5.04471377454199,-0.7110484121883553,-4.9331799024913945,-1.445354889982658,-4.181196426150779,-2.035271164542287,-2.9925074794893756,-0.6385562176731568,-4.6798299420250125
812,-0.8160966019120132,-2.766567195597047,-1.0218939397886333,-2.8099609548398448,-1.7708510755108344,-2.786406315985965,-0.09330644095968338,-2.4703104198101484,-1.1788897471632185,-2.32121525397254
813,0.9706368290296502,1.4670305916690738,0.3922228860781266,0.6802545754733996,0.2691905799315364,2.5595900394235325,0.9111777909012597,1.543910446531315,1.7615579463745685,1.5568075780954822
819,0.6575459896890261,-5.462725906986427,0.16489150120309623,-5.602442205200423,-2.3468526222333597,-3.967691355678319,-0.5088679849549602,-3.4125718111001806,0.2622053303268785,-4.716921943066831
821,-2.0265602990230613,-7.402905413416124,0.05691047888117978,-6.250140461269542,-0.6443310192319323,-7.180031120219922,-1.9324640594170577,-6.995452426961002,-0.7026242465105448,-7.007321308567074
823,-1.092033432095945,-3.9247473542460343,-2.279609771988535,-3.6408893965017155,-2.713541712585889,-3.602218656938128,-2.334879246564543,-2.6329571408441397,-1.0445886554516277,-3.19587511625958
830,-0.3716122581063854,-3.9332790624596434,-1.1534111427055305,-1.7805141103130606,-0.5338854813446287,-2.125442268542284,-0.031589470335543934,-1.5723807782002615,0.21903989444666858,-2.537694957610593
833,-1.8610174471907985,-2.1375846775193486,-2.3406089000962798,-1.076771831490347,-1.6228846323336255,-0.4500854076948234,-1.3927488794364462,-0.5350861199899195,-1.076022208471799,-1.4676061285864628
835,-1.825954891313672,-4.854980013495596,-1.2271151871865333,-4.592894918111343,-3.946032020906729,-4.645341825979989,-2.1770199098571075,0.7595465066408793,-2.035602304641646,-4.196665164160299
837,1.24854490656047,-0.2836750532660035,1.3000341550987287,0.8044483904080956,-0.8639604799023163,-2.332961018181706,0.8296435419000017,0.38106451960399784,1.8645100956485077,0.3781565919965565
838,-0.8770527648035154,-0.8277183672541508,-0.957090414778501,-1.0482875922051051,-3.1542905391118365,-1.8552027170837229,-1.5567813344632917,-0.5674446201571262,-0.6029986986104414,-0.5409099147795193
839,0.6101248038810577,-0.25011795533673525,0.6665907894340286,-0.6823155039113088,-0.5338854813446288,-2.917923518902862,0.4186426928889991,-0.32966736461514057,1.5115211448072468,-0.5154978979313666
841,-0.4110812953248529,-6.5042958121942025,-0.1753728497151664,-6.130776004727602,-2.2602526508112426,-0.38874069695692226,0.20088994038297106,1.2142148685539464,0.938553676231523,-5.095475601664558
842,-0.5398260903976237,0.6525845595785061,-0.4086396748842935,-0.7200064098323772,0.45475448040532995,2.534800070466563,-0.3247924291309562,0.19065362763353272,0.6525927591979961,0.42990230345585806
843,-1.4467906701257094,-4.663385105772361,-1.09039216272744,-4.944997886986652,-0.7342098465050055,-2.432770098854551,-0.9368877841165568,-3.6374125206668135,-0.5447595687309865,-4.791811758354783
848,-0.7695418997162724,-3.670244656625849,-1.8903767368717366,-3.8099609548398448,-1.5281376619257137,-1.154889113069068,-1.2220003623060092,-2.4703104198101484,-0.5676935364949947,-2.370983090747997
850,-1.9983133327421354,-9.185418827190142,-1.6779329680881871,-8.249133578681613,-1.7701708162114596,-6.010436303338844,-2.4475951465217314,-5.937053820748147,-0.8893120781832823,-8.1450814137436
853,-1.91677943830353,-3.522668447442709,-2.6745909285752996,-2.786340739985685,-2.233875168229733,-2.5744270997444656,-2.577910133426724,-3.1872535498242973,-1.2268437660352958,-3.5904008287480123
854,-2.048787044396255,-7.047688407707583,-0.400239939293742,-5.979885956282157,-0.836658897783253,-4.502886019624018,-2.0745198386624626,-5.47927137380878,-0.7154214782580806,-6.652104302858533
857,-0.8620744567995688,-8.33120870406953,-0.305247276881129,-6.643249087977249,3.3385918855600774,-3.6018824942580085,-0.4558613661439008,-3.9775602046577063,-0.4339256374606274,-6.531947138191678
859,0.1839033980879869,-0.7228357749718772,-0.263886366286801,-0.11380224345046452,-1.0815952638839694,-0.8475341910114639,0.32964354190000184,-0.21641309971080053,0.9513740279483907,-0.41753779294373783
860,-0.1439486479541051,-0.7102543591013679,-0.9369314390674774,-1.028601241315185,-0.4030730635550672,-1.5014785118204912,0.26089178002503405,-0.7361681072145135,0.7717322690704693,-0.32758324793627047
862,0.6053928139821495,0.2984422534702255,0.07103933286703365,0.022707003752743676,-1.4206312164402883,-2.5183798658658603,0.6666272952899523,0.10709863471590347,1.3753724812258659,0.1354289294307946
868,-2.609052266969366,-6.841237530240157,-5.014814908290304,-6.773435078814731,-4.6991305355400215,-6.910844487404533,-4.732029188476636,-4.32258833311681,-1.8276855610983,-5.238134675751685
869,0.6170277036435731,-0.5263884668511245,0.06306856093252243,-0.2918741485631022,-1.1098870280671536,-3.125442268542284,0.5533730303856121,-0.5371861142545624,0.8505570973635654,-2.1602512065288586
87,-2.5325763055500663,-6.144010946678781,-3.68107907752572,-6.687404705921579,-5.516777623675672,-5.134403222540915,-4.414827208554884,-4.868075163140556,-0.7272277568690558,-6.7836215057754305
870,0.34486744553166776,-1.848316561738487,-0.5218939397886337,-1.9880328599524824,-0.6098870280671536,-1.332961018181706,-0.900072267418647,-1.1483823249227865,-0.6494429026364346,-2.452732456889437
871,0.24854490656046985,-3.348316561738487,0.06306856093252258,-2.988032859952482,-0.3174057777065756,-0.6719969707380248,-0.7391082199749659,-1.4408635752833645,1.6724851922509276,-2.1602512065288586
879,-0.6551325544683322,-3.348316561738487,-1.5218939397886337,-2.488032859952482,-1.3174057777065755,-1.625442268542284,-0.996394806389845,-2.4408635752833643,-0.8569616522758565,-3.452732456889437
880,-0.4476138048289102,-2.348316561738487,-1.0218939397886337,-1.9880328599524824,-1.6098870280671536,-1.625442268542284,-0.10759101705806917,-1.1483823249227862,0.6430383477241436,-0.4992871590851778
882,-0.15513255446833218,-2.348316561738487,-0.7294126894280556,-1.4880328599524824,-1.6098870280671536,-1.625442268542284,0.7960864439707331,-0.9408635752833645,1.1430383477241435,-1.6602512065288588
887,-1.9314983751617523,-9.791260057587214,-0.6440373277201835,-7.93097635580121,-4.7717093118053455,-9.068385764391014,-1.973125458380745,-7.383807071132093,-0.8428060268971066,-9.895675952738165
888,-0.5721362605826135,-6.672744997155032,-0.5105272715367035,-4.506743939327855,-4.05095899470357,-5.184613345609439,-2.211469554542094,-4.200650502227427,-0.5124552683142098,-5.9584459319983365
89,-0.4589738430789521,-0.5671953496279505,-1.792178130469985,-1.1105891088707482,1.726988341651878,2.302381314471349,0.8848555367468269,-2.1949370271185273,-0.7992230435658886,-0.7850372795424745
892,-0.37161225810638526,-3.4332790624596434,-0.9458923930661086,-3.572995360673638,2.5867486073200587,-2.71040476926344,0.8074464822207748,-3.525826076004521,-1.2344054033575909,-3.537694957610593
897,-0.4476138048289103,-2.348316561738487,-0.22941268942805565,-1.9880328599524824,-0.3174057777065755,-2.125442268542284,-0.40007226741864704,-1.4408635752833645,0.8505570973635654,-2.452732456889437
904,0.8448674455316678,-1.5558353113779086,-0.021893939788633687,-1.4880328599524826,0.18259422229342448,-1.625442268542284,0.6848902333025091,-1.9408635752833643,1.5467158087529458,-2.452732456889437
91,3.0218994667389985,-6.43339465376194,2.1915326339083654,-5.9698855132422235,3.0345158373554,0.26368571976376165,3.3042911091386156,2.9797538674914366,2.932970152839739,-5.418730680315509
911,-0.640559381638574,-3.0910299753236075,-0.9930361908604898,-1.5801615061773209,-1.8735105294995877,-2.736638479210508,-1.0112684780868708,-1.5520597859515886,-0.4130664040688688,-1.9847139862554193
916,-0.7549687268865146,-2.925955674477442,-1.231050255444486,-2.7376491733001185,-3.841240403402233,-2.771833143156207,-1.8329580715601101,-0.8615573001113481,-0.2046641913423531,-3.265114211279003
923,-4.202501306992379,-6.527202517179431,-3.9710640859109283,-6.035401612476528,-2.750365184982681,-5.219365723262071,-4.425243960263467,-5.327268280363731,-3.6673648106336962,-6.000101209413483
924,1.24854490656047,-1.848316561738487,0.43155135801562555,-1.1955516095919045,1.2807928286951762,-1.125442268542284,1.3458542807461904,-0.6483823249227864,1.8040023951678248,-2.452732456889437
930,0.4674236944499335,-3.4332790624596434,-0.9458923930661087,-1.9880328599524824,0.3697919796841734,-1.917923518902862,-0.031589470335543934,-1.2333448256439428,0.9617533080317894,-2.376730910166912
931,-0.4995397202143405,-6.07078565284388,0.3742834508395758,-5.904784595016702,-0.25081084614069266,-5.591961840381961,0.08143672722199824,-4.263481991631673,0.30622228104911836,-6.0640053373266065
933,0.05238619517108972,0.2163249467339965,0.2705873105719444,0.46541243785177694,0.4750754726540027,2.439199239930199,1.0533730303856121,0.8050629728814729,1.5115211448072468,0.13223004383171927
936,-2.031532561390473,-4.925765790446301,-2.9383791210527663,-5.469159549689099,-2.803559299775153,-4.521606457557744,-2.392558995405305,-3.0984609541134462,-0.7064320036875938,-4.6720781685975465
937,-0.7400950551894883,-2.140797812099065,-1.6068564405097898,-2.78051411031306,-1.1098870280671536,-1.417923518902862,-1.324070720696122,-0.20389798111715837,0.9617533080317895,-1.8767309101669118
939,-1.6410098953539216,-5.548615552026014,0.059101268937719276,-4.968045554547018,-2.632958388028272,-6.994676078208003,-2.1197020678907266,-5.261666615322788,-0.6002570324277952,-4.905521259472785
94,1.6971395037685824,0.563897655969786,1.4153406191694369,0.5879686867700427,2.97256643527069,1.955053669793868,2.5146129253719023,1.6971986273537545,1.5580758470029874,0.8691956379979253
941,-1.0325763055500663,-1.933279062459643,-0.9458923930661087,-1.6195500628693793,-1.4023682784277316,-3.71040476926344,-1.985034768139803,-1.8648620285608395,-0.8307279423287888,-1.4730534491381098
942,1.0523861951710898,0.055360899290315256,-0.22941268942805565,-0.6955516095919044,-0.8174057777065754,-2.125442268542284,1.3924089829419313,-0.44086357528336456,1.4355195980847217,-0.3677699561682807
943,-1.3298818027599637,-6.3037628248214945,-0.023519301038877408,-6.735960373396068,-1.1515296181081345,-5.17721107059649,-1.0335904356142922,-5.396309838366372,-0.10067485468415151,-6.700659970333023
945,1.213350242614771,-0.026388466851124448,-0.22941268942805565,-0.0843553989236803,1.6974678939904506,0.3280030292619752,-0.23910821997496595,0.40935628378718153,1.580272906682214,1.8509326999853681
946,-1.4476138048289102,-2.848316561738487,-0.9369314390674776,-1.8270688125088013,-0.024924527345997323,-1.4644782210986027,-0.900072267418647,-1.9408635752833643,0.14303834772414353,-0.9305353972102103
953,-1.1551325544683322,-1.6873525142948056,-1.3257352283992536,-1.16610476506512,-2.0249245273459975,-1.671996970738025,-0.6703564580999984,-1.3559010745622082,-0.4532841912470543,-2.660251206528859
957,0.05238619517108972,-0.36863755398715986,-0.8143751901492118,-0.5843553989236804,-2.4023682784277316,-1.4806889599447914,-0.4000722674186472,-0.39243280565707006,0.21903989444666858,0.3397487934711411
959,2.1097779187960155,-4.170244656625849,1.463532887381608,-3.356515657035586,1.5242553051933447,-3.493925065625387,3.2975019867896096,-1.4125718111001806,3.3542109207867847,-2.4384478807910512
960,2.975131220643277,3.002769780944287,2.3000341550987287,2.67966231739448,1.1974678939904506,-0.22176480751348193,2.664569241053836,4.090328170654802,3.7764316180715944,2.83077022823408
962,0.4298299462528239,-2.348316561738487,-0.1182164787598316,-2.988032859952482,-0.6564417302628944,-1.221764807513482,-0.9000722674186471,-1.3559010745622082,1.2007769564341115,-2.2917684094457558
966,0.37110115547873557,-2.9332790624596434,-0.08465938083056312,-3.072995360673638,-1.4023682784277316,-3.71040476926344,-0.1776798460821991,-2.7333448256439423,1.101807267628157,-4.037694957610593
967,0.4148325761039052,-2.4110820027804163,-0.8609298923449524,-2.2805141103130606,-0.3801712187485048,-2.256959471459181,0.4684105296644559,-0.2719287559051725,1.0273755746709154,-2.1874750985400473
972,-1.4068175929523195,-4.218857413057706,-1.4834545247077817,-4.437222407828983,-0.8891515745013419,-1.5982183765310962,-2.793157063502135,-3.2491676389521755,-0.7413749988365277,-4.416206580864323
973,1.0473593628391282,-3.4332790624596434,-0.5218939397886336,-3.572995360673638,0.3163343777259175,-1.049440721819759,0.7845446374142124,-1.3296673646151405,1.1227173554754706,-3.537694957610593
976,0.13734869589224585,-3.348316561738487,-0.7294126894280557,-1.9880328599524824,-2.1098870280671536,0.12845505155706405,-1.400072267418647,-0.7798995278396833,0.6430383477241436,-2.952732456889437
980,0.4560636561998918,-3.4332790624596434,-1.1068564405097898,-3.572995360673638,0.385086139600885,-0.044946330206131646,-0.9000722674186472,-2.525826076004521,0.26559459664240914,-2.537694957610593
983,0.6373486958922459,1.6954148588866826,0.8817835212401685,0.9156446010763196,-0.6098870280671536,3.5871656831074077,0.9218558274687154,0.7201004721603167,0.6430383477241436,0.9043903019436242
984,2.909508954004151,3.161826188683837,1.2078218695300151,2.757893688212355,0.5510770193765275,-0.625442268542284,2.946671211331015,4.6950138275398725,3.2542345583923673,4.8256702369243225
985,-0.4476138048289102,-1.848316561738487,0.4315513580156256,-1.9880328599524824,-0.10988702806715361,-1.125442268542284,0.7960864439707329,0.3516176750772137,1.7542345583923675,-2.452732456889437
987,0.04102615692104794,-1.4708728106567528,0.18703231765431522,-0.262427304036318,-0.17470466827545117,-3.125442268542284,1.2720756865392615,3.2661486796557124,0.7795475949273515,-1.3677699561682808
99,2.590793993696505,1.0744284637337007,1.6390701076550476,0.3894108911292518,0.8901129719328463,0.535521778901397,2.804623200650204,2.494318784508338,2.839197059113524,0.8397487934711412
991,-1.0357577440941226,-7.486572648940795,0.2685813193142842,-6.626288947154791,-1.2172325197111427,-6.763698355744593,-1.3423485710559935,-6.371600912846251,-0.6554776897254413,-8.383469794452322
992,-0.24618975969344536,-8.04875627987958,1.2626181441990383,-7.688472578093574,2.826771318981357,-6.825881986683376,-0.10585908940628311,-6.848822043063878,0.035139579370886194,-7.360690924669951
996,-0.38555916103053256,-3.055225149206162,-0.12510162249422446,-1.6724077532192627,1.1463147500907753,-1.1175425250912459,-0.1967930482409434,1.4579645940297907,-0.3253269765238506,-0.13657476999320683
998,0.11702770364357301,-3.848316561738487,-0.43693143906747756,-3.488032859952482,-0.15644173026289437,-0.2892295975565363,-0.8151097666974909,-3.1483823249227862,-0.025479145914641732,-3.4527324568894375
999,-0.15513255446833218,-0.3948712639342276,-0.5218939397886337,-1.9880328599524824,-0.10988702806715361,-0.721764807513482,0.599927732581353,-1.1483823249227862,1.0115211448072468,-0.3677699561682808
1052,0.05238619517108972,-2.348316561738487,-0.021893939788633687,-1.9880328599524824,-0.3174057777065755,-0.8329610181817059,-0.40007226741864704,-0.9408635752833645,0.7542345583923675,-2.452732456889437
17_2,-0.9476138048289102,-3.348316561738487,-2.021893939788634,-2.988032859952482,-2.1098870280671536,-3.125442268542284,-2.400072267418647,-2.4408635752833643,-0.8569616522758565,-3.452732456889437
217,-1.9476138048289102,-3.348316561738487,-2.521893939788634,-2.488032859952482,-1.6098870280671536,-3.125442268542284,-1.900072267418647,-2.9408635752833643,-0.35696165227585647,-3.452732456889437
22,-0.4476138048289103,-2.348316561738487,-1.5218939397886335,-1.9880328599524824,-1.1098870280671536,-0.8329610181817059,-0.40007226741864704,-1.9408635752833643,-0.1494429026364346,-1.952732456889437
292,-0.6551325544683322,-2.5558353113779084,-0.7294126894280557,-1.1955516095919045,-1.3174057777065755,-2.332961018181706,-0.9000722674186471,-2.4408635752833643,-0.8569616522758565,-2.1602512065288586
387,0.3448674455316678,-2.348316561738487,-0.22941268942805565,-1.1955516095919045,0.1825942222934246,-1.125442268542284,-0.40007226741864704,-0.9408635752833645,1.0802729066822139,-2.452732456889437
411,0.5523861951710898,-2.348316561738487,0.1390701076550475,-1.4880328599524826,0.7120410668202086,-2.125442268542284,-0.40007226741864704,-0.7798995278396833,1.1430383477241435,-1.952732456889437
44,-0.9476138048289102,-2.348316561738487,-1.5218939397886335,-1.9880328599524824,-0.6098870280671536,-2.125442268542284,-0.10759101705806914,-1.9408635752833643,0.35055709736356544,-2.452732456889437
501,-0.4476138048289103,-1.848316561738487,-1.0218939397886337,0.3044483904080957,-0.6098870280671536,0.778235192486518,-0.10759101705806917,0.46281388574543764,-0.6494429026364346,-1.452732456889437
506,-0.9476138048289102,-1.848316561738487,-0.5218939397886337,-1.4880328599524826,-0.8174057777065754,-2.125442268542284,-1.400072267418647,-1.4408635752833645,-0.1494429026364346,-1.952732456889437
59,-1.4476138048289102,-3.348316561738487,-0.5218939397886337,-2.988032859952482,-1.3174057777065755,-3.125442268542284,-0.31510976669749097,-2.9408635752833643,-0.4884788551927534,-3.452732456889437
607,1.4560636561998919,-2.348316561738487,0.9315513580156256,-0.19555160959190443,-0.3174057777065755,-1.625442268542284,0.684890233302509,-1.9408635752833643,1.5115211448072468,-2.452732456889437
643,1.005831492975349,-2.348316561738487,0.2705873105719444,-1.9880328599524824,0.6825942222934245,-1.625442268542284,1.0036051936101549,-1.4408635752833645,0.35055709736356544,-1.1602512065288588
753,0.7213210145492817,-1.0425992056973132,0.3465888572944693,-0.43960209032618774,1.8901129719328464,-0.044946330206131646,0.6804236709175051,0.9713506424249083,1.2542345583923673,-0.14374367791487722
79,0.8448674455316678,-1.0558353113779089,0.5630685609325224,-0.48803285995248247,-0.4489229806234725,-2.125442268542284,1.7608917800250343,-0.4408635752833644,1.8040023951678248,-0.29176840944575594
917,-1.7400950551894883,-3.9332790624596434,-2.60685644050979,-3.072995360673638,-3.1948495287883096,-2.417923518902862,-1.6925535177792252,-3.025826076004521,-0.5734413559139097,-3.037694957610593
956,0.6373486958922459,-0.39487126393422745,0.8000341550987287,-0.32706881250880127,-1.1098870280671536,-1.125442268542284,0.26089178002503405,0.1440989254377917,2.046715808752946,1.2171925445528753
454,-1.9476138048289102,-3.348316561738487,-1.2294126894280555,-2.988032859952482,-2.1098870280671536,-3.125442268542284,-2.400072267418647,-2.4408635752833643,-0.6494429026364346,-3.452732456889437
932,-0.15513255446833218,-0.5558353113779088,-0.3609298923449525,-0.6955516095919043,-0.8174057777065754,0.43919923993019905,-0.40007226741864704,-0.6483823249227864,1.1430383477241435,-0.952732456889437
