strain_id,ERG11_HYR1_noMTX_noDrug_avg_logratio_Fitness,ERG11_HYR1_MTX_noDrug_avg_logratio_Fitness,ERG11_HYR1_noMTX_5-FC_avg_logratio_Fitness,ERG11_HYR1_MTX_5-FC_avg_logratio_Fitness,ERG11_HYR1_noMTX_Fluconazole_avg_logratio_Fitness,ERG11_HYR1_MTX_Fluconazole_avg_logratio_Fitness,ERG11_HYR1_noMTX_Metformin_avg_logratio_Fitness,ERG11_HYR1_MTX_Metformin_avg_logratio_Fitness,ERG11_HYR1_noMTX_Trifluoperazine_avg_logratio_Fitness,ERG11_HYR1_MTX_Trifluoperazine_avg_logratio_Fitness
1005,-0.6324168794440167,-6.249095303443381,1.0663624538603504,-1.9296519644783448,-2.8659416149965007,-3.98656757719675,-0.5869191615507546,-1.823492815988085,0.4050734079660419,-3.4262428290192686
1007,0.08557060665875635,-3.77032477876042,-0.017752947253729966,-0.9046636853047392,-0.4200328486117403,-1.9576774246948092,0.4498632613019487,0.009748625964471997,0.28604172202311773,-1.783999219509313
1013,2.323028184242689,1.3277202936074493,0.5054340530650001,0.0056194560604850285,0.0964646368063898,-1.3926441224769626,1.0020122488827217,0.782146985964264,1.715623873559865,0.978424814073654
1016,-1.2519926043131933,-3.640598675893836,-0.6057621576032244,-3.4809624514533573,-2.0774970149037637,-4.699999044534567,-1.8903051738960386,-3.2599505777439504,-1.4065854902733583,-3.0364488576233724
1018,-0.6351066743460407,-0.8625346144678374,0.4995444462202853,-0.7274049053282865,-2.4579536092150636,-0.020209749307724234,0.37757383371292347,-0.4085412940197891,0.5069318008328938,-0.2311769503555447
1020,0.3115418922638048,1.6755280108878603,-0.8143145488557699,1.597563799478752,-2.9727495108743747,-3.161132958402865,-0.4016794788810563,1.4216942196177182,-0.16105280760835877,1.5725028950521813
1025,-1.134318288413155,-4.350696879782614,-0.5980465147732767,-3.269120256300776,-2.4780645948597346,-4.850589907677775,-1.939559245148235,-2.71928490528005,-2.0120709780244312,-4.201913392463607
1027,0.4883379646642648,-2.8641763816286616,-0.3378892673603239,-1.1464935905164668,-2.8275338164710853,-3.5854709687258373,-0.38182581839159346,2.1774304010321988,-2.326894178368035,-1.7028602256187004
1035,0.4760797481055288,2.2154211815186065,0.4294325063424749,1.9346099536242711,-0.9035353631936102,-1.1001628721163845,-0.7904690014778564,1.4813525763099813,0.37658792100354627,3.3030529028323112
1038,-0.6743465049884081,0.26050311617949273,-0.4756926366716166,0.2017913287904588,-4.808660506207702,-5.797769265491054,-0.278147960954003,-0.6913668318801353,-0.44503346298053614,1.1570557868449485
1040,-0.5466370964474158,-3.339870395514602,1.0887619563940976,-1.0111496013278523,-0.02636983743198207,1.065174537462795,0.576968080071282,-0.45950628446903435,1.0852042285089305,-2.419722559961806
1046,-0.6026565331435124,-4.0197428933870505,0.1429210626376589,-0.9910578871185091,-4.736425377358352,1.4903125970435898,-0.48587877957229764,-0.0888482007493922,-0.36786419735191,-1.3051201517542912
1050,0.9175024850119567,2.3842247745220426,-1.3254549958209938,-0.22249513723899172,-4.073460364635923,-2.609123826115016,0.3609327184263648,1.6371462592472321,-0.044792208090855296,2.3749103160211282
1065,0.2510632877880048,0.3498201955627167,-0.9331375730422335,-0.7868617943000931,-2.6960166135541885,-1.3166425757544378,-2.7642352915307886,-2.1580622061594,-3.59905443647994,-0.46383657721637805
1069,0.5184085241433269,1.485329260381996,1.062531152299079,1.1785723384834124,-0.4447208309643508,0.8764661180101657,-0.11553256190600542,1.3231239110765964,0.1450864049318104,1.850485107700199
107,0.1705951786804763,-2.934416993403577,0.5972900296511938,0.1209259201311933,-4.573460364635923,-3.062569123919275,-0.15837481942454612,0.16857205089663274,-1.2426954125201755,-1.6477687667434888
113,-1.535970642020926,-2.08399337066984,-2.9200199794233432,-4.073895724109025,-5.518245207308818,-5.346389919148489,-2.4248560649115074,-3.464080061067841,-2.5438392791528357,-3.0218756847936135
119,-1.7286157199633219,1.0057921987200868,0.005434053065,-0.0865928295082288,-0.9035353631936102,0.10735587752303735,0.28553254524466853,0.23237914918880667,0.6468721116848977,1.6745835254630344
124,0.2890468889942599,1.5838545499441086,-0.4505202821225719,0.39261761861607153,-4.780979114275345,-6.562569123919275,-0.746912220127343,0.23546033799891358,-0.5967101135831253,0.36471956602211775
128,-0.36825759870275665,-4.845582740694059,0.07680413912304071,-2.421757030076187,-3.386427505524654,-5.536500312251688,-1.6335429572234386,-0.069353198266665,-0.29398789825190885,-4.00446732825739
132,1.043594853603592,-0.6427607307202192,0.08552734136533063,0.9110357949984469,-3.1988398951247596,-4.939198824672704,0.5911890606391683,1.59699225527352,1.006914062893349,0.15133532854896575
133,-0.6046519632415293,-1.936469192569945,-0.6555299943786813,-2.5865928295082288,-1.611054112833032,0.36913685555154385,-1.2055065007567,-2.8788170614794177,-1.3531278883151023,-2.021575185926346
136,-0.28242020700662074,-3.023654645806697,-1.5240127914617845,-3.9772726862705587,-3.064499410637292,-3.714572217364325,-1.5686656757400492,-3.70074515636678,-0.9823404646057048,-3.8435032808137084
14,0.45356985203770706,0.32176447231910105,-0.4958353604580348,0.1610616203005465,-4.703044411164898,-5.979607588476867,0.3875490073484906,-0.025554392896493167,-0.31824154317333186,0.8086310296519637
146,0.3210843673332511,0.2808714623410241,1.1629362511313257,1.1092835853247502,-2.9725560096898223,-1.7123383047556668,0.5769911414414991,0.04590310023289185,0.9352103971418143,0.7970829328446529
15,0.1299854497090659,-1.864328164379447,-0.5563506298102867,0.3060175518784849,-4.295852785972371,-5.784961545255723,-0.08295025183843463,0.8193553451662302,-0.8997480218248202,-0.9124851009015794
151,-0.2263927674477261,-3.4482099092395266,-0.4335466161609031,-2.3900872330338063,-4.412496317192241,-6.062569123919275,-2.1376648557345557,-1.638652581714136,-1.6456091386756806,-3.238054889564399
153,-0.3357230833738831,-4.802282431582355,-0.6101877147669217,-2.692290196802179,-4.68090972116398,-2.7368941748917464,-1.2924699667566049,-1.960032708060407,-2.1663170847759874,-4.36995904633293
17,-1.05968090058513,-3.141935743042999,-2.155529994378681,-2.857539718922864,0.039143353835828315,-3.477606623198119,-1.6101741438496227,-2.6985222038511836,0.10564103158891108,-1.3140564362869243
171,-1.1623905719514975,0.059580012412396716,-1.4522922514909715,-0.8222015960157327,-2.0190125806135466,-2.104443878868097,-2.0536741606608784,-0.9777867502853721,-2.8238517971375465,-0.6221787316492563
175,-2.632293180992124,-3.433079926254414,-1.5592074554074835,-3.5387010601633255,-3.2108902852512147,-2.907517794173989,-2.7791089632278148,-3.6861719835370215,-2.6604828103727067,-2.5364488576233724
180,-1.484722291957678,-5.432807256615769,-1.2501014528719083,-2.364957239504335,-3.665316341222117,-6.123724828173398,-1.1453593838978446,-2.077601225027014,-2.0565673762609427,-3.9753614657839624
180_2,-1.7374572870729426,-2.8731619839811198,-1.4103083528803237,-0.6259682065333125,-7.090019701166071,-5.068473207326718,-0.225271819883689,-1.2550363154429962,-0.7199397183670495,-1.7226299583822064
185,-0.4633583616139323,0.3498201955627169,-0.6555299943786813,0.6371366589773819,-2.9884978639147666,-2.9776066231981186,-1.1101741438496227,0.12118293852058269,-1.5990544364799397,0.8469076111567571
187,0.0357525905393558,-1.58066223122048,0.3163570657634184,-0.7757402574641747,-2.909521684026648,-4.85207574111426,-0.2574540663102578,0.28571507660507833,-0.9088820459235976,-1.7192258265351368
188,-2.1436532192421662,-3.5569732423218428,-0.9593712829893012,-3.3163086388268774,-2.818572862472454,-2.1001628721163845,-1.9979877511172783,-2.39913805372809,-1.768165387593946,-2.5215751859263458
192,-1.1586505893910846,-1.4679740913328456,-0.7404924950998375,-1.4345897360631787,-1.5622764581216955,-1.2478908138794704,-1.2528752532807468,-2.230027102614084,-1.0253106303186614,-1.3412803282981125
20,1.7045085855922641,-2.327920131736478,-0.7518525333498792,0.20588842085234932,-1.3837711811002917,-3.977606623198119,-2.416662582294999,0.802344279761044,-2.9380903890362586,-2.6065376866475023
209,-0.500537476661104,-2.804910049624522,0.973324272739404,-0.5470986814348144,-0.2071430169777524,-1.992480294895145,0.5201388649596098,-0.05736165949229159,0.8844557388922896,-1.8916955490258798
210,-0.5533670964212556,-0.033743586775512896,-1.8924955885448878,-1.5945053130890703,-1.6405009573598166,1.0890929395104803,-0.6889554532430983,-1.4354877980173901,-0.6270937732031974,-0.14734456942432847
226,-1.898779102124529,-0.7559574754541283,-2.530201513429849,-1.0543020064955382,-5.08678754379943,-4.914932255639101,-2.964595329805565,-2.3648775936062325,-2.546977180055484,-0.6686493921021002
235,-1.1991688754365377,-3.467974091332845,-2.5795284476561564,-2.740307092104352,-0.11105411283303224,-3.977606623198119,-2.23067819360152,-3.463779562200574,-1.2488345774093936,-2.1065376866475023
240,-0.09522244961587144,-2.286689051640491,-0.07056749365752507,-1.7313461381057211,-0.45009006538935087,-2.3926441224769626,-1.0252116431284664,-1.6135597031300275,-0.6366481846770494,-1.5215751859263462
248,-1.81860505301644,-5.456614053082804,-2.3720096980167344,-3.901271139548034,-3.780979114275345,-4.562569123919275,-1.5919112058370657,-3.1802592658386266,-0.8990891330356221,-3.030536139924977
250,-0.1749345206192999,-3.0214316932911016,-0.7020846965744223,0.13446004173027848,-2.035052566110507,-4.977606623198119,-2.624181331934421,-2.9060409534906055,-1.8531278883151023,-2.6065376866475023
252,-1.0676516725196408,-0.23242682325140662,-0.994565946935,-1.362863341022618,-1.111054112833032,-1.1001628721163845,-1.2904690014778564,-1.9637795622005736,-1.4291294350376276,-1.5215751859263462
253,-0.2818806800402236,-0.3070100438891643,0.2734605031851046,0.764187299509275,-1.758782054596118,-3.1851253728375406,0.22276710420273893,-1.7562608125611516,0.8927986598497348,-0.4455736392038211
254,0.4936846868924288,-1.121051418067184,0.4318329994743852,-1.1116131707580266,-0.8331460353022125,-5.214572217364325,-0.4013647132788128,-1.5916990144153689,1.2495292654546755,-0.3344031914070956
257,-3.030357014309299,-5.301562723337517,-1.7169583682714484,-5.079932140259311,-0.9355168925595929,-6.199999044534567,-3.618144915784134,-4.367457023229376,-2.9995187629290254,-3.9252526469551485
258,-1.5535290134052309,-2.9262070519875616,-0.2632006570670572,-1.2320971506883374,-0.8542180401335016,0.5883419269278642,-0.6294549143185408,-1.5228016242114917,-0.4820675628638915,-1.7218741762138734
27,-1.739975758213364,-2.464760956753129,-1.0128288849475569,-1.8163086388268774,-2.742571315749929,-3.3926441224769626,-0.5810741844078806,-0.3769409940488635,-1.4756841372333682,-1.9366126852051897
270,-0.42126079790571785,-0.9942078012799132,-1.1555299943786812,-1.5238273884662994,-1.40353536319361,-2.3926441224769626,-1.5829502518384344,-1.7340637528819252,-0.44945042728630025,-1.021575185926346
271,-0.36476438354470303,-2.615866931375411,-0.7703903227738184,-1.2554693605327514,-3.7254634580809727,-6.036500312251688,-1.0561396945831816,-2.041707271670902,-0.7216106853982057,-2.9357155663824224
272,0.1678119562179224,-5.69357964724901,1.3675408964436788,-5.430717984074818,-0.8450572900206861,-5.299534718085481,1.4412841029788033,-5.578188907448514,0.27598080645290646,-4.4284657815348645
277,-1.7286157199633219,-1.494207801279913,0.13695125598189678,-1.3163086388268774,-1.40353536319361,-1.3926441224769626,-2.3754315021990124,-1.4637795622005734,-0.06064663795452424,-0.521575185926346
286,0.27048203161330375,-0.9124584351384737,-0.19253028510057008,-1.9420780223248597,-1.1405009573598166,-0.392644122476963,-0.08054975870652414,-0.10473577022031533,-1.271378522173663,-0.6473445694243284
289,-1.0178838357441837,-4.397885262308716,-0.3590726823229069,-0.8868106860747739,0.47090333801107404,2.6143661126805045,-1.4301287461884984,-2.4492063893708154,-1.3172325467810975,-4.167966060540269
29,-1.6799351762623562,-6.325096850165907,-0.18509280558263552,-4.2120153279211685,-6.602907209162707,-6.884497218806637,-0.643678397742353,-2.2224032157646154,-0.06300153623973026,-4.677215611270273
291,0.3360257885091613,-1.12572500419681,0.6369512559818967,-0.2313461381057212,1.549909934610649,-0.8926441224769627,0.07801379560524666,0.6211829385205827,0.3078361591285788,-1.021575185926346
294,-1.5270536310956506,-3.557518409890639,-0.01936534543380372,-1.2678908445937578,5.183332939353848,1.673423256237304,0.18972364430965089,-0.7902372960015918,0.23648205843403444,-1.3747358768847517
296,-1.0553680617000036,-4.242135314723498,0.051489034062754124,-3.610790854466204,0.04790896933190075,-3.555609135199392,-0.9512110616846898,-2.5877433189223664,-1.0658607378129892,-4.477021449009353
299,0.575734152217232,-2.6641328027222255,-0.8368150340710354,-3.063488614797002,-4.073460364635923,-5.562569123919275,-0.9255572390167632,-1.4242511980139358,0.6734814256604695,-2.7625096898048724
307,-3.2346020407963603,-4.95363941991721,-3.6149616130159785,-4.483259007103596,-2.819235561205738,-4.85207574111426,-4.249900620115153,-4.262247133394189,-2.6515954595087186,-3.981006804563643
308,-1.0210969703239001,-2.079170302001069,-1.4480112447392595,-1.357539718922864,-1.4884978639147666,-2.1851253728375406,-1.4603940029201687,-2.463779562200574,-1.4380903890362586,-2.1065376866475023
31,-1.4066876250759597,-0.5017612474750175,-1.8630487440181032,-0.5907030829107126,-3.4035353631936105,-2.8926441224769626,-1.4219862043947535,-1.1066568033675124,-1.4291294350376273,0.8251682928233166
311,1.2187931616906498,0.37427499580319,1.1369512559818968,0.22742278179829223,-0.11105411283303207,-1.3926441224769626,0.9747883568715336,1.2323791491888065,1.1468721116848977,1.139388861517335
312,1.0844632211267862,1.7143037874169185,0.23660566009359982,1.3462121943738543,-2.4789434524409146,-1.4856664558797577,-0.6181092945638877,0.8562866582969838,-1.346956120884899,0.20765470385863996
32,-1.652614173240797,-2.8716515523616475,-2.7404924950998377,-2.4975936785192316,-1.6960166135541883,-2.4776066231981186,-1.8754315021990127,-2.3877780154780486,-1.8065731861193617,-1.445573639203821
320,2.1063995587722903,2.1408649751124944,2.378694857522099,2.0132926148608914,-2.8797448309265556,-4.393118537173737,2.1158506183323755,2.189581614603516,2.6143630730669676,2.1504136914124903
323,-1.436134469602744,-2.994207801279913,-0.959371282989301,-2.0865928295082288,-2.90353536319361,-1.8076816217558065,-1.3754315021990124,-1.9415825025213467,-2.514091935758784,-1.7290939355657677
325,1.4928073231169785,-1.3370716328691605,0.9253119809192505,-0.07311789813968203,-5.546493317035653,-6.167119279235903,0.6531571243760241,1.6592412793793927,-0.07988695077151121,-1.6142019702657897
33,-0.780964409296669,-3.6086171465278536,-0.6000143381843096,-2.4085209243955914,-3.225463458080973,-2.422090967003747,-0.1457156928803643,-3.285707657087936,-2.3825747328418867,-2.1825392333700275
335,-2.067651672519641,-2.710687504917966,-2.155529994378681,-1.857539718922864,-2.035052566110507,-3.1851253728375406,-1.8754315021990127,-1.4841005544492465,-1.4380903890362586,-0.47314441630005155
336,-0.6179519870047012,-2.603419560846664,0.0021477261032566974,-2.0860510739285436,-3.2020029343872265,-4.691111693670579,-0.29821073170947,-1.6288538630467388,-0.8999210919249664,-1.9372753839384735
337,1.34454289216497,-2.3543564895298053,1.1875875817500532,-0.7700060237099259,-2.6221479719083334,-2.756064233660241,0.8959401999765059,0.3791902146443402,0.7897838914186576,-2.2129097128300246
339,2.407395874567202,2.7098907169425392,0.6284480433290516,1.1606877061047172,-5.064499410637292,-1.941124987420507,1.5634617077743136,2.619957736805153,0.8214485788855246,1.371722995019057
347,1.4701670304071337,-3.6903665126692933,1.6792379584785495,-1.9626995134408003,3.6950604437481926,-1.5390349970908859,0.11157089353451496,-2.3176891864539186,-1.1880535874689373,-2.536448857623372
348,-1.2286157199633219,-3.7866890516404914,-0.8053101353081351,-1.620149927437497,-1.318572862472454,-2.8926441224769626,-0.3370237036735972,-1.6275668912148258,-0.2681653875939462,-2.021575185926346
350,-0.6609318302603504,-0.49884670807391873,1.9046004491291861,-0.9041446384962187,-4.811493830974125,-2.2359610817849935,0.4806742713810852,-0.6540765299193422,1.049206849130322,-0.7961403833594098
354,-0.10922229016976381,0.573267723021375,-2.269939339626622,-2.0804981250042722,-2.85698066099787,-5.299534718085481,-1.0469926607772557,-2.2757578783690837,-0.7875892610198516,0.10390560084026332
358,-1.2859370029338835,-2.0214316932911016,-1.2404924950998377,-2.947825841743774,-2.8275338164710853,-3.1851253728375406,-2.416662582294999,-3.1985222038511836,-0.9291294350376276,-1.3768218773288536
359,-2.652614173240797,-0.14193574304299872,-1.7404924950998377,-0.41263117779807534,0.09646463680638973,-1.6851253728375406,-2.667912752559591,0.33865146687885694,-2.59905443647994,1.5054631504515503
36,-1.436134469602744,-0.7866890516404912,-1.1555299943786812,-1.0238273884662994,-0.11105411283303215,0.8035145889124176,-0.4219862043947533,0.4526654448817974,-1.5140919357587834,-0.021575185926345976
364,-1.32493825893452,-0.6167640501981788,-0.6165287383780448,0.1657815606528713,-2.258782054596118,-2.2478908138794704,-0.4717540411702106,-0.05262693043878586,0.6106623388727492,-0.5788964688969074
375,-0.2947027728037557,0.6644630671359126,-0.11315505276182444,1.5098868135150805,-2.7349701724264683,-7.542391241981645,-1.0478986982037783,-0.2121359849144116,-1.237964534555437,1.1717364342298116
383,-0.4825842838897615,-2.76180526089053,0.2214845109180303,-1.5888981427238047,-5.468606117451117,-6.250196127095046,-1.4199008468648473,-0.98269197116257,-1.1108437205150041,-0.9144979862259432
385,-3.3135782206844784,-3.079170302001069,-1.7404924950998377,-2.740307092104352,-0.8275338164710853,-0.07392916216931678,-3.9603940029201685,-3.54874206292173,-1.8065731861193617,-1.6065376866475023
392,-1.8466019747665707,-3.6946475194210056,0.06677531295241373,-3.6665284978974237,-1.6210829390036592,-2.7428639815475093,-1.5321397997149355,-3.6420222206624393,-1.420174336108744,-2.6370524033462823
397,-2.9583315292819705,-3.6034195608466644,-2.6615163152117196,-1.709811777159778,-3.909521684026648,-4.559594490753682,-2.5809658007369616,-1.2007037579036592,0.6913395833896658,-0.6773416476888379
399,0.736588067787248,0.31708109108393834,2.0861626561860334,1.074309233186074,-1.1675863714396482,1.7230867092918845,0.9326413905425729,1.179126932979695,1.1355034155676682,0.9742366361252967
40,-0.0527780008226148,-1.786689051640491,-0.5443337837104573,0.7551703380941439,-3.9884978639147666,-2.9776066231981186,-1.5069487051159096,-1.1547907832260138,-3.306573186119362,0.13938886151733515
400,-1.6830417759342242,0.43470432387145286,-0.9412252349524954,0.6023220000652791,-4.766133271806942,-6.416206078533976,-1.3609196942447728,-0.6694824580920625,-0.9608778759617406,0.8503934153751179
406,0.5072820020308885,-3.0458072451006633,0.8828778041467338,-0.9000883156025592,-0.6017770556214357,-6.593083840618055,1.5579290471388538,-0.11899764280086303,1.6977395383988778,-2.5520899026251262
408,2.7263308219216986,-1.2866890516404912,1.2481474666501209,-0.7313461381057211,1.2926233481957699,-0.8926441224769627,0.9170497481615655,-0.9637795622005735,1.2318346124060537,-1.021575185926346
409,-1.1541763774690157,-3.258007264457568,1.2911211812811987,-2.335682797920457,-3.2448376171745523,-5.65794482973538,0.4485535354465185,-3.481552505274981,2.4827641941391247,-2.9943946428241848
40_2,-0.43613446960274393,0.4430267576781574,-0.3630487440181032,0.13713665897738186,0.0964646368063898,-1.3926441224769626,-1.3754315021990124,-0.9637795622005735,0.1820667756305966,1.0633873147948103
412,-1.6436532192421658,-3.2866890516404914,-1.1555299943786812,-2.023827388466299,-1.111054112833032,-2.3926441224769626,-1.7904690014778564,-2.463779562200574,-0.5606466379545242,-2.021575185926346
418,-0.7286157199633221,-0.09053034025111104,0.13695125598189678,-0.19234488210508466,-1.40353536319361,-0.6001628721163845,-1.0829502518384344,-1.0601021011717715,0.2156238735598651,0.13938886151733515
419,-1.7966464947513365,-3.6551718487235947,-0.9128165807935608,-3.1847914359099807,-2.1608219496084895,-3.714572217364325,-2.0639663267389246,-1.643006547656812,-1.3531278883151026,-3.5510220304531304
420,-1.6665550640487283,-5.494207801279913,0.05128397013340502,-4.316308638826877,-4.111054112833032,-5.392644122476963,-1.1868262370047367,-3.8788170614794173,-0.7230209449293948,-4.229093935565768
421,-0.5188740178083039,-0.8414036555366123,-1.0601976374716036,-0.47968864054896776,-3.780979114275344,-1.7503236914653781,-1.434160292973101,-1.8010366050502977,-1.1402855165759265,-0.6524989313680216
426,1.0173108282015155,1.0857278671092816,0.958879350869259,1.6723313229230812,0.00014209783519178454,-1.1001628721163845,0.3207272091903676,1.6858244469930659,0.7895732211160219,2.2040303699898183
43,-3.243489391660348,-4.594043973698096,-2.4628849164362854,-3.3311823105239036,-4.210890285251215,-4.199999044534567,-2.9210054462281105,-2.5252079360933406,-3.6604828103727067,-2.667966060540269
431,-0.984690137077233,-4.630939104055274,-0.5260137567405325,-3.9032721048267818,-3.1514628766371957,-5.640571635920548,-1.3849859136728648,-1.447968572613961,-1.7690984807006989,-1.9770214490093534
433,-0.5426313312698433,-1.346510675140236,-1.7318089291147936,-2.116947886330556,-2.357604934096499,-4.980106963727302,-1.7560803789372659,-1.4368330582029727,-1.112914815259165,-1.4709758245395668
434,2.1507317920904008,1.8421530992188835,-0.13047771124049395,1.484960627798292,-2.297201969380244,-4.093665650721201,0.7346196887929233,1.2381853216156298,-0.25916215293692657,0.04114178885961439
437,-1.304617266685847,-1.2049396854990517,-1.1849768389054656,-0.3308818116566357,-1.8217859970521708,-3.714572217364325,-1.4124317929209014,-1.2419762364627664,-1.2713785221736629,-0.39005798300944927
438,-2.482095714323264,-5.664132802722225,-0.4752351367504476,-4.98623364026919,-1.9124963171922416,-5.562569123919275,-0.97430297499005,-5.633704563642885,-1.3803517803262908,-5.191500187368659
439,-0.4708601474319007,-4.612191440681041,-0.0209386743082427,-3.844630428505724,-3.4605237404054323,-0.7407442469096024,0.18346098585872467,-3.2180698929246065,1.2039030567212765,-2.4757714963132216
43_ref1,-5.52428041920965,-9.008228271594849,-3.3624256008489155,-9.134170397752431,4.925120827789,-8.906664592791898,-5.6184197013722255,-10.074122571486706,-0.7177165666663747,-8.03559565624128
43_ref2,0.21552532936632735,-8.961347164842856,-0.6512677082457213,-8.385007206975772,-0.6649016347083239,-10.4267113594073,-0.9845137039773816,-6.31232151044744,0.9474126406051573,-7.431678666134889
442,0.572166514065821,1.7427577928862932,-0.616528738378045,1.3284446697706151,-0.9035353631936103,-2.4776066231981186,0.12956054208729828,0.764112358610503,-0.07685737680071308,1.8514020027703844
444,0.1750617410654802,-0.8830115906116892,0.42943250634247493,-0.5238273884662993,-0.40353536319361016,-1.3926441224769626,-1.2144674547553314,0.28214698596426385,-0.11041447472998142,-0.22909393556576782
446,-2.9031195344351457,-6.746120670277788,-1.5873203952653838,-4.983259007103596,-2.8629669818309074,-5.35207574111426,-3.710899364114517,-5.072991321767325,-2.024600826393325,-5.481006804563643
45,1.3513199484258724,0.21331094835950884,1.2979153034255781,0.34465540861680366,0.5964646368063898,-0.3926441224769627,1.2855325452446686,1.1971844852431075,1.7783893146017946,0.7081406233923027
450,-1.414600108656801,-3.9536394199172102,-0.7787489420302309,-3.8222949596599154,-2.0704857314703293,-3.85207574111426,-2.4311856598075074,-2.693495371519222,-2.8125595069523994,-2.896044303842487
452,1.768560998466107,0.21331094835950878,1.005434053065,1.4686191653385965,0.7926233481957699,-0.23168007503328153,1.168299918426157,1.4714027975911286,1.0081051239204433,1.8146374850594018
458,-0.9139374099235174,-4.021431693291102,-0.9185644002124751,-3.639490161519527,-1.6960166135541883,-4.477606623198119,-1.4313981415405808,-2.7125293919359823,-1.3531278883151023,-3.445573639203821
459,-0.2627443643125483,-0.9869877021263223,0.6057775878911116,-0.09555378350685984,-2.9045255452577305,-3.147531624640431,0.3817313857639739,-0.5796601663049643,1.5244257991412171,0.34720440092454985
460,1.1657203297217509,0.8981405299194788,1.3878886494370324,1.0038015306180756,-2.2337921300577768,0.4043213597445584,0.7443014651486819,0.6734484745376556,0.469467267182124,0.4499612800312362
466,-0.9361344696027438,-0.5905303402511111,0.4294325063424749,-1.2313461381057211,-1.111054112833032,-1.6001628721163845,-0.06807658014140834,-1.5103342643963142,0.3221207352269642,-0.11789772489754394
468,-0.5847919774784559,1.1681558642875598,-1.1558147805418346,0.7068043436137327,-2.75023633143193,-5.461123860359729,-0.6787381787357342,-0.19669628274627818,-1.6804862404504162,1.3166006266015478
470,-1.063417961817281,-0.8341601739773783,-0.37403884148335875,0.2623683283076621,-0.7356113270300461,-4.211581138356762,0.021375781130215696,-1.0500389310040736,0.17503897801988694,-0.7424549390945578
473,0.10901264156156568,-2.1504149472240073,-1.2211522610178078,-2.904688235092188,-1.458778349749338,-5.416206078533976,-1.2207674731451483,-2.774209140906538,-0.5005831604395439,-3.1161466444195733
475,0.8949620703905621,-2.6780704149170065,-0.22170886985336574,-0.8585537038715985,-4.407573582922435,-4.9519119135324425,0.7655145299775744,1.0804352611270474,0.13225353939180653,-1.4764717753701597
476,-1.7508638063823971,-5.858184231154038,-1.3679722463629227,-2.633231895224089,-1.1692230238609849,-7.154550193960974,-0.43689777835138816,-0.9725309001237942,-0.7502676449684044,-4.198876656731494
48,-0.6348022183754364,-1.9182062545573881,-0.5443337837104575,-1.1316917339940178,-3.6960166135541885,-2.8166425757544378,-0.8107899937265295,-1.6580622061594,0.09978287999419393,-1.2703250156617545
485,0.1617287488853496,0.9316690004446249,1.207823527749063,0.09188986300551116,-4.61298872882256,-3.6486521903016533,-0.9017237607050548,-1.649330150825729,-0.9449331266605097,-1.4851020033904587
486,-0.7855497022424616,-1.3283532434399394,-0.7797238093133778,-1.259703333602882,-1.7574449874469553,-2.4540724963697294,-2.8053426731748825,-1.048109780899903,-1.7364843570952315,-1.375484810179691
491,-1.0809777386069688,-0.018958328604573804,-1.3700252469152618,-1.1314709696402079,-5.3719279358295395,-8.022000742556571,-2.016685077204323,-1.691877999719572,-1.4348189661028727,0.21916938837799388
493,-1.15120666543727,-1.6486268490033726,-0.3408516843388765,-0.609494674314791,-2.40353536319361,-3.8926441224769626,-1.8867915404490543,-1.7381740062844093,-0.5666830541048118,-0.8976114292045532
495,0.04745941218975525,-1.5691222529894535,1.2282131211667653,0.3904398246587391,-4.715916170991893,-7.58246868135698,1.2193342740260005,1.7369980828988572,1.3068066687646653,0.5652799068261803
50,-3.239078639390596,-2.030904430654255,-2.234744675680923,-1.3364977395872377,-3.036207646454108,-2.8403416008623075,-3.726806441613159,-1.2734148379487995,-2.210539243879537,-1.6971124061997855
503,-1.5503878309555057,-1.8225079886848197,-2.1580303349078647,-0.7124594667897588,-1.8482970950128257,-4.187625713366724,-1.0004880916464618,0.661365548198779,0.08528563969668411,-1.2349416023819553
507,-1.2935643077524372,-4.0549375573327495,-0.17533734859117406,-1.9398770283036701,0.17338975609850982,-5.433052886281127,-0.669725891377066,-0.8478177389842514,-1.2147606498102244,-3.401019902286829
508,0.5186753348423734,-0.45169901634696397,0.04821075775407166,-0.35345709379758233,-5.983501057078467,-6.1250371071260306,-0.5366864742364513,0.5543115333306708,-0.44962459256073134,-0.24827231459120486
52,0.5836297124905747,-1.963863837930361,-0.43372666864087434,-1.4565343682824792,-2.2254634580809727,-4.799534718085481,-0.1871010884161186,0.8882875386488434,-1.306573186119362,-1.445573639203821
520,0.14882803111841228,0.06353080743005482,0.13695125598189684,-0.5089537167692731,-0.611054112833032,-2.3926441224769626,-1.2144674547553314,-0.47513960045061515,0.5658437326304112,0.7402057921021604
521,-2.449787023884607,-3.088450769362672,-2.1240836441747555,-3.4701941693384737,-5.209311267793758,-7.102097488105913,-2.303763655717426,-2.498454084519264,-2.7814600418335163,-2.3145835444729252
522,1.2842079861214513,-1.7760963866951776,0.9403755951569313,-0.7313461381057214,-2.3228538692241663,-5.093083840618055,0.2906894164894197,0.8786829097973767,0.7826450645295528,-0.46515110609121973
523,1.9439327271012687,2.79792724982695,1.0375142926923409,2.366183846289183,-3.8061848985847857,-4.801983172768738,1.3423384169749686,2.208382202057293,1.085414955731135,2.778885959425253
524,1.7334342228570487,0.8814526422917247,-0.7587554331123947,1.0392858407895145,-0.6110541128330322,-2.5536081699206443,-0.6509810266264487,1.082892537264601,-0.5883145727747141,0.06587656185121837
525,0.893146300895999,2.1304965787210364,1.84507425542045,2.6040041048317466,-1.3658489954907838,-5.6876257133667245,0.6353442868953072,2.0608550227612823,0.24936917925782703,2.4214998752602224
531,-1.8949033895067575,-3.4207065950865716,-1.2045850371036058,-3.224995477768175,-3.906035703722794,-3.3951444630061456,-2.2109814744514766,-3.2587611530903353,-2.5739135592585285,-3.4480739797330044
532,-0.2913811610052516,-0.7152100747194695,-0.492564981656252,-1.3113165945405663,1.7686125907642982,-2.8166425757544378,-1.421986204394753,-1.1763251441719569,-0.315551751356423,-1.5018110038330272
535,-1.2610850471362052,-1.9960325936613543,0.469878488580815,-0.7738693654864015,0.3725499271870222,-4.448041338457545,-0.660914501098955,-2.896053797472417,0.2964446553301778,-1.3923906125286498
538,0.9246128741751465,2.0438411110073726,0.7417316444525364,2.698025421094629,-3.197508542773599,-3.5301476462268973,1.2148133529694203,1.7900952379568267,1.4420341767449902,2.905619151869974
539,0.29638521953226993,0.6236949974009562,0.40565443378283095,-1.5135292111839629,-1.4838179166678476,-4.776949732868299,0.956515316235514,-0.6480586368127268,0.09600205203763851,-1.920572699708229
540,0.6511665749363058,0.8264626840652844,0.10088899937184266,1.1709650460992593,-1.95336283764596,-2.578775860271239,-0.181821724629472,0.5072140514294711,-0.3986369495591421,0.7504300039688709
541,-1.773249389011866,-2.1176908198829834,-0.47790907241324027,-0.0650414958791298,-2.697171693897789,1.9336450144183641,-1.632718088613892,-0.6770922989776016,-0.7135765010843789,-1.3617662188262654
543,-3.135506315571841,-3.9974209358596298,-2.901456542543519,-2.9614182564068896,-1.0807101494834803,-4.799534718085481,-3.717680589335048,-2.8820301960591337,-3.836020030646146,-3.6359845311742864
545,-1.4083869133068925,-1.7346368246660067,-1.034066578186072,-0.10593876719795556,-2.275771928611184,2.4972524690061415,-2.2539680860064033,-2.045279370297509,-2.402182931040027,-1.1118613087472566
546,0.7351693401822534,-2.7298086792250342,1.4179529514022686,0.08678655894672113,-3.7728763965712244,-5.846947656575733,0.13127838340516562,0.9241894718191139,0.4139514841383189,-1.0228629235854032
557,-0.3321880437820778,-0.9504763806547437,-0.02740205777731569,-0.9364643946132324,-3.2720181602767133,-5.714572217364325,-0.2591011238038754,-0.13739291994518482,-0.2557691568683029,-0.8158620630631137
559,-1.4826891717984845,-1.4552065452792766,-1.2518525333498793,-1.8790740798688068,-3.4884978639147666,-3.6851253728375406,-1.880458334530974,-1.3525833515323495,-1.8943589684110889,-1.3768218773288536
564,-1.0900787904117712,-0.6481521220889405,-1.0854411653545513,-1.7734437018139353,-2.199706378736987,-0.8093191877722371,-1.6003329609187729,-1.0717626382890812,-0.9643240989833264,-0.20141582307458553
567,-0.3989808978154487,0.9170147038124652,-0.4565191367770096,1.033116566982057,-4.745875523812558,-0.9262922938891429,-0.29793458064985673,0.5423527532820703,0.2698507058479763,0.6744924519801222
57,-1.748936712211995,-1.4242426707076756,-2.0795284476561564,-2.277307382826241,-2.0848204028859643,-2.5739291621693168,-2.2994299554764877,-2.463779562200574,-1.8531278883151026,-1.3140564362869243
571,-0.23230548514612095,-0.24730049494843268,0.2910124036630627,-0.6884812010927794,-0.37467761426546675,0.10735587752303721,-1.558822667534824,-0.1129937183850675,-1.0675495377170396,0.36722860340542984
574,-2.1615015241047857,-3.2500159768554653,-1.0563506298102867,-1.7780826086079409,0.03503626291362305,-2.2412301246305537,-2.2043966885561783,-2.561739667188202,-3.002731897508742,-1.6443132031510905
576,-1.7698468000593084,-1.5497234574742853,-0.1555299943786813,-1.857539718922864,-1.3645341071929737,-1.0739291621693168,-2.5829502518384344,-2.4841005544492467,-2.4380903890362586,-0.8768218773288536
578,0.06336461332991271,0.9608551788890884,0.3798495356675793,1.3429037639326598,-1.5677886924647635,6.066538804699462,-0.09222587599602812,-0.0945945258403854,0.7162035222230835,1.3289361712172312
58,-1.6136129172401605,-1.9128826324576338,-2.825454995820994,-2.582556179240388,-3.573460364635923,-3.158891662890473,-2.480714995168842,-2.954928561333844,-2.1953769754511376,-1.2380548895643992
581,-0.5439573971759807,-3.239236113512069,0.186564997085366,-3.9795875849175935,-3.9352971063674294,-4.2986364821528,0.49596648145901717,-1.195186606445859,0.38228497179533993,-2.1797199642901486
586,-0.04367659798102845,-1.8622220387359898,-0.07788181959879137,-1.007763034134208,-4.103032107010902,-4.725534136641705,-0.3388004165188635,0.21780683941547063,-0.21613647994396812,-1.8173944687148351
588,0.2405271759787042,0.16483008341596453,-1.4888181275160857,-1.3272108239860518,-2.821785997052171,-4.714572217364325,-1.1602888657101225,-0.4979380336706709,-0.6683248532991837,0.17320821995501667
589,0.4842874572020825,-3.647953681817283,0.9352929569001138,-1.9570536156161502,-1.956494557691156,-0.7504174277426132,1.0304736018010408,-2.4434644250216486,0.9318315324058078,-2.557497413376627
590,-0.19355524772491076,-1.3154317989708713,-0.24863939877016283,-1.4388648877451429,-2.40353536319361,-3.3926441224769626,0.3542843071196361,-1.5863358111188393,-0.8419439818008752,-0.8788740764952219
596,-0.8750065945772452,-4.624744246030167,-2.414454146809991,-4.804948600576836,-1.5109249818068968,-5.784961545255723,-2.2848567826467296,-3.137741213910727,-2.0256337423153044,-4.217733897315727
598,-0.2498041494264157,1.9330948480285164,0.25430895699026385,1.7552836137585295,-3.335641837613154,-2.3247505968965063,-0.8229241510159644,0.5744598482460939,-0.8022972546869591,2.3182359888128627
599,-0.5506031197143604,1.4553010746387014,0.7611409633775632,1.4338074461078796,-3.0869265285294216,-4.322555293452832,-0.280720913664958,0.4137323401892982,-0.25616157641367454,1.7475390799329904
599_ref1,0.8095553637383721,-6.053528967740011,0.3071969435503446,-5.283432826989859,0.9626505952242248,-9.307177192293917,-0.29574704195573615,-2.765878423009709,0.5102533341464226,-6.921234584046275
599_ref2,0.9336699669265149,-5.834589458140103,0.41824096747632983,-5.8538297652430895,-1.1401491837778246,-10.049068985754744,0.12966022253413695,-2.9414005037943984,0.6763608236770987,-6.284048769508411
6,-0.8661693390305065,-3.210687504917966,-0.9480112447392595,-2.705112428158653,-1.2425713157499292,-3.4776066231981186,-1.7642352915307886,-1.0716439077282922,-1.1953769754511376,-2.021575185926346
60,1.442709218708886,1.3009097290477,0.7353412687377796,2.0106224806210085,-4.566814309284327,-3.9330448613666995,0.8872058933024725,0.21420055160279283,1.1572108531217058,1.5785491723451877
61,-0.5676516725196408,-0.33324375383623195,0.13695125598189678,0.11268185873690861,-1.40353536319361,-1.3926441224769626,-0.8754315021990126,-0.3398158054787808,-0.2216106853982054,0.6393888615173351
611,-0.006767933840253211,-2.3673958024338884,-0.6648378334623549,-0.24620004929320757,-2.3352580160154175,-2.448330532020562,-0.1873805838330621,-0.7445298919004071,-0.3958670125570889,-1.24880542416986
616,0.7891962349020385,0.7661197256817134,0.7609150127036893,0.29991514961306875,-2.3683406992479115,-4.395857257056679,0.26825539149273014,-0.4137112265578488,-0.6190534704458996,0.01818498389541702
619,-0.7468786579758794,-0.25149438769479254,-1.3924955885448875,-1.74755687695191,-2.2254634580809727,-3.214572217364325,-1.8471397380158292,-2.0895489456985556,-0.1398613192567659,-0.20080217138258444
622,-0.028073853429644635,-2.868468443277594,-0.23562987997082657,-2.714937114096399,-4.565250423219908,-5.8468404328638375,-0.30084344665462803,-2.7502806952404866,-0.9598841023023821,-1.8423782259657708
627,-1.750770168216808,-2.258607103491493,-1.3717370283780903,-1.1060678198423917,-0.9359570169714819,-3.811479395719501,-1.0173872748488255,-1.7426683978980368,-1.999246093290381,-2.5680389867899214
631,1.5698374747413608,0.23901383790363812,2.5128549177017345,0.8171499755866338,-3.024865872614828,-7.407517794173989,1.9505515236279454,1.303269812354202,1.724683954605573,0.2175336096517211
632,-0.20641866028409547,0.3775923175003042,-0.5653764843939649,-0.15579557453039283,-2.889250787095225,-5.129609716643169,-0.8639702076711986,0.0008496421179128577,-1.0442435654129039,0.20287528964621776
636,0.8943122214493283,-1.250505562974571,0.4412098703319232,0.6412437498995874,-4.073460364635922,-4.355050374279854,0.43261977436358223,0.19592176465628292,-0.08992858420182848,-1.0534379847315396
638,-1.4078427054195606,-1.8626905983630166,-0.41281658079356065,-1.5839745053251555,-0.9795369099161355,-2.422090967003747,-2.375431502199013,-1.993226406727358,-2.1063042213274974,-0.8900579830094492
639,-2.2987323782160756,-0.2994139862683193,-1.0670911133366419,0.39612574210052554,-0.8433882463347544,-3.5659862194634298,-3.265600187908575,-0.7927947573053495,-2.146974035053467,0.17008913384940674
64,-0.9140345676474764,-4.240134349444751,0.12056972335713223,-2.6728680649327967,4.5513136927097175,0.7298839482534267,0.18955342333325104,-1.5952967651174705,0.6123984348261517,-2.161800915381948
640,-0.8088781248605883,-2.864328164379447,-0.2617341607605945,-1.6727273004635346,-3.945632926901825,-4.199999044534567,-2.1285241958675325,-2.11721785175739,-1.6407186282793877,-2.016684675530054
642,0.14914413433137774,0.7412730216978346,0.739251296871639,-0.07466309741375222,-1.289296771294898,-1.6396385428137958,-0.39373548299957817,-0.08208006119108086,-0.3142839036664701,1.357408261621374
648,-1.2914095253376952,-0.46125013708629786,-0.17273769944491058,1.283094421887843,-3.4472667838187805,-1.4462217350033901,-0.4612232334062959,-0.17329006879924458,-0.775356346270284,-0.17361487307075213
649,-1.2565120997999846,1.0766397009193613,-0.7652403716104208,0.7024785723269638,-4.015121807855904,-6.296711817499833,-1.902485670786634,-0.6062444997073817,-1.2522007124603336,0.4699138913310106
65,-0.9988999106446734,-1.0017612474750175,-0.8630487440181032,-1.3873181412630915,-2.90353536319361,-2.8926441224769626,-0.9464410046352265,-1.8788170614794173,0.16906917136412425,-0.4993781262471192
651,-1.0491363070471575,-0.25407524025268197,-0.5240127914617848,-0.8571155216037036,-2.7720181602767138,-2.1499307088918425,-1.4696959869340949,-0.22332388917669946,-0.6063042213274976,0.33965782630919933
652,-1.1430850053329547,-0.5957375965358102,-1.4542425191726291,-0.6404420417500201,-4.846928004203024,-4.060938222206136,-1.8473574704414015,-0.8624942563757316,-1.456529182749727,-0.15272239448186276
653,-0.5512485999780204,-0.6506774571099673,-0.3606482508861929,-1.3686573281602241,-2.5293047466915928,-0.857449458531264,-0.47330144438164357,-1.016370680546602,-0.5487232669773408,-0.8295502825287664
657,0.2548563205515869,0.3148845898063505,-1.4674915055169528,-0.3793715427680509,-4.231211277499888,-2.0755667281857475,-0.39440138002988234,-0.6201606084766133,-0.3102629513021607,0.1271541843663429
658,-1.6740902458330706,0.13353945690191282,-1.986419043264675,0.9493647615529502,-4.234424412079604,-4.884497218806637,-1.6442598951704128,-2.530539239707361,-1.4675372335630432,-2.243848876702005
66,0.04693364396491492,-3.657486747370629,-1.229565432996529,-1.8521070322685373,-5.227778356728008,-4.924405865650781,-0.6829629949646847,-0.8409114104400743,-1.008400675411503,-3.872051889407811
660,-1.1019227638957445,-1.7568426792605445,-1.7854504118722243,-0.8008642807706197,-2.028092577390624,-6.140571635920548,-1.9689051136106286,-1.9509068557822957,-1.198626888129706,-1.1920936448438795
666,-0.9368026933841509,-0.510418540126102,0.026911835516036042,-0.22602251600596704,-1.9742132878163812,4.015143591954324,-1.7432466939402063,-2.0296117753340552,0.06957810667012043,-0.5535310678364427
667,0.3707218238866815,1.371371829102988,-0.28915332293903573,1.1279045102592642,-3.015744866779636,-2.8026584985233205,0.2753665869195726,-0.5376852752666182,1.0019110641405946,1.5368679483693484
668,0.43809614689927345,0.5707084539185897,0.6652430201650805,0.23249675948633358,-1.3217859970521708,1.6001060926754798,0.14238045266634777,-0.817388687586651,-0.06257280070232779,0.6218653879677347
673,-0.4732354967312089,0.3904017836398771,-0.5593778236466413,-0.13710438585861645,-6.761974210672591,-7.842938946542137,-0.9854144445781365,-1.0913092751785043,-0.9372828840972888,0.5487760515214003
674,-0.03650953339246975,0.13645956374726884,-1.6818635517230218,0.32491895945905064,-1.4350652225101714,-1.5310027874729437,-0.9916370907797323,-0.4289891277529534,-0.4799677852726479,0.1451961073497977
676,0.20814905876294126,0.5543510371475068,0.8116225902134855,0.4844284579862955,-1.4047887909988974,-1.6629283131583141,-0.7220209009504357,0.6389134358148053,-0.09514658814722954,1.7720791782404266
677,0.40739587456720194,-3.3161358961672756,-0.05471306379385643,-2.514272976992447,-0.1978222403303781,-2.3108947563355233,0.7095309985221434,-1.4710293470481313,0.5851551410607578,-1.5510220304531304
683,-0.12779878937849698,-2.6551718487235947,-1.1203353304329828,-3.014272976992447,-1.9957476487623245,-4.214572217364325,-1.186175690572148,-1.7970676953379776,-0.193897155731311,-2.0510220304531304
685,-0.9837742188952638,-4.971305956473351,-0.369836172751007,-3.866827488184951,-3.521519002594738,-4.6009138846990005,-0.8400045403515632,-2.0941342386443487,-0.9433639714203783,-4.572094035284419
689,0.21304534227173494,1.890328479334837,-0.31150199753605157,1.014085488927904,-1.3551045935673158,0.5459553328588941,-0.6966554998899708,0.9889975118222789,0.10564103158891107,0.7153904082398601
690,-0.03508121004085833,0.6062005095172041,0.7964834121812642,0.9758718248111757,-2.0919334024125096,-3.4414651260973264,-0.8438965941788874,0.6131406394891689,-2.239916972319789,-0.4832107363099573
692,-1.1857507829503802,-4.55563617517268,-1.4544807725930085,-2.4734872807203714,-2.227998142920171,-6.407517794173989,-1.5375609745784278,-1.1192797789470679,-1.5805471419835122,-2.7905223094585345
693,-0.32326441184157406,-1.879325104870065,-1.9188794258056194,-2.003807012876292,-1.3525152145321475,-1.1016105541016743,-1.6328443578629455,-1.9749534255189491,-1.0942297531938232,-1.5334021479950342
695,0.4648637230724562,0.3976057151852531,0.14220146222280722,0.37677965925336926,-1.3583860359816409,-3.9041054170047773,-0.39219554680446095,0.21465138029780104,-0.6186626346780798,0.6787315962405798
697,-0.5412324399781807,-3.704717698262204,0.10872757514753398,-3.5781451243403444,-2.4815378751948836,-6.433052886281127,-0.49456687828135526,-2.100510864975935,-0.2583305825417348,-3.269502699369932
7,0.49347620250585805,0.6924640009140425,0.7709178586052131,0.9654613721621406,-3.066136976653722,-2.4278387864226616,-0.599077351340748,0.44223084885799757,1.6700499295307671,1.1298388119200633
701,-0.14597533329304702,-0.9804299400196324,0.7951278681916153,0.9863469342296021,-2.5127471227603615,-0.33261624646810883,-0.10412339719323183,0.8549220909536257,0.346994280960092,-1.103563053481909
702,0.07635386316286234,-1.107821737592205,0.3505768624259702,-0.3094408400896645,-1.7791776069060217,-4.783948252337922,-0.02557323550592229,1.0045597826225907,0.35716622896043126,0.35122563252404937
703,-0.4891802398084217,-1.3915641726493455,1.0619622679787877,-0.3031292610207303,-3.0953935675345527,-4.601909712115485,-0.40163649293834314,-2.0313013717063395,0.2819848952426702,-1.5064206718800772
705,0.8907705534431218,-4.178824706112772,-0.12216057630488694,-1.6484717171163439,-4.772769172859329,-7.3468404328638375,0.11641825802619434,0.024449227608034807,0.4976576022665431,-2.893318032975378
709,0.34704484470584585,1.370540999483275,-2.094129449714538,-0.0325156728262862,-1.4842491325809257,-3.0125286175051738,-0.9110694742526333,1.2365310456034908,-0.6287623309285301,1.5172466259278776
711,-1.152614173240797,-1.9679740913328452,-1.7404924950998377,-2.316308638826877,-2.4884978639147666,-2.9776066231981186,-2.3754315021990124,-2.645064601892928,-1.3065731861193617,-0.7028602256187001
713,0.052351585265761946,1.7473645605138848,-1.0458734801764438,1.1305423304891993,-4.273465842262002,-6.297769265491054,-0.7932059555140341,1.2179885084065947,-0.21904418050552776,2.057146966206103
715,-0.617419509295098,-2.141935743042999,-0.24049249509983758,-2.1087898891874555,-0.4035353631936103,-2.4776066231981186,-1.4603940029201687,-2.145064601892928,-0.9028957250905596,-1.1065376866475023
717,-1.0909872658751278,0.4206295025076852,-0.7537893177132956,0.5094790466245982,-4.488558580847629,-1.039613533475034,-1.384658130518004,-0.4511558276916974,-1.2171920964623295,0.7849205498832745
721,-0.667776441669196,-0.7935017885980089,-0.916950388785361,-1.6156026261449732,-1.6567116962060053,-1.1376695493248072,-2.1115960440669683,-0.9212032219190045,-0.8922573952753523,-0.22678930893947313
724,-0.17482390809324339,-0.7907565175317408,0.12096739165257855,-0.5890931700374121,-0.6836432823863459,-1.4579099040480756,-0.5794228730714596,-0.17192258493862514,0.045468379626626976,-0.18786285546978157
727,-0.1401352239186013,0.8759321900565282,-0.1150723283190151,0.7928774524995225,-5.839872803328913,-5.230782956210514,-0.03419479277689258,0.6169157272492544,-0.9195187803357678,0.7601910066422156
729,-0.19967329951250543,0.9855474960797901,-0.08106704942066073,1.286535822528605,0.1980695302248645,-1.2281119843924673,-0.005063347018294001,0.16149906853357177,-0.325639087185827,1.272019545208941
731,-0.43740513232475653,-1.2023064443278235,-0.5180027400178,-0.32868527345068443,-2.934734484444942,-7.933036640630082,-0.046020532409876753,0.5587306617848644,-0.4270835026020181,-0.5303048483909446
732,1.246390988811712,-2.5919056457591285,0.412278480954827,-0.12741012141528615,-4.564499410637291,0.0730461246555534,0.8990626574126899,1.3061844594758276,0.7829957080043968,-0.6800638533945047
734,-0.6041019460433649,1.3968970814422272,-0.6347714342118842,2.058036152032193,-2.828898712848871,-7.001168579255132,0.6100631542183831,0.560329518989636,-0.12631315700661774,1.5992077954983146
735,1.8826570020736344,-2.868676919196054,0.7114608734850111,-1.1272821540245297,-2.2780044811097513,-5.059594490753682,1.7212751749833282,1.2361484805954523,0.4010969151150824,-2.396044303842487
738,-0.3661872734069095,-1.2558776334829516,0.26382955210478787,0.09177609981019932,-3.2820469864473405,0.12344804194297965,-0.1673294279384161,-1.101189722306326,-0.30165473745831944,-1.1756363336075122
739,-0.7413820944687914,-5.267917505958289,-0.3732643459804751,-2.6353634656035902,-5.090503657444235,-9.912280375320176,-0.9276305942930945,-1.2407576345730704,-0.5635520316065064,-4.137131552335371
740,-0.48674966515061896,-0.6589256170580651,0.3073383338735784,-0.9354525105759316,-0.1110541128330324,-3.283948252337922,0.3584135768931941,0.5079037130625821,0.3819682684224382,-0.945823283615534
741,-0.43530294499142186,1.4441037766899476,-0.7955839539750492,0.03831377947700056,-1.7292172264154433,-0.9511111023477142,0.3052292643947119,0.570642112530013,0.2542787097730501,1.331901326623537
742,0.4237916081038505,-0.16178147046009794,0.38811431224113574,-0.038160311538514104,0.21824738104111313,-1.4966606742461994,0.7775617733101577,0.13118879877211007,0.6455119336820543,0.14288216083842253
748,-1.1153614550589825,-2.397584763441448,-0.5625967217230147,-3.13823673371424,-3.4329822077203946,-4.310894756335523,-1.5386532902039405,-0.3860668463269751,-1.1512213575068078,-2.2892410524246243
749,0.09150674814785095,-4.643987942209367,1.2796523654130212,-4.294111579147651,-2.9561264815396386,-6.392644122476963,1.133494663753968,-3.156424640142969,0.8304702666978456,-4.860611138482665
754,-0.5504365433030938,-3.8593132520931013,-1.435672944470713,-1.731584576451344,-3.5151608196468564,-6.250196127095046,-1.3112192395115518,-1.3066879533345348,-2.201718938934555,-3.4256818927401707
755,0.22482957784093724,-1.8716515523616475,0.06317266177496773,-1.6087898891874555,-1.8275338164710853,-2.9776066231981186,-0.41666258229499903,-0.9200481415754037,-0.5140919357587836,-1.7028602256187002
756,-1.1014428392395652,-0.2391594613397532,-0.8692378872452088,-1.1444478285609327,-0.8220466779634381,-0.09019793260636028,-1.3778989904607037,-0.5990526651670705,-0.6363062101008774,0.3076850342850466
760,0.3033504427868634,1.2398070086047903,1.1345045317581703,0.32759736128824246,-1.5029873974006493,-3.3470836968279487,-0.39373265628640824,0.4778534451371384,-0.18859575023060704,-0.1577274494863692
77,0.48650543843237737,0.8942844664102765,0.06558300989817915,0.3523308307990993,-2.9617085417148172,6.706557631945878,-0.12247753397084488,-0.5391776190927631,-0.6590348038946865,0.06652377960558097
772,-0.4604921121192579,-1.0074786950061587,-0.5718209214628127,-0.34139528344732195,-1.130088133249792,1.304319215343246,0.4221389501718359,-1.7644077162314766,-0.609609848299153,-1.2756486377615084
775,0.07053209748965554,-1.5012788092413305,-0.5083071608754142,-0.6414611017502907,-3.92870705603843,-5.502778316042939,-0.7359598380172521,-0.08644576425074095,-1.0037762693727184,-0.5920882122696367
778,0.17121786961559526,1.6163285055305425,0.0997437112662123,1.09285782923452,-3.8327331147511923,-5.482805921478226,-0.5079336923607262,0.38578644730686723,-0.009830548135222578,1.0447635629112524
78,0.6078915589580889,-1.9679740913328452,-0.3680755763500646,0.25743516733440114,0.1186616964856162,-3.9776066231981186,1.4918292293326914,0.26593624711807506,0.6027179026210674,-2.153092388843243
782,-0.6293686431437806,-2.167295621846933,-0.12033533043298275,-0.9377970155731477,-1.7720181602767135,-4.714572217364325,-0.25222745857582046,-0.09927512703164221,-1.236183858227964,-1.6647272785046667
783,1.0419268583886556,2.6960728949218016,0.886693382100488,1.9055769446413882,-3.3580485331698657,-0.8877256738159205,0.18482931663783547,1.5789645243717112,0.47857642469980743,1.8665196459018794
784,-0.4271735156041129,-4.876283013026132,1.8215588530447646,-4.421757030076186,-1.1813078401366428,-2.7885727988081026,0.1382870891544128,-3.4114770405859183,0.3949038433243867,-4.0414676189792775
789,-1.3865287623269222,-4.266797305176841,-2.267155450831928,-3.220415345640702,-4.064928656422314,-5.750196127095046,-2.552011619949476,-2.1203585048303886,-1.053898237251012,-2.943944830752727
790,-0.8085436357723139,-0.4658517410167057,-0.9169355917613818,-0.691972323141421,-1.950748346743989,-2.998283258097171,-1.2235356962562718,-0.24699894267098405,-1.0989203495378201,-0.2829807833090464
791,-0.32897490920236105,0.6113307527743937,-0.38336973626677645,-0.09934207862663086,-0.6417543851651037,2.0117374357482434,-0.45478037520854175,-0.3053245521402046,-0.8263308456408927,1.256038915308994
795,0.9489515237942432,0.511258874771962,0.13798014888165425,0.8226592488192012,-1.483710678532522,-3.8741136995719945,1.2661258446289467,2.0300051083534143,0.4185685786949276,1.3151533716468218
796,-0.5825253442166668,-3.2517948865620596,-1.5892679516262689,-2.2105838991366507,-2.064799909504559,1.2589457527443209,-1.0606166431364357,-2.616083154512891,-0.9783395343858418,-2.6888761483875827
797,-0.820828005532036,-3.2401343494447508,-0.9128165807935608,-2.1087898891874555,-2.35698066099787,-3.3460894202812224,-0.5389045870260062,-0.9783527350303318,-0.8531278883151027,-1.1359845311742864
798,2.0845549057289197,-2.4212628733934807,1.252925025914216,-0.8254640270813596,-3.4910516263202864,-7.116071450899739,1.3751684025155657,0.3495632823611949,0.2156740164995028,-1.2533549594143256
800,-0.35117196888158786,-1.4364691925699453,-0.2518525333498791,-1.8873181412630915,-2.40353536319361,-3.3926441224769626,-0.7610221569510723,-1.6418514673132112,-0.16041236971834222,-1.0681298881220869
801,-1.4215612967729858,-2.509081472976939,-2.0592074554074835,-1.0960223431338867,-2.8072128242224124,0.483162062588341,-1.558822667534824,-1.8359521244664756,-0.5755203096515504,-1.63277139659457
803,-0.11194530384086047,-1.7099884763254194,-0.9500122100180077,-0.03676444398380038,-3.607731456012026,-3.736894174891746,-1.558717507170115,-0.6208203562397553,-2.0898714952444606,-1.8658252383411296
804,0.5398113134167807,0.25235950783096994,-1.7750775198442277,0.7331777344788841,-4.546493317035653,-0.9211927310710653,-2.1284386013826566,-0.10867733452609377,-0.5609034823654433,-0.029774973043152186
805,-1.2605972493293045,-0.5204415112269811,-0.6482066063964809,0.2629060424753642,-1.9184090348906364,-0.6819122382578244,-1.2476040644649145,-0.37129130359255264,-1.8130427139731107,-1.167966060540269
807,-1.0676516725196408,-2.701726550919335,-1.090888485906198,-2.7941115791476507,-1.742571315749929,-4.392644122476963,-1.4685409065904942,-3.0601021011717715,-2.4291294350376273,-2.617897724897544
808,-0.7863543286732904,-0.4537478035881296,-0.5941887344912673,-0.8552209767971465,-1.0655672828092873,-0.49693743338267166,-0.8461554110214564,-0.450300978612406,-0.39576637813722126,0.1264688590497051
809,0.554697159168841,-0.6095695529681755,-0.06878858395093079,-0.5923633127107245,-3.3014650048034975,-3.0924669515932557,0.1839476922909044,-1.0942011493436008,0.07839729408788151,-0.28733855552957555
81,-0.491650125797116,-0.24768779563985477,-0.24049249509983764,-0.9975936785192318,-2.196016613554188,-0.24789081387947032,-0.5567165418913667,-2.145064601892928,-1.6456091386756806,-1.445573639203821
811,0.7358427310059364,-0.8122117240529605,0.010537948323207397,-1.1726232024013807,-0.2811458651303476,-1.5708867809388285,-0.20682509052985987,-0.162811772538139,0.14130183288229706,-0.34457115298570407
812,-0.5879726647683139,-2.747687795639855,-0.7518525333498792,-1.4864097720050042,-2.8275338164710853,-3.0739291621693168,-0.26773241483223303,-2.2830513326635735,0.4323059471025825,-1.8140564362869243
813,-0.04736149589437638,-1.095260504875644,0.17424268936309006,-0.5862903460063882,1.1301422707072721,0.4621055063942927,-0.26456222434472815,-0.36620144379642616,0.6545959830224248,-0.28032917578078376
819,-1.0427678817696795,-5.240563595229773,0.6157592413576177,-4.720415345640702,-2.6761248670905378,-4.66523362637389,-0.6663722555005853,-1.7196575653287762,-0.3723487255042033,-3.1494113812257813
821,-1.0165968639122704,-4.187153378089577,0.020367809516584977,-1.6081576071656283,-2.659246381045204,-4.746553746730308,0.13359760310775576,-1.1189588234265586,-0.16309396210188876,-3.5364488576233724
823,0.5149909382890632,-0.5850830196994644,-0.3253813926863506,-0.3045180137990077,-1.7818997876874285,-6.02192713942193,-0.26246039628572554,0.5530443067466551,-0.012804963926870555,-0.21471314772726727
830,0.23280034977544795,-2.210687504917966,0.21295280270442174,-0.5238273884662993,-1.0350525661105072,-1.9776066231981189,-0.6032712440871075,-1.5050106422965603,-0.9028957250905597,-1.6065376866475023
833,-0.5675736510474494,0.8211099308629795,-0.7311415181014671,1.2985687087215048,-3.394617758104006,-3.1579448297353796,-0.9911282002637901,-0.26682245834402873,-1.2244773158778035,-0.13407299839204803
835,-1.2296835921353177,-0.9103527539275278,-1.7225764421723229,-0.06367885887027963,-2.78204698644734,-2.4321197931743743,-2.3461554110214564,-1.1086514452243126,-2.5446066524575635,-1.2685696062631793
837,1.8007151991992012,0.48336480816445393,0.3763910039437488,-0.4276700002018232,-4.008883986716633,-4.6608778265908635,0.7251866234092575,-0.1156349275775456,0.20917114747447058,-0.2786249835260195
838,-0.04805668965879928,1.344809570011377,0.0655783619028689,1.074669616170882,-3.5895182690918275,-3.412573543783131,-0.3066089714039697,0.5633059911136604,-0.7798440715713318,0.7034549283490212
839,0.6064242624105758,-1.7068607186462488,2.057412503708826,-0.5272096487857812,-2.9117456444113214,-1.742537506085749,0.33399300056492986,0.05308397987609079,0.771196701112649,-1.1999737143275366
841,-3.2137481796451106,-5.120277683645163,-1.508458860465383,-2.676130980778617,-4.490603989558224,2.5860084470833504,-3.1077055509461755,-3.18986174871982,-0.18594763601165867,-2.5978772315161387
842,-0.8047498516654931,-0.13404166950366414,0.5464878426089715,-0.14100386899176467,-5.371581663056251,1.742149645157026,-0.5880533738491363,-1.3009797120133446,-0.6171862704554145,-0.004445356426656888
843,-1.496315138482664,-6.491933614876697,-0.3808947481073842,-2.684712518558384,0.5599193030839605,0.8428058768214468,0.4615241223974364,-2.0708080071951858,0.316588945647223,-4.116408548014759
848,-1.5092713362915777,-4.038601920638367,-0.8076066909583746,-1.677541651062423,-1.2474897644109715,-2.6635910118915977,-1.3969457908661247,-1.436163246925581,-2.7889066495632213,-3.273488054924221
850,0.7258201956937254,-2.124448782601506,1.58349441453242,0.2053999164027986,0.9439307662280798,-2.6281370162014097,1.1108031036506123,1.416063922907163,1.4090798934381998,-0.6076854471273831
853,-1.0216457293822896,-0.18553443723098342,-0.5074437981826002,-0.32403576465855455,-5.455574969158018,-4.357265574215246,-1.3376215380227932,-1.8268353167341798,-2.4811209988891534,-0.26800095564011683
854,-1.5984355841955877,-3.357366976263262,-1.857725121918349,-1.8292479547396803,-1.9533031999690675,-3.6033760066961014,-1.806679740324045,-2.5016240279988473,-2.3138229709669194,-3.1666848035063584
857,-1.050668765711515,-4.3806362384962405,-0.34926871775571633,-1.6246282517404027,-3.411159963684891,-3.5664615631615186,-0.5655267107798214,-1.3706247879757758,-1.2313400048064915,-4.293249571423818
859,-2.080300982820571,-2.6251616714696677,-1.2856396894920512,-2.5958740550214428,-0.8698181828153494,-0.8546538912688195,-1.9464410046352265,-1.7090776156703966,-2.1144511249978226,-2.28067547009347
860,-0.5118857565261998,-1.003055386711237,-0.2748789637869782,-1.0281083952180112,-1.8376347810007347,-0.9608625405047536,-0.4192328608506616,-0.687616171050357,-0.3366705770787348,-0.5003128776030675
862,-0.3084748163714537,0.6573820739413707,-0.1995853956179086,0.14894674180401363,-1.1333262854940984,-1.6506607091236558,-0.3391075100509612,0.2618139761640835,0.08903335059428355,0.8658032533093823
868,0.10816249203174992,-2.3161358961672756,-0.7812993778766638,-0.6242837354292977,-1.4035353631936103,-3.714572217364325,0.23782276270532718,-0.42174742980633645,-1.75105752992499,-0.9660595297319742
869,0.04483150998049622,1.052855484485762,0.14891112408881296,1.734952631138122,-4.780979114275345,-3.040372064240048,-0.40410185052090686,1.565798765984135,-1.0860232881868417,1.16347250274759
87,-3.000254879603511,-5.803264577381397,-5.049549271201322,-5.555400284356123,-8.090035890376829,-6.786663399299602,-2.990878500730956,-5.293157330550731,-2.318778787078188,-5.185878653430338
870,-0.36616933903050636,-2.8716515523616475,-1.2404924950998377,-2.6087898891874555,-1.1960166135541885,-2.4776066231981186,-1.7642352915307886,-2.645064601892928,-1.6953769754511376,-2.1065376866475023
871,-0.7751704221590627,-2.286689051640491,0.0054340530650000135,-2.3163086388268774,-1.242571315749929,-0.10016287211638453,-1.1792727908096325,-1.8028155147568925,-1.8531278883151023,-0.8606111384826649
879,-2.176971815757311,-6.286689051640492,-2.459371282989301,-2.6782464361897587,-3.742571315749929,-4.892644122476963,-1.6922703950761047,-1.576386032399987,-1.7926201878344192,-4.521575185926346
880,0.7825681865509053,-1.2866890516404912,-0.6555299943786813,-1.7313461381057211,0.38894588716696793,-0.8926441224769627,0.3377008751520364,-1.3788170614794173,2.3114339098306806,-1.021575185926346
882,-0.991650125797116,-3.3716515523616475,-2.7404924950998377,-2.1087898891874555,-1.6960166135541885,-2.1851253728375406,-0.29493556386286046,-2.54874206292173,-0.08787052996571251,-1.3140564362869243
887,-1.2751704221590625,-4.286689051640492,-1.7020846965744219,-3.655344591383196,-2.053315504123064,-4.392644122476963,-1.02868802344935,-2.5103342643963145,-0.17699580168594187,-3.2290939355657677
888,0.569537202568415,0.5351391958495985,1.4106075689413837,2.172728643991017,-2.5023582426939917,-1.8901524187198349,1.0414239164284607,1.5924334268978328,0.9071539256397946,0.27958963041927604
89,-2.124449527916729,0.43572482911140237,-0.6881006193433045,0.4529702678598705,-1.6358094119407731,3.0436697630690244,0.06772594685734566,-0.7789979207977362,-1.7618704200347204,0.44867747067960206
892,-0.04447385467377113,-3.7438241146275493,-0.6817637043257493,-2.3579728306263252,-1.6886932255719878,-4.199999044534567,-1.8256636654235554,-2.956456174218373,-0.777715437191218,-2.375484810179691
897,-2.7286157199633223,-3.2866890516404914,-2.155529994378681,-1.9126311777980753,-1.90353536319361,-2.3926441224769626,-2.5829502518384344,-2.3028155147568925,-2.014091935758784,-1.5215751859263462
904,1.8528111331956287,-2.0503125530729256,0.45356009064608527,0.24284409995849982,0.747049404166672,-2.4702832352159185,0.4376092418243615,1.3647429185650588,1.652006279411811,-1.3999396104201642
91,0.9962665172337718,2.1236670966065954,0.2773558097627816,1.8602019753876804,-2.8052283731209395,-0.6264701851980956,1.3132843196058452,2.012837662566059,1.3276712318435893,2.5262068767823687
911,-0.06732971423692759,-1.0405171888939853,0.6856717348064731,0.25866696551321156,1.9309579918582345,-1.5642675305823797,-0.4405795053718411,-1.2989614671892609,0.5105267362072077,-1.6793260987903107
916,-1.2288457781762254,-0.35377508214717507,-0.14957409025710003,-1.3246373108036815,-4.049926237807533,-1.3935647958890467,-0.8860908628607482,-1.4926420054609464,-0.597646928676413,-0.2630016276795538
923,-1.2599210408771628,-3.9536394199172102,-0.8300338088505048,-2.768265086731189,-1.8468675706368334,-5.276074194391735,-1.546988459556399,-2.26224713339419,-1.6072984978742244,-3.1369788077210137
924,-0.9361344696027438,-1.494207801279913,-0.36304874401810316,-1.3163086388268774,-2.40353536319361,-1.6001628721163845,-2.5829502518384344,-1.6712983118399953,-2.0140919357587834,-1.5215751859263462
930,-2.0838624113658297,-2.7956500056391222,-1.6292962844316135,-3.401271139548034,-2.2809791142753446,-4.562569123919275,-2.480714995168842,-2.717259556560515,-2.09905443647994,-2.6915001873686584
931,1.428344965279702,1.3109400909572764,0.4487931402968436,1.6924584306065642,-3.930595239727695,-5.530900209679271,0.2838828629695274,0.8673750957390446,0.5070116384722315,1.1558709512355798
933,-0.6934210560176233,-0.44765309908417267,-2.073780628237242,-0.7607929826325056,-2.4329822077203946,-1.018413505974945,-2.697359597086375,-1.8322623592836769,-1.0900934824813087,-0.4660595297319743
936,0.5547918570421262,0.8994774725218112,0.11635541232184168,1.8123852825194486,-1.413218025627076,0.37178043125372234,0.5831252254633046,1.594964070962389,1.7180243666917754,2.41336051716251
937,0.1779185666626768,-1.0791703020010692,0.16318496592896442,0.4910462832307268,-0.5350525661105071,-2.4776066231981186,-0.2144674547553314,-0.6197515653579437,0.928586781270655,-0.5215751859263461
939,0.8487933345627301,1.1865526521306016,-0.6407779972236397,0.06701741324179517,-2.220265872399784,-1.1799277871563514,-0.17672235496319966,-0.17092581117566583,0.6231236147618391,0.9372156511070409
94,0.7078807197007388,1.6508186932782176,2.5586733571206315,2.4131338810319978,-1.495747648762324,-0.7611269195600658,0.930285853842161,1.0882839130630386,1.0793806045722483,1.9914928589944902
941,-0.617419509295098,-1.1754928409722671,0.4556662162895425,-1.2051124281586536,0.8370279816746979,-2.9776066231981186,-1.3754315021990124,-1.04874206292173,-1.3065731861193617,-0.5215751859263461
942,-1.360132922880219,-2.786689051640491,-1.5795284476561564,-1.8366296310755506,-2.696016613554188,-3.977606623198119,-1.7144674547553316,-1.8028155147568923,-1.4028957250905596,-1.445573639203821
943,-1.436134469602744,-1.786689051640491,-2.155529994378681,-2.155344591383196,-1.90353536319361,-0.01520037139522823,-2.3754315021990124,-2.0601021011717715,-2.2216106853982054,-0.521575185926346
945,-1.0517972426559719,-2.434416993403577,-1.6292962844316135,-3.6360137811986437,-4.073460364635923,-4.062569123919276,-2.1951366445707787,-1.1566064084494483,-1.8620888423137336,-1.6065376866475023
946,-1.436134469602744,-2.494207801279913,-1.6555299943786812,-2.155344591383196,0.5499099346106491,-1.3926441224769628,-1.2144674547553316,-1.4637795622005734,-0.6104144747299814,-1.5215751859263462
953,-0.3366972854234034,-2.0918952366288974,-0.1659166854017728,-0.17679631428111167,-2.2461254323830024,-4.8312435778128195,-0.9813136473519057,-0.6756579534260614,-0.5271205317341583,-3.252655891622781
957,1.0204565704788344,-0.007910879950239213,-0.7699862550128337,-0.7172234789913113,-3.111805125415648,-2.7228766761420453,0.20228037122541873,-1.3964622307901753,-1.2572558630592527,0.03714433785279146
959,-0.5177026259778041,-3.118874430916752,0.012063591405242345,-0.8147796998089232,-5.486970912734463,-9.257200884128352,0.9325075187754586,-1.679715175882027,1.6909180518216322,-1.220029735590196
960,0.7586468552213381,0.7708135989631416,0.5331121655561822,0.11259724815438893,-4.342407488168111,-4.199999044534566,0.019872963062965654,0.22855236291708875,0.2119341083770661,-0.45446099006780893
962,-1.0530528522339968,-1.4804472698979607,0.09231758693335287,1.4523566532813532,-4.017944708441551,-4.299534718085481,-0.545976678186141,0.04696030150465211,0.6949280579613999,0.047176575948621374
966,-1.5091876605648424,-2.4615089396451557,-1.8303498823833457,-0.341399619789708,-6.261516358321183,-6.250625117604535,-1.4874859491617476,-1.2503879189523812,-0.820429026680345,-1.9351845566047887
967,0.7556990230917964,0.6830031437111386,-0.8522455159234157,0.4852905477462045,-4.034459108635286,-4.688762704736417,-0.7181268871006155,-0.9505434565199778,-0.92765280132472,-0.22635054015271888
972,0.8380198395936052,2.0297268089038027,0.9659334218139282,1.920702194141528,-1.9472667838187803,2.681464408291,-0.1668994596417899,2.3046414887928828,0.37953173854573086,1.7666293910239856
973,-0.4985988850923998,-4.808886111319718,0.6907557430251949,-5.275740257464175,-4.155448232191485,-5.937038241835416,0.08454187201796962,-3.786701933634663,0.4786683156028909,-4.773488054924222
976,1.7594873251109773,-2.333243753836232,-0.8630487440181032,-3.3163086388268774,-2.111054112833032,-2.8926441224769626,-1.2904690014778564,-1.8788170614794173,-0.02545197400882543,-1.117897724897544
980,-1.4826891717984845,-2.994207801279913,0.15914831566112353,-2.8163086388268774,0.21327447518624065,-1.4889666614481607,-1.7755953297808302,-3.3028155147568925,-1.9703605151336139,-1.2290939355657677
983,-2.2656160106852106,-0.22867305491693635,-1.9128165807935607,-1.6758304819113494,-3.4329822077203946,2.3305667110643715,-2.6751625374071484,-1.7057719886987412,-1.882574732841887,0.07294172626866227
984,0.530297698050016,-2.1551718487235947,-0.22953057582245834,-1.009542812367914,-1.6480544035549207,-2.0536081699206443,-0.8554236627750732,-1.6202492180306276,-0.5838588065002006,-2.1825392333700275
985,-0.18018495033702772,-1.2106875049179662,-0.44801124473925946,-0.4012711395480336,-2.4884978639147666,-2.4776066231981186,-0.09643377563856936,-1.1450646018929278,0.5841066706429681,-0.5628062660223326
987,0.5919195428240983,-0.026458525623062834,-1.057817307510592,0.4328389598964141,-4.120015066831663,-5.062569123919275,0.861421372610695,-0.16796644669949007,-0.5439940565509038,-0.07709084212071796
99,0.08124227688732305,-0.0039045211256579365,-0.1321885300124947,-0.46780677272558735,3.375049598324641,-1.385856814016745,0.14083606224586875,-0.13907821282964408,-0.7509804793459329,-0.34734939505939977
991,0.4916169339731505,-3.270144631463845,-0.5596367011925061,-1.864667892315658,-4.100123320368013,-5.957714876734468,-0.07664836772017572,-0.7383285053434121,0.3116879200952682,-4.3791271905444304
992,0.5195930595484721,-2.4663431896197068,1.2337532549378083,-0.39400387941944376,-1.3921957345668514,0.4298976241024006,1.476099641511676,-1.6040026475367066,2.4944231506840904,-1.537756239078568
996,-1.3291566775088404,-2.4606507033506446,-0.3610070004516345,-2.8930375337536485,-2.1303943469150624,-5.1239974978120415,-0.007685149815347514,-3.54874206292173,0.30086719887602736,-2.0102151476763046
998,-2.6436532192421662,-2.333243753836232,-1.3630487440181032,-1.8163086388268774,-2.40353536319361,-2.1001628721163845,-2.8754315021990124,-3.1712983118399958,-2.1104144747299816,-1.117897724897544
999,-2.4361344696027443,-0.8392801699865196,-2.655529994378681,-1.5865928295082288,-1.90353536319361,-0.10016287211638442,-2.7904690014778564,-2.8028155147568925,-1.7216106853982054,-0.4569336774538628
1052,-1.7286157199633219,-1.2866890516404912,-0.6555299943786813,-1.8163086388268774,-1.40353536319361,1.3998371278836155,-1.8754315021990124,-1.9637795622005734,-2.0140919357587834,-1.021575185926346
17_2,0.8360257885091611,-4.3161358961672756,2.4822529229014823,-0.8843394136148915,-4.225463458080974,-2.8643523582937793,1.6720559808858226,1.1418239020958758,1.5498278642788648,-2.5510220304531304
217,-1.7286157199633219,-1.786689051640491,-0.6555299943786813,-1.8163086388268774,-1.40353536319361,-1.3926441224769626,-1.8754315021990124,-1.6712983118399953,-1.2216106853982054,-0.521575185926346
22,-1.652614173240797,-3.8716515523616475,-2.7404924950998377,-2.6087898891874555,-2.9884978639147666,-2.4776066231981186,-1.6679127525595905,-2.645064601892928,-3.09905443647994,-2.1065376866475023
292,-0.43613446960274393,-0.9942078012799132,-0.6555299943786813,-0.5238273884662993,0.3889458871669679,-0.6001628721163845,-0.5829502518384344,0.03622043779942649,-0.7216106853982055,0.7709060644342322
387,-2.152614173240797,-1.4182062545573881,-0.17585098662735424,-1.3790740798688068,-1.1960166135541883,-1.2478908138794702,-2.460394002920169,-1.54874206292173,-2.014091935758784,-0.8140564362869241
411,-0.9361344696027439,-1.7866890516404912,-1.1555299943786812,-0.9126311777980753,-0.9035353631936102,-1.3926441224769626,-1.0829502518384344,-1.6712983118399953,0.18206677563059664,-0.021575185926345997
44,-1.0676516725196408,-0.33324375383623184,-1.1555299943786812,-0.6553445913831963,-0.9035353631936102,-1.3926441224769626,-1.8754315021990124,-1.9637795622005734,-1.2216106853982054,-0.22909393556576782
501,-2.228615719963322,-2.494207801279913,-1.3630487440181032,-0.8628633410226181,-0.4998579021648082,-1.8926441224769626,-1.7904690014778564,-1.6712983118399956,-1.7216106853982056,-0.521575185926346
506,-0.27517042215906284,-0.994207801279913,-0.1555299943786813,-0.0865928295082288,-1.40353536319361,0.19231837824419368,-1.3754315021990124,-1.9637795622005734,-1.5140919357587836,0.13938886151733515
59,-1.2286157199633219,-1.786689051640491,-0.1555299943786813,-0.5865928295082288,-1.40353536319361,-1.3926441224769626,-0.7144674547553314,-1.0601021011717715,-0.7216106853982055,-1.021575185926346
607,0.7337905318395687,-1.9942078012799132,2.194689864691865,-1.4126311777980753,1.4111429468461947,-1.3926441224769626,1.972617583278919,-1.0863358111188393,1.0505495727136998,-0.22909393556576782
643,-0.5676516725196408,-1.5569732423218428,-0.8630487440181032,-0.36286334102261814,-1.242571315749929,-0.4889666614481607,-0.9979877511172783,-1.4637795622005736,-0.6104144747299814,-0.521575185926346
753,0.5252816001360263,-1.0569732423218425,-0.8630487440181032,-1.0238273884662994,-1.40353536319361,-0.4889666614481607,-0.8532344425197859,-0.5863358111188391,-0.44945042728630025,0.5221562346988237
79,-0.7489367122119951,-2.210687504917966,-1.7404924950998377,-1.2403070921043526,-2.4884978639147666,-1.6851253728375408,-0.6530390808625647,-2.1985222038511836,-1.4028957250905596,-0.6530923888432429
917,-1.436134469602744,-1.494207801279913,0.13695125598189678,0.03391122024366883,0.8889458871669679,-0.6001628721163845,-0.08295025183843444,-1.1712983118399953,1.0708705649623727,-0.22909393556576782
956,-1.2064186602840954,-2.883011590611689,-2.155529994378681,-2.0865928295082288,-2.40353536319361,-1.3076816217558065,-1.8754315021990124,-2.8788170614794177,-1.0606466379545243,-1.021575185926346
454,0.8563467807578341,-1.12572500419681,-0.1555299943786813,-0.7313461381057211,-0.11105411283303215,-1.3926441224769626,0.12456849780098744,-1.6712983118399953,-0.014091935758783591,-0.521575185926346
932,0.8445625451886319,-1.62572500419681,-1.7870471972955781,-1.4478258417437744,-2.0848204028859647,-3.477606623198119,-2.6101741438496227,-1.5050106422965603,-1.3065731861193617,-1.3140564362869243
