strain_id,ERG11_ORM2_noMTX_noDrug_avg_logratio_Fitness,ERG11_ORM2_MTX_noDrug_avg_logratio_Fitness,ERG11_ORM2_noMTX_5-FC_avg_logratio_Fitness,ERG11_ORM2_MTX_5-FC_avg_logratio_Fitness,ERG11_ORM2_noMTX_Fluconazole_avg_logratio_Fitness,ERG11_ORM2_MTX_Fluconazole_avg_logratio_Fitness,ERG11_ORM2_noMTX_Metformin_avg_logratio_Fitness,ERG11_ORM2_MTX_Metformin_avg_logratio_Fitness,ERG11_ORM2_noMTX_Trifluoperazine_avg_logratio_Fitness,ERG11_ORM2_MTX_Trifluoperazine_avg_logratio_Fitness
1005,-0.7378302202009495,-7.570676707661559,-0.25553399106584884,-4.038637728008402,0.0009094867325223355,-6.958144766187144,-1.0128913213103372,-3.9254850693677774,-0.33392216458425983,-5.5505617472465705
1007,-0.5871884040981536,-6.523188912359066,-0.06817652906262366,-5.720865742024557,-2.240607588004679,-3.095978660844845,0.9406470467906376,-2.9702095596339984,-0.2973114597963997,-7.406751412972879
1013,-0.09911446632411502,0.6306961035862856,-1.3684409081179356,-0.8594619764397841,-0.612780150270581,-2.210217252743558,-2.4493534378874204,-3.7919669011721324,-0.6193419872951729,-1.913830444471209
1016,-0.3930421729953991,-4.057491835868584,-1.6995060887397435,-3.8978697749651996,-3.0529893423942447,-4.795179753464715,-0.8381572272191964,-1.7844917304391466,-0.9224203487903124,-4.337828897748684
1018,0.21966242019899967,2.7027426926430698,0.0835557883242686,1.2688695212437584,-2.7097390788026354,-1.1107901234440454,0.18120430483830088,0.5457543652441466,0.09011137833377703,2.345374332289297
1020,-1.1327254907304725,-0.7874377034001357,-0.9974272077386482,-1.5625235875916794,-4.84413352560566,-4.5175721748011615,-1.2227671238046127,-1.6667988912149787,-0.9052288517774807,-1.4052936877917381
1025,-0.8221744995632749,-6.845336487891269,-1.4540315452331298,-5.361728277864407,-0.9179044298214571,-5.440323296056276,-1.5071530067448453,-4.0488634645872725,-1.5685813069531407,-5.870795471505378
1027,0.6770707874168891,-5.630104116275577,1.5625772717941935,-3.1668168984973883,-1.8219364659264334,-2.140128423719428,-0.0362737761395896,0.6715289996603816,-0.3829654887276072,-4.469935196264221
1035,-2.1888089569441798,-2.448518577715956,-3.1326303942953304,-1.1606517533390672,-2.5196707458790994,-2.4471828469097643,-3.1863190320536265,-1.8521140180309885,-2.7247903785444825,-1.7823132415543124
1038,-0.8116600482954983,-0.7994713786776704,-1.4441873937559828,-1.0081126853934492,-3.8920252949505634,-6.210217252743558,-0.3416543505206407,-1.3917865634447746,-0.48960111725933864,-1.1039242446587927
1040,0.5674097572987041,-2.6223347329008346,0.18147808278822072,-3.428384491663979,-2.1892561116898803,-4.325694470163494,0.4675407270677716,-1.49311140444056,0.5195403694983886,-2.681145857056715
1046,-1.5624899753087957,-7.115230444578551,-2.5962806500060305,-6.236905727521519,-4.586546440323513,-5.210217252743558,-1.9962421745973238,-2.994908293239995,-1.8568643916167331,-5.887596734524141
1050,0.1153071830778219,-1.589761961965939,-0.5743584417381857,-0.8613881391875876,-3.9347082451579434,-3.7396640972703428,-0.4987993163801642,0.6168447275835829,-0.09557279291349274,-0.3563693304830492
1065,1.9236895328275567,-2.4190717331891713,0.9389140139396686,-1.7017110635758195,-3.782705151712893,-1.0217325235208956,1.2853544157175394,0.0765158959109706,0.8590477484052661,-2.498792945192365
1069,-0.726951104978123,-0.3106745575235447,-0.7422185704497059,0.8583439870408909,1.1189366243268157,0.07819968571860891,0.12348528971039704,-0.09092719892140791,-0.6285983033960422,-0.5654162121768526
107,-0.9987123091609729,-6.822749194217973,-0.07721308556264506,-4.5204260238834655,-1.1796558447149947,-5.210217252743558,-1.6184643890014268,-2.399649478393372,-1.3945612999885548,-5.045347647388105
113,-3.595725200008584,-5.045141615554421,-3.9036355720636347,-1.6460785805093088,-2.808938861659961,-3.9326096740800063,-3.9642271095844466,-5.306840572869158,-3.502698456075302,-4.513666616889391
119,-1.156853075034083,-1.0768226460531363,-1.7074768606742545,-1.1519432268003622,-1.036778603548056,-2.210217252743558,-1.7883893904437391,-2.2919669011721324,-1.487824784378276,-1.121349194110631
124,-2.7566892474522655,-0.04143328116413958,-1.7223505323712804,-0.8138279476561271,-3.712616322688763,-4.356608127357481,-1.8215260001533222,-2.622223668036299,-3.426696909352777,-0.6552568862244167
128,-2.9914318891028753,-8.215066616996733,-2.588610376938788,-6.412743446662225,-4.025418565298014,-5.5175721748011615,-2.6201991127418163,-4.9303870038515445,-2.060019739045863,-6.806147867249969
132,0.5457472096619151,-1.869303896413714,-0.24035840929935948,-0.07245608789581558,1.0568149414836372,3.3356312871173976,0.5189655316138652,2.534050989578167,0.5670905427611211,-1.3486166650282554
133,0.8703862777922216,-4.3430701864666466,0.13051472001808784,-2.9941923139363977,-3.405261400631159,-4.502698503104136,1.03161254169582,-0.2532623128789241,1.2729390854863292,-4.498792945192365
136,0.9081640374669044,-4.161785146774292,0.2777199082830838,-5.3129072742440435,-3.9680268416730886,-4.4805014434249095,0.48602156378563627,-2.303326939422174,-0.38309810156380103,-4.1416701863593035
14,-0.4199947683701858,0.41132075365720666,-1.109299580456792,-0.32337708250482455,-2.118743514533703,-4.748249670623167,0.21172860738128388,-0.40592731028879614,0.5280069551204747,0.32309223660890557
146,0.0700569517917877,0.4006265730471591,-0.5995012187247837,-0.000642151738031704,-3.461655484420207,-4.62973093031918,-0.09478770424744312,-0.31112998634028244,-0.15843026882419572,-0.17069935150027626
15,1.4294069803586984,5.022126972931232,1.0000418889651677,3.7080173495396584,-3.121741104269212,-4.002698503104137,0.8669422439520349,1.7988163027667217,0.8685342395814886,3.7044701196488194
151,-1.7212462283584964,-6.62121676541159,-1.8694351846646629,-4.479857642520763,-1.0527522742617272,-5.508684823937175,-2.886587996845491,-2.997501199710082,-2.6598019849869567,-5.262065852440282
153,0.20753654175858116,-7.023188912359066,0.39272120617971157,-4.428384491663979,-1.891172133975362,-0.6988363733467222,-0.573967741041802,-2.432287680642245,-0.24732514871914513,-4.745787365529198
17,-3.2196185160760127,-3.9190717331891713,-4.160922158478513,-3.0204260238834655,-2.197742650991737,-3.210217252743558,-2.1568721875268424,-3.9994856508115544,-1.8268607369345946,-2.1841146351525604
171,-0.7094441933801114,-0.8394964682651029,-1.3037993996454524,-0.9060166786355249,-3.536778603548056,-5.210217252743558,-1.7883893904437391,-2.2697698414929057,-0.7526648169882593,-0.41948810108512613
175,2.1793595959516647,-4.822749194217973,1.172189842923076,-3.8129072742440435,-4.197742650991737,-4.210217252743558,1.2731539850467912,-2.9994856508115544,-0.05059022542020533,-3.706311694831787
180,-1.3132363367661304,-2.7130449127691603,-1.9147748459598664,-2.365448297272822,0.6941676072660701,-0.5431847741298793,-1.471123689956749,-0.9198542230300342,-2.4773035765973326,-2.6243730979651163
180_2,-0.22532211918392644,-4.3509702992477095,-0.2720539659932246,-3.3622546227998154,-1.7623036564207304,1.0253233776489983,-0.21446359747689844,-0.8606450599124568,-0.239081599739919,-2.8133976520975272
185,-1.2446388573258105,-0.9725293351474276,-1.4149956103136763,0.10983775122814414,-2.536778603548056,-3.049253205299877,-0.703426889722583,-0.7145578466460805,-1.4028622836571198,-0.7835666693595994
187,-0.4632034010280152,-5.530267943857395,-0.1191824948125929,-3.8129072742440435,-1.383064340951932,-4.710217252743558,-0.01880998488972327,-1.253559102646717,-0.4129512246259348,-3.621349194110631
188,-0.17511601304664043,-4.852196038744758,-0.27155503641959583,-3.28461551006086,-4.0196707458790994,-1.6750225887978591,0.645163474307588,-0.382643859760863,0.461601853893274,-3.506042730039923
192,-1.4755680353417286,-4.045141615554421,-3.272118369146738,-2.6668168984973883,-3.2591710248845036,-2.236450962690626,-2.399585601111963,-2.353395275064899,-1.0492531582710427,-3.060221319085132
20,-2.402955754934735,-6.822749194217973,-1.1694253711313587,-2.583191464925395,-3.905261400631159,-5.210217252743558,-2.1274253430000583,-3.237704672783048,-2.5505902254202053,-4.510152983442406
209,0.06395505966919585,-3.787554530272275,-0.34362552425563553,-3.681390071327147,1.216563620317324,-4.739664097270342,0.16438233529222065,-1.477288591132328,0.13746654801549257,-4.206311694831787
210,-1.8230016091695371,-3.5768226460531363,-3.3684409081179356,-4.3129072742440435,-4.197742650991737,-5.210217252743558,-2.627425343000058,-4.499485650811554,-1.8451236749471516,-2.884383599944425
226,-2.424518941532361,-2.847048548380818,-2.124869258238304,-2.2120903436592183,-6.0196707458791,-6.739664097270342,-2.976924214983651,-3.3195376782683628,-2.274916115362233,-2.697350740833156
235,-2.8253705686728683,-5.322749194217973,-2.2834784073967795,-3.0204260238834655,-2.905261400631159,-2.9177360023829797,-2.045675976858618,-4.291966901172133,-2.8766285737100517,-3.045347647388106
240,-2.045656864365859,-5.322749194217973,-4.160922158478513,-3.8129072742440435,-3.405261400631159,-3.7102172527435586,-3.94935343788742,-4.291966901172133,-2.695343534017698,-4.706311694831787
248,-1.9832420175084469,0.07882214116737132,-1.9406358627855231,0.1341303847306088,-4.34413352560566,-6.017572174801162,-2.934780265057662,-1.3579178448664027,-1.8579451474778095,-0.0831231638916945
250,-4.24181557575524,-5.407711694939129,-3.4534034088390917,-4.3978697749652,-3.282705151712893,-3.7951797534647143,-1.9696744301360933,-2.0198066430602273,-2.86526853546001,-4.791274195552943
252,-2.28837027795098,-3.5302679438573956,-1.3389940635911515,-1.1519432268003622,-2.1977426509917373,-1.9177360023829801,-1.6568721875268424,-2.9994856508115544,-2.280306034738854,-2.206311694831787
253,-1.0193495512841484,-5.059714788384181,-2.6054065022841417,-3.842354118770828,-3.3235120344897195,-4.239664097270342,-1.749084473095556,-5.113894996059495,-0.9526301204325771,-4.02823978971915
254,-2.148448931190806,-4.972529335147428,-2.9149956103136763,-5.3129072742440435,-2.1513640805318106,-4.417736002382981,-1.9381695313731928,-2.4772885911323277,-2.0049326420472324,-3.9765958855131385
257,-2.4493343253946613,-3.3693038964137143,-2.0759596577573576,-2.8129072742440435,-2.6977426509917373,-3.2102172527435577,-2.788389390443739,-2.7070044004509763,-2.987824784378276,-2.0101529834424072
258,-0.8072114504798261,-0.775380441693927,-0.43660587461323747,-1.4189559945483277,-3.501583939602357,-2.103057692343175,-0.2661923307645124,-1.9557542301863848,-1.0343794865740166,-1.8255360786095474
27,2.558460314804035,5.221686323603601,-1.3684409081179356,4.315786647102282,-1.697742650991737,-3.210217252743558,1.2658728379453454,1.777488957899239,1.613645244956862,4.958472616252845
270,-3.156853075034083,-5.322749194217973,-3.8684409081179356,-3.8129072742440435,5.134776075612043,-3.7102172527435577,-0.5329084308050493,-3.9994856508115544,-3.280306034738854,-3.913830444471209
271,-1.4403733713960303,-5.352196038744758,-1.7017290412553399,-3.134835369131406,-1.9052614006311592,-5.53214534763092,-1.2490844730955561,-2.256772237226434,-1.047971901237132,-3.798523980400501
272,1.4167022667184304,-1.96945322165663,0.8875086111477809,-1.6519432268003622,-3.621741104269212,-4.795179753464714,0.8236650565189956,1.027552685566342,2.2007804808160003,-0.9188572768031704
277,-4.449334325394661,-4.822749194217973,-4.160922158478513,-3.8129072742440435,-3.697742650991737,-2.9177360023829797,-3.94935343788742,-4.791966901172133,-3.280306034738854,-3.706311694831787
286,1.3188475708030722,1.70478354206457,1.7018461807370149,1.0500996001860319,-4.5196707458790994,-3.5787000498266615,1.096073277338136,0.1804623217316369,0.5267543996557724,1.4240775211149255
289,-1.995889027590402,-6.530267943857396,-2.846243848438709,-5.3129072742440435,-2.036778603548056,-5.210217252743558,-2.938169531373193,-4.562251091853484,-2.487824784378276,-4.476595885513138
29,-1.1084223054077884,-5.907711694939129,-1.8634488638316244,-3.0616571039794516,-2.794065189962935,-3.171215996742921,-1.8296204705397257,-1.12427172382517,0.10369420697150528,-3.4693461006655806
291,-2.656853075034083,-4.322749194217973,-1.4647634470891338,-2.3129072742440435,-0.905261400631159,-2.710217252743558,-2.156872187526842,-3.2919669011721324,-2.280306034738854,-3.706311694831787
294,-1.2233082812588114,-4.676658818471318,-3.146348985648755,-3.7165847352728454,-2.308938861659961,-4.432609674080006,-2.8032630621407653,-3.019386154840542,-3.023019448323975,-4.6634467578188445
296,-2.434460653697635,-5.746747647495448,-2.016168849881021,-5.3978697749652,-1.4359616729632307,-2.5820473761136653,-1.8046001292899279,-3.252965645171496,-2.0150486763894637,-5.291274195552943
299,-1.28837027795098,-2.8227491942179737,-1.4534034088390917,-1.9444244771609402,-2.621741104269212,-4.795179753464714,-1.2196376285687716,-2.3122878934208053,-1.2318752651125593,-2.130310148109262
307,-0.04555623696520149,-6.030267943857396,-2.757244697449712,-3.151943226800362,-1.8668536021057436,-0.16914273206662234,-0.7104743046654763,-1.3672643506982531,-2.351315537175068,-3.3843835999444245
308,-1.2034077772298237,-2.3693038964137143,-2.6609221584785137,-0.6519432268003622,-1.612780150270581,-2.710217252743558,-1.9493534378874204,-2.9994856508115544,-1.6193419872951729,-2.121349194110631
31,-0.9381504188804339,-2.337936018739733,-1.1460484867814875,1.2416452932596247,-3.782705151712893,-4.295179753464715,-2.7418346882479985,1.724591625887941,-0.9615910744312078,1.827106636232849
311,-2.364371824673505,-3.3227491942179737,-1.4999581110348323,-2.8129072742440435,-1.294065189962935,-3.210217252743558,-1.0456759768586184,-2.2070044004509763,-1.487824784378276,-2.5453476473881063
312,1.0253459989635025,3.255392079666645,1.084289158119776,2.0202571308431088,-2.4307533649905615,-3.128602078309406,0.21610500116988832,0.012199017625209557,-0.3202123256278657,2.7498861006548188
32,-3.449334325394661,-3.5302679438573956,-3.6609221584785137,-2.3129072742440435,-2.405261400631159,-2.710217252743558,-2.94935343788742,-3.7919669011721324,-2.780306034738854,-2.913830444471209
320,1.5362458331653484,0.19871886335732253,1.9017027720478472,0.31911069059538993,-0.40847453521087546,-5.53214534763092,2.602468231074731,2.0326362339405675,2.1913616241387004,0.1973657661970149
323,-1.7531756140052812,-2.1617851467742923,-2.0759596577573576,-0.9092298132152413,-2.405261400631159,-1.9177360023829801,-2.44935343788742,-3.2919669011721324,-1.987824784378276,-2.3026342338029853
325,0.17400515822850207,-6.910212035468312,-0.4228591541393888,-3.509690258732053,-3.8815280312132745,-3.6015213826045174,-0.05356355318488917,-2.237885565910471,-0.6366455588670178,-4.1939383636639445
33,-1.2418155757552392,-6.407711694939129,-2.4422195023248645,-4.105388524604622,-3.829259853908634,-5.795179753464714,-1.212387843721214,-4.08444815153271,-0.8123142811744314,-3.998792945192365
335,-0.7489298835584615,-2.250820429272749,0.06556857007711614,-0.22282939737172558,-0.7809839463525877,-6.169648871380856,-0.48997108993901534,-1.508735425189168,-0.5497777445528823,-1.4947059794695154
336,-0.38395712331384385,-1.0492232446232403,-0.0018006344387604886,0.23104060475347665,-3.051652275245082,-6.017572174801162,0.6194819633314225,-0.6432513950818759,0.005705687767975087,-1.0453476473881058
337,-0.7216707152423807,-6.364846757926188,0.919272974711637,-4.959298148857966,-3.8421325603269114,-0.5048485718209488,0.014411258894152068,-2.840159169384304,0.1066840568406771,-4.294963960735743
339,-0.01119864511959806,1.2316698318068644,0.24429939344407325,0.4965057020496765,-0.38393923192691237,-0.613331381045218,0.9135171403645554,1.6100017777500815,-0.5116580011934334,0.679234931017982
347,1.1039107948305216,-6.407711694939129,2.264838504203796,-5.3978697749652,-0.44296510196017014,-3.0654639441460656,3.483878203063118,2.453374985044052,2.1543837841626816,-5.291274195552943
348,-3.656853075034083,-4.822749194217973,-3.4999581110348323,-2.020426023883465,-2.244297353187478,-3.210217252743558,-3.44935343788742,-4.291966901172133,-2.987824784378276,-4.206311694831787
350,-0.3536319609682795,1.0371847699542092,-0.47514272717253253,1.0008961448207814,-2.3587066984354186,-1.638194067935205,-0.7328737342493673,1.4925621533831839,-0.6265917721427305,0.7053719251913303
354,-1.6208001747938736,-6.240999828076534,-3.075959657757358,-6.134835369131406,-6.0196707458791,-5.53214534763092,-2.3643909371662644,-4.3214137456989175,-1.9367756905689077,-5.443277288997994
358,-0.4958890275904019,-1.9453054431362393,-2.8684409081179356,-0.11674856285466312,-1.905261400631159,-0.3740045817578102,-0.6274253430000579,-1.9994856508115544,-1.280306034738854,-1.621349194110631
359,-3.656853075034083,-2.8693038964137143,-4.160922158478513,-1.5204260238834653,-1.905261400631159,-2.710217252743558,-2.788389390443739,-2.631002853728451,-3.280306034738854,-2.141670186359304
36,-2.156853075034083,-3.8227491942179737,-3.1609221584785137,-2.3129072742440435,-1.905261400631159,-2.710217252743558,-2.44935343788742,-3.7919669011721324,-3.280306034738854,-1.9765958855131385
364,-1.5456568643658595,-4.322749194217973,-2.1609221584785137,-1.227944773522887,-0.794065189962935,0.8281905457818574,-1.4493534378874202,-2.9994856508115544,-2.780306034738854,-2.045347647388106
375,-0.2715364215682828,0.16603211122214864,-0.6070472307808512,0.37429048314670543,-3.1379518431154008,-5.587661003825293,-1.906146061978684,-0.9285109364209913,0.12654497967288925,-1.7068685049871417
383,-1.6029781473364206,-5.907711694939129,-1.2277978529229274,-2.083191464925395,-2.8790276906840915,-4.134215706021033,-0.8046001292899279,0.8339715283416478,-1.3910849196676713,-3.648573086121819
385,-3.449334325394661,-2.7377866934968176,-3.1609221584785137,-2.8129072742440435,-0.5550415415606129,1.3119798069356687,-2.94935343788742,-3.2919669011721324,-3.280306034738854,-2.913830444471209
392,0.7268253520287595,-4.5153942721603695,1.1899341259913565,-4.5204260238834655,-3.1127801502705807,-2.819537395981228,1.225563607841203,-2.0282283981419345,0.9910889960385962,-4.010152983442407
397,-2.884692816922178,-5.030267943857396,-3.7074768606742543,-3.8129072742440435,-2.697742650991737,-3.1252547520224017,-2.788389390443739,-0.5872714331032816,-2.826860736934595,-3.413830444471209
399,-0.2492840729316777,-2.7448021897016606,-0.18191137450859385,-0.8905495494632779,1.674266761236324,3.8765378212798747,0.33126237490036625,0.7381999110355566,-0.21778801181646384,-1.7123200478989364
40,-4.373332778672136,-0.7169402193468373,-4.745884659199669,-3.3978697749651996,-0.06123340378852915,-3.795179753464714,-2.741834688247998,-3.423484104089029,-4.36526853546001,-0.9987929451923652
400,-1.3522637059630935,0.9293344281291296,-1.0561954756640386,0.06703681736687422,-3.794065189962935,-5.210217252743558,-1.431266631610678,0.4053314329483636,-0.8116191246427794,0.29174848668473574
406,0.9872915960564018,-3.530267943857395,0.6215098366349572,-2.727944773522887,1.7691948673619344,-4.710217252743558,1.3697513754293709,-0.30440117271146255,1.5605327928659918,-1.9406209645736308
408,-1.8643718246735048,-4.322749194217973,-2.8684409081179356,-2.8129072742440435,-1.405261400631159,-3.210217252743558,-1.788389390443739,-3.7919669011721324,-1.487824784378276,-2.706311694831787
409,-0.2379188208953039,-1.365041860260445,-0.152951386544003,1.2439059366219538,-0.5865464403235131,-0.3902153206039989,-1.60881624125034,-1.0102522315863751,1.0330595405975393,-0.12230717387924178
40_2,-2.656853075034083,-3.0302679438573956,-2.6609221584785137,-2.3129072742440435,-1.697742650991737,-3.210217252743558,-2.156872187526842,-2.4994856508115544,-2.780306034738854,-2.413830444471209
412,-1.8643718246735048,-3.3227491942179737,-1.7074768606742545,0.3204859961034073,-0.390387728934133,-2.210217252743558,-1.3643909371662641,-1.338521603367873,-1.780306034738854,-2.413830444471209
418,-2.78837027795098,-3.3227491942179737,-2.6609221584785137,-0.3129072742440434,-0.8758145561043749,-1.2102172527435582,-2.156872187526842,-3.2919669011721324,-2.487824784378276,-1.6213491941106308
419,1.1831984650735712,-3.0473758015263517,2.5403840432748064,-2.9766946032582955,-4.001583939602357,-5.710217252743558,1.014165146472727,-0.34683476266157787,2.2666451504679204,-2.4328644648879685
420,-1.7531756140052812,-2.8227491942179737,-2.1609221584785137,-3.8129072742440435,-3.197742650991737,-4.210217252743558,-3.94935343788742,-4.791966901172133,-1.2916660729888958,-2.856091835761241
421,-0.8952334470231251,-0.5732692028060064,-1.8008369826668997,-2.882996103268174,-3.253258307186109,-4.023019495352809,-1.5748843199712794,-1.6845974767756262,-1.8953157090417696,-2.1865475127384686
426,-1.5630395734461975,-2.3965277884249025,-1.7924393613954106,-1.2369057275215183,-1.475350229655289,-2.2951797534647143,-2.1306384775797746,-2.423484104089029,-1.487824784378276,-1.802634233802985
43,-1.7573094219970815,-6.144677289105337,-0.061675081658972286,-3.973871321687725,-4.5196707458790994,-5.53214534763092,-1.5415657234561344,-4.5289324953383385,-1.6548252479722447,-5.52823978971915
431,-1.3417293867446958,-4.166066153526005,-2.2738990353692667,-3.7674204442202983,-5.3981823691328295,-6.118175720524072,-2.403866607863675,-1.7565690121172022,-3.9585486932007194,-5.245787365529198
433,-2.014151965602959,-1.9453054431362393,-1.9604824403374217,-1.066980726079206,-3.1127801502705807,-5.210217252743558,-1.2446579698185694,-2.046040353007295,-2.146912764391403,-1.9931793174807382
434,0.6195758941281722,1.7723568509410952,-0.2435576736785175,1.1286657750813043,-5.256471441765825,-1.8886454668387154,-0.04716176012426404,0.821831992470778,-0.13305238561217847,1.596296584262476
437,-0.9056029047694916,-0.8633175755806762,-0.5759596577573575,-0.11674856285466315,-0.7442973531874778,-0.6252547520224019,-0.6568721875268422,0.16147839663212674,0.4028550723840538,0.1508110640012741
438,-3.580851528311558,-3.8227491942179737,-2.842207198170868,-4.3978697749652,-1.490223901352315,-4.295179753464715,-3.241834688247998,-4.876929401893289,-4.072787285099432,-4.791274195552943
439,-1.1484566037538186,-5.878503351826469,-2.9869605067683604,-4.111374845437659,2.338805287596946,4.646213874380317,-0.33709344952980763,0.17975064950603467,-1.4196151852649785,-4.762065852440283
43_ref1,-9.04924716758179,-8.76169798896142,-8.468353750305063,-7.459374818626912,2.974493757959408,-8.810130094930685,-4.492395197049954,-9.891879743359262,-7.880218876925982,-8.145260489575234
43_ref2,-7.359799215156366,-9.458230544297201,-5.47628104044657,-7.4483886243232735,-3.8712419465872365,-9.456894813491012,-6.252674641799429,-9.038644461919585,-5.754823337374402,-7.680828997467335
442,0.9757590934282259,1.2236293762419528,0.5850043896863235,1.1870927257559567,-1.244297353187478,-0.4177360023829801,0.4980554437665514,0.48148032877168595,0.28433547373362933,1.6351855970090543
444,-1.656853075034083,-2.3693038964137143,-2.1609221584785137,-2.3129072742440435,-2.1977426509917373,-3.210217252743558,-2.44935343788742,-3.7919669011721324,-2.780306034738854,-2.0453476473881063
446,2.339234368327368,-4.246747647495448,1.9735834444261937,-2.9941923139363977,1.2145108547272445,-0.3915022924359124,2.1655900410542657,-3.333197981268119,1.6457997612261877,-1.539582158493252
45,-3.206620911809541,-6.144677289105337,-2.7289529332665285,-3.342354118770828,-2.395706989157307,-5.53214534763092,-2.4788002824142046,-4.160449698255236,-2.7115542728638866,-4.735758539358572
450,-1.156853075034083,-4.030267943857395,-1.931206349159865,-2.020426023883465,-1.5015839396023571,-1.4805014434249095,-2.045675976858618,-3.7919669011721324,-3.1193419872951726,-3.706311694831787
452,-0.19543700529531302,-2.8227491942179737,-0.9647634470891336,-1.227944773522887,-0.6127801502705809,-1.2567719549392988,-1.1568721875268422,-1.7070044004509763,-1.1193419872951729,-2.5453476473881063
458,-2.063589590644362,-5.822749194217973,-2.9999581110348323,-4.5204260238834655,-2.3940774941169316,-5.417736002382981,-1.7094633058728705,-4.791966901172133,-2.4766408778640487,-5.302634233802985
459,-0.8818359913249811,-0.8379360187397331,-1.6460484867814877,0.053317782277813364,-3.586546440323513,-4.795179753464714,-0.016229132331833956,-2.0095745917803693,-0.758108975059627,0.3786508058893691
460,-0.5396516706502918,-1.6456809860719008,-1.1086608953681771,-1.1589710244110718,1.3588614760517104,0.39954132537305986,-0.5992873023167518,-1.5700129920798418,-0.7586541426284238,-1.1064075598813614
466,-1.806633215963537,-3.8227491942179737,-2.3684409081179356,-2.5204260238834655,-2.697742650991737,-2.91773600238298,-2.364390937166264,-3.2070044004509763,-1.2156645262663708,-2.8026342338029853
468,0.9277489716175906,2.515523843272005,0.9396459187384273,2.007982224922829,-1.0706707008132188,-3.3456908249369186,1.0808531660100202,2.387755606771501,1.00746021622251,1.9355270497014336
470,1.3017832320337366,-2.9787211973753434,1.0666957808693291,-1.4788981540196862,-0.6524100143473957,-1.9097652304484691,1.4227271098977847,-1.2078063433022712,-0.08667072319573688,-2.2123481109820746
473,-1.7196185160760127,-2.915858598609455,-1.306380252203342,-3.116748562854663,-2.014581543868829,-5.210217252743558,-1.2446579698185696,-2.4994856508115544,-1.5283931657409786,-2.8916333847919824
475,1.2242080101430368,-3.0653343600815814,0.3495737129245573,-2.0907094129655186,-1.1683273786322332,-1.6471838644153702,1.4212295303692484,1.6869558077744258,1.060269760173111,-0.937181584997818
476,-0.4258015077749863,-7.406082886488036,-0.969094783316213,-5.0555691954954645,-3.0199893022954147,-7.143770804084166,0.052302798416822255,-1.9036706330874975,-0.20781407911092914,-6.317937151285034
48,-3.4231006154475936,-4.5392288978560265,-5.038365909560248,-3.821868228242675,-3.0174477933635035,-4.719178206742189,-3.665833141525474,-4.169410652253867,-3.42803397650194,-3.791274195552943
485,-2.3373334882956085,-1.7711052900119628,-3.2074768606742543,0.017981774641950145,-3.1540112303665673,-4.256771954939299,-3.864390937166264,-4.207004400450977,-4.280306034738854,-1.3696571570509395
486,0.38392562955486687,0.33576864825569624,-0.16942537113135858,0.303103287023069,-3.432485292642347,-3.341734455660455,-0.09797849847327367,-1.539833267820447,-1.0255284857072873,0.01239096132186196
491,-0.9116902617425426,0.7364962499908225,-2.203073911986584,-0.6753201111502332,-3.720169768883867,-4.725090924440584,-1.655646448029794,-0.7160573689303042,-1.7152440380466851,0.07535454754301972
493,-0.2683624385270403,-2.2377866934968176,-0.9909971570362015,-2.170206164812919,-1.612780150270581,-3.1252547520224017,-0.48694718608452997,-2.901287044409803,-0.8268607369345948,-1.1979075509885102
495,1.3853388503094863,-5.569743614554806,2.867945561583224,-3.8171882809957554,-2.6829560933000636,-6.41065697088465,1.7067188288229795,1.4037978985639634,2.7145003820741818,-4.009543479797826
50,-4.139745217365126,-1.0936238198996853,-3.0236571361427025,-0.002098167515350635,-5.549117590405884,-5.561592192157705,-5.639764329857886,-5.8711815824743745,-3.2587037854562704,-3.40275900295254
503,0.9320515966392136,-3.4601791148332652,1.8315776615036414,-3.9592981488579664,-3.683169478161979,-5.517572174801162,0.8907455805318023,-3.277393728342374,1.2653171979343127,-3.6917385220020287
507,-2.1933370110306702,-6.837622865915,-1.3965854735412075,-4.327780945941069,-5.0516522752450825,-6.017572174801162,-1.7345113002657977,-4.403163111840357,-1.3990556916021821,-5.609989155860589
508,-2.1763694408519276,-5.737786693496817,-1.8872338767294634,-4.859461976439784,-2.5773469849107586,-1.446967633175275,-2.3656443649715517,-2.9263073856596007,-1.5234422367626355,-4.0919023495838465
52,-2.6495296870518823,-4.808176021388215,-1.6948298505922994,-1.7038171892192766,-3.551652275245082,-5.225090924440584,-2.2129769393198546,-2.6956443622009343,-1.8417344086316207,-3.136222865807657
520,-1.9056029047694916,-3.6617851467742923,-2.9999581110348323,-0.274499475718628,-2.905261400631159,-4.210217252743558,-2.364390937166264,-3.2919669011721324,-1.780306034738854,-2.5823479381099945
521,-2.8066332159635374,-4.369303896413714,-2.154377158758292,-4.70171106357582,-3.44826265957977,-6.634215706021033,-1.9103521818867837,-2.7866639982210475,-2.4017499510998626,-3.2475427749277737
522,-0.22717196227111677,-2.1617851467742923,-1.0497259478102896,-2.168153965646551,-1.829259853908634,-4.002698503104136,-0.6568721875268422,-2.6722339338244376,0.026639844200080698,-1.148573086121819
523,1.1783485971590588,3.5831770721234264,0.4321697214197393,2.596059915135365,0.35289714853067355,-0.5233133642181885,1.0274176474971288,1.5197043783675765,1.218500687291236,4.101943665228358
524,-0.38583872267617275,2.883822341281431,0.5268389316393773,1.6115780355956253,0.5069528170771138,-2.2102172527435577,-0.5203629403236342,-0.9911846671429894,-0.2654323630418278,1.5561223819470316
525,-0.9842521411219969,0.18749329365703765,-0.12451393855974524,0.4770736355873514,-3.4705271822022716,-5.797680093993898,-0.32854944903796807,-1.0757645855476665,-0.5345459065817786,-0.3256626156704291
531,-1.9751507096023224,-3.593033384899325,-1.536958401756721,-2.116748562854663,-0.23237398221029393,-2.980501443424909,-2.4271563782081937,-3.631002853728451,-2.876628573710052,-2.6841146351525604
532,-0.995889027590402,-0.3544302247166882,-1.7074768606742543,0.009020820643318994,-0.5015839396023569,-0.4805014434249094,-1.9493534378874204,-1.838521603367873,-1.3268607369345948,0.6508110640012742
535,0.1269111750124536,0.7962669319518225,0.6996363079017327,2.0762769712839315,1.5033742909185404,0.016902149521390353,0.4895950915767573,-0.031265170146808546,0.28760407311829733,1.7448800191593477
538,-0.33005613216339214,1.0295476954613383,-0.6263411462248158,-0.055978587871457514,-1.9566668034230466,-0.5010901467623647,0.15588146179175277,0.2946804549120712,-0.06881122340423532,0.40350855186953866
539,0.7700173695107939,1.1822628192701345,0.8458909832215062,0.4988260883241351,-2.9528400171513285,-1.1690065822708542,0.49531987160308777,0.6253984450125218,0.1262695533896876,0.30404028725013343
540,-1.6218831870684962,-1.0143912395253698,-0.8586340574220575,-0.1883162587692962,-0.684360908514122,-2.2173315605467803,-1.1848560040477034,-2.6777960573383157,-1.5350421853073004,-1.1846567979142304
541,-0.7744172796660378,-4.076822646053136,-0.6175223156667872,-2.066980726079206,-0.1143472756326469,-4.806539791714757,0.47515359895998915,-0.9522268514194094,-1.05883428681449,-1.8736437362391989
543,-3.0120997664365907,-3.6152304445785517,-3.2924393613954104,-3.6053885246046216,-3.621741104269212,-4.795179753464714,-2.741834688247998,-4.08444815153271,-4.36526853546001,-3.791274195552943
545,-0.4111491993576459,0.8388485716210954,-0.979950271610893,0.16451399294603725,1.3899454895040106,3.065247137541193,-0.4271563782081935,-0.7849566660146652,-1.0455981811338944,0.7328734470799079
546,0.24137658474485546,-5.0407308632846695,0.4512214864674868,-6.295799416575088,-2.26418978624041,-2.5196309503851593,-0.37154357737419696,-2.8511737430504347,0.051309339191331446,-6.057686634245934
557,0.5041109724095981,-2.7377866934968176,0.34678536771483004,0.32979383518708083,-0.9128148468262632,-2.6252547520224017,-0.25319472649804015,-1.4348441423390712,1.3454351705712522,-0.5919023495838468
559,-1.721670715242381,-3.5302679438573956,-2.527528888131063,-3.5204260238834655,-1.8615299800059892,-2.806539791714756,-2.1419985158298163,-2.658573630824682,-1.3544315140308252,-2.023150587708879
564,-0.6174163094218247,-4.576822646053136,0.0822439679058184,-2.698497928996103,-2.9518161028269,0.3908255230010289,-0.35320703065203696,-3.237704672783048,-0.45444381818482205,-2.2416824905133006
567,0.6224744183328313,-0.6733269533308129,0.5760434356876926,-0.8653746941381789,-4.07887616725627,-0.815356175239374,0.1397997289334066,-0.9044165396456437,-0.3610542244247196,-0.9069119666991597
57,-2.421042561211478,-4.559714788384181,-2.8494569830184258,-4.134835369131406,-3.5662254480748405,-5.53214534763092,-2.6103174853311018,-5.613894996059495,-1.6022341296262166,-4.07479449191489
571,-0.0545675029094812,1.159240699689696,-0.2572446974497117,0.19827663227018388,0.7443426085624804,-1.022697537070096,0.7370790921688736,-0.10880579404922464,-0.1658966894909136,0.6439081642387591
574,-0.5019254437406895,-3.3227491942179737,1.4886818507151256,-2.8129072742440435,-0.13310114251925387,-3.210217252743558,-0.7196376285687718,0.011698255702672813,0.797103019787198,-2.0453476473881063
576,-2.8296013580469666,-6.407711694939129,-2.4724374292558515,-4.105388524604622,-3.2605080920336666,-0.5055217846747071,-4.241834688247998,-3.291966901172132,-2.5579136134024063,-4.498792945192365
578,-0.4250764225601362,-0.45584482163001777,-1.6856526241548226,-1.037272831630616,1.1037434081128743,0.8263833321063445,-1.2381806059580587,-1.360080633779814,-0.8607245010185365,-0.7204895004165452
58,-3.1568530750340837,-2.7188027683973073,-4.397887752644721,-3.5498728684102496,-3.7271894955185214,-5.03214534763092,-3.9788002824142046,-4.952930948615814,-3.8097528792656385,-2.6780199306486034
581,0.37893283048052917,-5.630104116275577,2.005398702746433,-3.827780945941069,-2.308938861659961,-2.1708286960514993,0.256726242686673,-0.45980675500491225,-0.012946161768086856,-4.428704116168235
586,-1.1141701248267035,-3.402719650652819,-1.6974538895733755,-2.282392557545264,0.48805829092333325,-2.420710635548573,-1.1256464332934637,-2.450707996100218,-1.5028221545271947,-2.742843425926649
588,0.2965922227701763,-1.8693038964137143,0.11252507146530455,-0.15194322680036215,-1.001583939602357,-1.6252547520224019,-0.2883893904437391,-0.2120312327829378,0.06991382433169196,-0.398956772774183
589,0.8024681360847552,-5.122783890773656,-0.03434312245572731,-2.783460429717259,3.494008016741696,-0.13280819821750597,0.8539969599003102,-1.35974484403992,0.14508039641780723,-3.4839192734953395
590,2.764845760957485,-1.7030162268702789,1.8698009425967896,-1.6053885246046216,4.055893144238777,-1.783995846950487,3.3061110434124616,-0.4829781221975729,2.7664027474551265,-0.9171777707582132
596,0.6558755644405247,-4.139479703424147,-0.9328340614423487,-4.772338892881341,-1.896374049767171,-6.169648871380856,0.0659459331553594,-1.778676601620474,-0.2857290228447501,-3.815523454398538
598,-0.5608988289774743,-1.1902988981943239,-0.6214717446050559,-2.2059920703275315,0.9033736094090327,-5.7144982594952705,-0.8880734363347582,-1.9362683234935862,-0.24617924296515037,-1.838416031801957
599,-1.0296013008593643,1.6117911788890715,-0.8556824015636177,1.6023639106184362,0.8959354056918531,-6.317303210009298,-0.29748169869522467,0.04844642708300986,-0.6442258656202616,1.2013399215801774
599_ref1,-7.274376412503208,-10.925085707165339,-2.639591582411515,-6.656081133345976,-2.6620472604732766,-11.105035016051502,-5.365257420778492,-9.525820617036395,-4.434665601280136,-8.697451997110928
599_ref2,-7.521196374303509,-11.084300426662452,-2.975573780769887,-6.720778940648081,-4.036303876633624,-10.971768485188036,-4.365469165685743,-9.892554086172932,-5.027904268898391,-8.72193637911143
6,-2.179280192926213,-5.176658818471318,-2.759350823093169,-2.1316222345516893,-4.712616322688763,-4.517572174801162,-2.7345113002657975,-1.6580002985488158,-0.9589670354501321,-3.35270256944571
60,-1.9685226612511892,-2.041475332118413,0.20595837061951616,-0.2532291857242059,-1.6273533231003392,-5.239664097270342,-0.9386135741821946,-2.067516425599569,1.0542073480159613,-1.3272667277308812
61,-3.28837027795098,-3.8227491942179737,-4.160922158478513,-3.8129072742440435,-4.197742650991737,-3.41773600238298,-3.44935343788742,-4.291966901172133,-2.987824784378276,-2.328867943750053
611,-2.4527514209388155,-6.846311150274987,-1.2650791216812471,-4.883023932496798,-2.6438955525226984,-5.441297958439993,-1.4212714897384224,-5.411851396200344,-2.4571245120462044,-6.644911150167644
616,0.04384091952645594,2.410757893828999,0.20979026702187395,0.881946034602818,-1.3797929180185466,-4.543505385880962,-0.04477485554162583,-0.013057966217058625,0.03657303216675212,1.5428536353686524
619,-1.6274062305072992,-4.369303896413714,-2.638725098799287,-0.1644491708043987,-2.0643493806442863,-3.256771954939299,-3.364390937166264,-3.4994856508115544,-2.0505902254202053,-3.121349194110631
622,0.9034818682860459,-3.6617851467742923,1.337667581990297,-1.7482657657715601,-2.633101142519254,-5.210217252743558,1.3550338609242045,-2.253559102646717,0.6604899527644753,-2.606475522413605
627,-0.0893191021451748,-1.0599887896704387,-0.07619450962999841,0.10393310008332762,2.1436175103579505,-2.95631993264421,0.22362636031463579,-0.9216548789274258,-0.056506105598879086,-0.7816091443579078
631,1.3697553621849812,2.290264231161064,1.0198975634460203,2.150701424112404,1.9004571529445817,-3.504809250829479,0.9425086147460776,0.3534447514707328,1.2077063735808493,1.8705739518553979
632,1.1236295445005986,-1.0690439006126236,1.2897696774619782,-1.7611453863841422,-3.0554896829234277,-5.00519884363332,-0.2578451357440361,-0.503030363204714,0.13591999067144125,-0.2595113416590016
636,0.21209641947674268,-4.777262364194229,1.4689773248913331,-4.720865742024557,-3.833540860660346,-6.91065697088465,0.1735424466623769,-1.6246286073574572,0.3189491788266439,-3.484006387500692
638,-1.362148872157909,-2.4482800763018324,-0.7717010434073311,-1.2017110635758195,-2.490223901352315,-3.002698503104136,-2.2418346882479985,-3.4732519408644866,-1.780306034738854,-1.2113385271637487
639,1.0316316541885788,-1.834533429787176,1.2947460918413416,-0.895993707534646,-1.439454888121284,-4.719178206742189,-0.219030689096327,-2.765733191225065,0.41965926870546344,-1.2237758614832634
64,-0.8740461980904239,-0.620656305714753,-1.8005819031891555,-0.8743356481368102,-0.666237752228837,-4.225090924440584,-1.3277178623812382,-1.1339531544482935,0.28664513157203253,-0.7632456771109264
640,-2.201951979519872,-2.5812077508670024,-1.9135398126037249,-2.7611549863671137,-3.668534307879076,-4.508684823937174,-2.1977526734383117,-2.7627585580594713,-2.1005129242659106,-2.784967697246845
642,-0.5239678301732508,1.6912910635826797,-0.2995331623477894,1.2275775413237482,0.9193573629905805,-2.6584553648836566,-1.1950996327200587,0.83202969706759,-0.4085235798430377,2.6231677337372763
648,-1.9073584362284315,0.21506220285102512,-2.0981567174365843,-0.22036717793556224,0.2565963254572168,-1.8632146227353352,0.52422652967437,-0.8325845532237274,-2.567589699418243,-0.36613556596022506
649,-0.8733730335632119,-0.04809014194177447,0.7368947637748751,1.1444225765946416,-3.9028120009247393,-4.517572174801162,-0.6685828199614012,-0.3058433045569754,-0.0019943588788977062,0.666291790681503
65,-2.2531756140052814,-2.1617851467742923,-3.3684409081179356,-1.1519432268003622,-2.1127801502705807,-2.306539791714756,-3.156872187526842,-3.4994856508115544,-3.1193419872951726,-2.384383599944425
651,1.0747789227754738,-2.6617851467742923,0.7066583901812153,-0.4203063843345166,-2.1953421578598262,-6.617107848352076,-0.0031579249307185225,-0.7557710607708596,-0.02994041090079011,-2.6448833209390203
652,-1.5823552215166237,-1.745776816763653,-2.075451870865601,-1.2989204957825278,-3.7781478868770355,-3.2729530080915206,-1.1474370193890984,-1.529703359460921,-0.9532108863436399,-1.4041804377121845
653,0.35499843682205395,-0.882787420213849,-1.4017595046330809,-1.4092298132152414,-1.347522791921191,-0.4295202379521821,-0.013486362789969161,-1.6807706905039081,-0.10006536691047618,-0.273187389276201
657,0.2817463803017736,0.7869937342575687,-0.5740030981248696,0.14181928059412685,-0.2555386608767307,1.140884484680005,0.6694772810369003,-0.6237061828158454,0.600801923125037,1.4290942184487174
658,-2.0573174014831688,-0.28783937506633406,-3.6463489856487556,0.8100388276833678,-4.5516522752450825,-2.534680032470119,-3.1140072505139003,-3.7021138900546835,-4.5026984560753025,-0.3346157631689676
66,-1.3773694289399772,-8.630104116275579,-1.8029586681744727,-4.035299695580491,-2.627653821967607,-4.558140556163865,-1.305426588959248,-1.6896314277974367,-1.4642906575498866,-5.622986760127061
660,-0.7315300876029471,0.1217839383527032,-0.20244029812572173,-0.3303815283732304,-0.5935639272693198,-6.079451062409277,-0.45853638724510537,-1.9438865970194892,-0.16826252141031914,-0.4140181243266827
666,-2.637869149934573,-2.6197530143800556,-2.0569757326578477,-0.4693769300740974,0.033201681224672264,1.0879521793590419,-1.5644675682626965,-0.681221673651105,-2.6280505138338777,-2.7883496577045994
667,0.30836958675962445,-1.6532641058982722,-0.7319316609147279,-0.17691642269408026,-3.5603127303764452,-1.5582141592985084,-0.8439050466381112,-1.9884387653862463,-0.41182323765575096,-1.1434534938694003
668,-0.7596451418590302,-2.0080708841781685,-1.3684409081179356,-1.490979179356681,-1.905261400631159,-1.1455757442710748,-2.045675976858618,-1.8033269394221743,-0.930086175668308,-1.3916333847919824
673,-0.14268597128561167,-0.9416035999951637,0.020609934256442707,-0.34509287406612255,-1.5562292272154576,-5.0382565041232175,0.08041912771761216,-0.802327101502472,0.021723719378036632,-1.0048882043087868
674,-0.6055596239978636,1.0458307605890884,-0.7181338156361625,0.3796892199286459,-0.2983358034266578,-2.7507927227852713,-0.09677868053166883,-0.23387374291962834,0.0550483999523827,0.550891124420112
676,0.22081266328449908,1.635748780133574,0.5650372761628113,0.969259851544082,-2.2226454610770476,-2.0046994683828845,0.08705339535924703,1.2491518585742885,0.8925793363506452,1.0041670405795435
677,-1.232854621756608,-5.352196038744758,-1.883014080947694,-4.634835369131406,-2.4052614006311592,-2.4675038391584376,-2.1568721875268424,-4.452930948615814,-2.0172716289050605,-4.52823978971915
683,-2.7344921877730384,-6.130104116275577,-2.4218985100761916,-4.620262196301647,-2.440456064576858,-6.017572174801162,-3.010781811780187,-4.403163111840356,-2.230538197963397,-4.609989155860589
685,-1.2910434748116832,-7.726426655246776,-1.4808905465914468,-6.216584735272845,-1.8469568071762312,-4.432609674080006,-0.9155950991923203,-2.975358066507944,-2.05528957442133,-5.622986760127061
689,-0.7854319947826454,-0.44591909482824044,-0.9153228262505391,-0.4968918970550758,-3.3089388616599607,0.6510993988358629,-1.8032630621407653,-2.4031631118403562,-2.0990209950464997,-0.35383055641589395
690,-0.5982479827118874,-2.0454547683791553,-0.8022981555646906,0.42165923567075225,-3.536778603548056,3.5638258688575686,-1.72168982773514,-0.300826598892991,-1.549566311095776,-1.4445307168032806
692,-2.1331485864863935,-8.230707661998487,-2.088396992076872,-7.013346992385135,-1.020738618051095,-4.457211673080391,-1.8166811546269228,-4.481222712798997,-2.2408556208653962,-6.821788912251723
693,-1.4873984386296226,-4.151927073952893,-2.0465589809492646,-3.521581104227066,-4.180634793322781,-6.854073442518283,-1.493987106935964,-1.4049687386165461,-2.238273902344617,-3.1925931034783614
695,1.3148927299877329,-1.9697602433767125,1.4436095391961214,0.27724623574067325,-2.0196707458790994,-4.6284678866021185,0.8001708609795188,-0.25548526539452054,0.6620539715413831,-0.6973507408331561
697,-0.732150524560204,-4.406304187135603,-1.7669708787827978,-3.24826576577156,-0.8580026012390142,-1.9028623306859538,-1.1438410392337444,-1.7390126468865537,-0.809048782069234,-2.6365360186323903
7,-1.1025908466449985,-4.161785146774292,-0.2952626429659817,-0.17020616481291917,-3.405261400631159,-4.710217252743558,-1.2531947264980403,-0.619818947214224,-1.7581089750596273,-1.7379927253305016
701,1.430748420233107,-5.246747647495448,0.8880938830017497,-4.8978697749652,-0.3875309033369361,-1.3599973936730119,1.0255599174921348,-1.0112698863807565,0.6176236068710333,-4.498792945192365
702,-1.602679749333146,-5.469140068831896,-1.4044511717730217,-4.165315654416626,-0.19036234073525576,-5.725090924440584,-0.9214908799938049,-2.182185065612387,-0.9717878605169832,-4.931213153551547
703,0.16817016438931398,-2.44104340698297,-0.07061946076713876,-2.0204260238834655,-3.9347082451579434,-6.03214534763092,-0.7121354162612877,-3.1252550343095367,-0.6429888334800611,-1.2778188499406848
705,-0.6778957757175905,-6.352196038744758,-0.7017290412553399,-4.731157908102604,-2.9198345734609172,-5.53214534763092,-1.142587611428457,-1.7830059471735014,-0.5375926211537332,-3.7743424696198016
709,-1.7273551222819796,2.5013573621101184,-3.5908333294543837,-0.9706581871080082,-3.5516522752450816,-4.356608127357481,-2.1519816771305496,0.042909505969580514,-1.3569212331533802,3.3011628830619584
711,-0.3961182864861969,-4.62248022942611,-1.0171121364224804,-2.5108716124096135,-3.9347082451579434,-5.03214534763092,-3.8178362349705237,-0.41773628467011475,-1.687372762083187,-2.782313241554313
713,-1.8683407343858254,-0.36246248980157036,-2.703923417427125,-1.4821281784899518,-2.812099817316696,-6.087661003825293,-2.24686152057996,-1.3328297401449838,-1.3464188020677879,-0.9385539959532143
715,-1.338138114726437,-5.407711694939129,-2.9534034088390917,-3.8978697749651996,-0.5695727743618443,-4.002698503104137,-2.94935343788742,-4.876929401893289,-3.1355527261413614,-4.130310148109262
717,-0.5324188231197577,-0.33663178823141143,-0.0905501041177393,-0.227650436062741,-3.6622011019609957,-4.404391513031466,-1.2338680107960942,-1.2305689439908223,-0.3986548800400509,-0.5044740728564558
721,1.2874058124420193,-3.9127385272710913,0.4834325683791053,-3.1326124166158102,-1.0288078316135456,-1.0404022044331476,0.49332527914201807,-2.162865652533645,0.2919916177046556,-2.893344553943056
724,-1.7446388573258105,-2.768486965828889,-2.138725098799287,-1.274499475718628,-2.001583939602357,-3.256771954939299,-1.8066523284562963,-2.5622510918534838,-1.283129316309425,-1.3423514675501875
727,-0.048394067135944685,0.4998681730797576,-0.40696327857537223,0.9810022844414246,-5.755481259701705,-4.392570164607907,0.3327128493375201,1.4157051470777333,0.1796413028451431,0.054087713467945026
729,-0.20540091311038197,-0.6447555645674543,-0.597655955514048,0.08761455529570561,-2.0604047448571423,-1.5764493537091906,-0.2867881744245673,-0.5532901378548527,-1.115823991971608,-0.44140122156743966
731,-0.6496775839900414,-4.07846073454872,-0.8601938780992794,-2.2925209750811577,0.7649478443120623,-6.66398917383637,-0.0967752303925006,0.5466338505172316,-0.13312121592594048,-2.4419179483016693
732,1.2763259078530926,-4.940848304648712,0.8040602724138036,-4.453550329439052,0.21390327091952693,-4.5175721748011615,0.8857152547642917,-1.4497178140360971,0.78821566892321,-4.813397652097526
734,-1.2419404736034336,1.8882351257839807,-2.15420958787817,1.1423341588592184,-3.4484934460058936,-3.163787448396012,-2.088908022233353,-0.6597943391096213,-1.6275814551579282,2.106633145570856
735,-1.5200368061107925,-6.992674195660286,-2.0950095527248043,-6.482832275686356,-4.914222354629791,-6.587661003825293,-1.7091889581221391,-4.571212045852115,-1.446016725145876,-6.8762366962741
738,-0.20019904045360923,-1.920982588665376,-1.105241604004662,-2.2866735642969758,-1.787731984044855,0.3040427672614666,-0.5899443141594471,-2.6221518528617223,-1.2605418526455354,-2.058831171188241
739,-1.7728036918074164,-8.438313619809515,-2.477916914232023,-7.7786915589061305,-3.8031910422410466,-7.854073442518283,-2.0370159396933465,-4.693109677361736,-1.9669547083831023,-7.087133478772719
740,-0.47948595504878133,-3.740999828076534,-1.3241439464834417,-1.820157059091601,-0.9920295281285049,-4.739664097270342,-0.45660322273497805,-0.9846119791145286,-0.3948915117226091,-2.506042730039923
741,-0.9180496517961778,2.558657909716905,-0.8255759711049936,1.7955893533055023,-2.569915213257639,-2.374871065370038,-0.7560042627486202,0.43304955914539145,-0.6957525771363675,3.2648567229150536
742,-1.0381744666794004,-2.3341092324680153,-2.522047835319107,-2.1769058394662033,-1.5186076800161956,-0.7333037979788454,-1.4327792997789137,-2.51435932250858,-1.2139840420574275,-1.567142281661947
748,-1.5326916076024206,-5.419071733189171,-2.410501218700049,-4.066980726079206,-1.6483976026549405,-5.210217252743558,-1.787826057716597,-2.4058096142113063,-1.8068528975106553,-4.976595885513138
749,-1.7050453432462542,-4.2798842572050315,-2.010337391118231,-2.6202621963016473,-2.127653821967607,-4.432609674080006,-2.5957443125013433,-3.5143593225085805,-3.002698456075302,-4.317507905500012
754,0.14786558930254534,-6.852196038744758,0.34004931555623946,-4.5701938606589225,-5.0662254480748405,-5.6284678866021185,-0.5783503324540524,-0.7270163099895957,-0.5445497107161045,-6.235758539358572
755,-1.2803995060164692,-4.115230444578552,-2.395664800129124,-3.8978697749651996,-3.2827051517128933,-2.841734455660455,-2.6306384775797746,-4.876929401893289,-2.780306034738854,-4.291274195552943
756,-1.1083306671762894,-0.32585790913737495,-1.7257037196389406,0.017974774020636464,-4.322699424155636,1.0981651128013166,-1.3893260410063766,-1.6516299365852058,-1.2991362433196822,0.2860584195629738
760,0.5497435862112889,2.2706107229586605,0.24344894694281477,2.3001963736979354,-1.85141430216212,-3.3079046880925422,-0.24843782499845277,1.230044188277788,-0.5613307089465608,0.7938826993447385
77,0.9258175635335946,0.08196120390045301,1.2064640084350553,-0.0511262962155372,-0.29981300938184985,2.407546118518622,0.6499979172258145,0.5335146369623596,0.09911401215563026,-0.08628411954842953
772,-0.5424437297861424,-2.737786693496817,0.10476857177964236,-1.1519432268003622,-0.18655874447750986,1.79171736324597,-0.6419985158298163,-2.4994856508115544,0.16558581687030105,0.002614562611161886
775,-0.6217366865505025,-6.737786693496817,-0.6427280168068192,-4.4354635231623085,-3.4458297819938615,-4.417736002382981,-0.7850860930590251,-2.2725931230634773,-0.41027073670000774,-4.159933124371861
778,0.15865675961704379,1.2032162960334605,0.2646605615340736,1.3884033068690964,1.1512281211512108,-5.136716046550216,-0.014661914112177737,0.10943381671325257,0.6848989425412467,1.1367689169155704
78,1.042162461952494,-1.8341092324680153,-1.238177133006326,-2.5204260238834655,-3.405261400631159,-4.210217252743558,-0.8066523284562963,-2.631002853728451,-1.3268607369345946,-1.5016162267629363
782,-0.008886631856873994,-4.4874030068444535,-1.0277201001985694,-4.035299695580491,-2.7512002529499933,-4.725090924440584,0.027269677762708756,-1.157236563675519,-0.6864027742358467,-4.560221319085132
783,-0.7283745709054081,-0.22364037000403755,-0.18263598282712876,-0.44349741429018924,-2.9022989836526065,-1.510158213022006,-0.275712120467205,-0.8503938518467846,-0.2602410530413084,-1.3639746572557438
784,-0.8546965835490012,-2.6410468287862128,0.1838099355605204,-2.5204260238834655,-3.1540112303665673,-1.6000952753646223,-1.4079832223834519,-1.805556763517524,-1.6998100964027016,-5.337828897748684
789,-3.347555342971654,-6.719523755484261,-5.076434072454132,-5.635903241303401,-6.5207386180510944,-1.4908090259007352,-4.646279522581528,-4.247231866443581,-2.9534012028367798,-5.4800966352710425
790,-0.2830990891351475,-2.8456510390245358,-1.666695740768927,-1.9868689259541967,-2.614417716287011,-3.321413463411782,-0.5473867352570752,-1.5195438092003528,-1.0593420992398577,-1.9184456074979785
791,-0.9290287942924873,-2.265010585508006,-1.9336392267457734,-1.2866735642969758,-1.894945734245094,-0.5240937286420977,0.1170669802916573,-1.453487758771168,-0.29124212497760704,-0.826891647937303
795,0.7903046847651524,-2.5893195992200138,0.5465972580869316,-0.6685857780920226,-0.24592684822785288,-3.354677634324345,0.8869079592117737,1.4832333852862543,0.5956623178017776,-1.5879760745403615
796,-0.7286933281003629,-8.285155446020864,-0.7900314716860203,-4.66411731537871,-1.5457395575466872,-2.8258800257967858,-0.00833385859410013,-2.120979882627572,-0.09655147014072515,-5.8762366962741
797,1.3496444348068994,-4.400388306956929,0.7528059055785431,-4.459298148857966,2.9369876865048763,-2.049253205299877,1.9153528883789739,-2.07712476355051,1.3813477474382805,-3.7211853665288133
798,0.6470366972960703,-6.015983367759009,0.8405415925530205,-5.973871321687724,-0.5233232579357976,-4.5787000498266615,0.8888322819111787,-2.157578951034713,0.5757371156170793,-5.621349194110631
800,-1.1875533473661548,-5.322749194217973,-2.4999581110348323,-2.3129072742440435,0.667916864520795,-2.91773600238298,-2.656872187526842,-4.791966901172133,-1.0343794865740166,-2.913830444471209
801,-5.212607232642578,-7.282180812855271,-5.9593897296721305,-3.979857642520763,-0.28665148112411554,5.008860298738818,-4.408785056524717,-5.29795322200517,-3.9323827313185475,-3.0161393042754456
803,0.8906211269935483,-5.545141615554421,0.42567419915959803,-3.7983341014142855,-3.8351725716070284,-1.9152866026765603,0.16755421032586118,-0.8422113685506718,0.5169324410952257,-4.177453945903643
804,-0.7400140683859163,0.9557971294968307,-1.7382422493065293,-0.27640635877259,-1.4780806283973758,1.7718607303328582,-2.371357840080451,-0.5215559710067945,-1.4391671402351105,1.613479146571052
805,-0.16499997870440852,0.620098992451724,-0.8628272804063086,1.1870486968536667,-0.3492588878745935,0.1213394014843453,-2.099133578816874,-2.4772885911323277,-2.0713797772959053,1.0107906484315323
807,0.2915653904382148,-1.5302679438573954,1.8888339375190975,1.3140164682496582,-1.905261400631159,-2.41773600238298,0.8868592330983276,-1.0070390970066585,-1.4028622836571198,-0.5386165174848248
808,-0.5150773634469298,-4.398750740940498,-0.9793804348744402,-2.451674262008498,-2.7687521534279513,-4.096962987839218,-0.8988646140250103,-1.6885085649028337,0.4585933323513523,-3.1094258231334475
809,0.16211971489083682,2.51804159684984,-0.36879321460623027,0.5710814765579127,-2.9680268416730886,-0.6221306781898132,0.28600777026842794,0.6800802672081139,0.4265079297732324,2.0198571938115193
81,-1.8995664886192039,-0.592448113045356,-0.09313294674029104,-1.0980651366224208,-1.9508353446602567,-3.3214134634117825,-1.008780846501439,-2.0529432527698104,-1.366189208872094,-1.604375528148962
811,-1.2131706740797503,-1.4431647001506707,-1.6444146298645324,-0.4400960460957147,-1.6768961768417572,-2.134215706021033,-1.0533499590253366,-1.4689709341127748,-0.6493456419773116,-0.892623566856103
812,-1.6862999195608674,-5.059714788384181,-3.39788775264472,-4.634835369131406,-3.47593932525393,-2.2862187994660834,-3.3178362349705237,-4.5289324953383385,-2.7247903785444825,-4.443277288997994
813,0.7015282972562066,-2.5021859957083974,-0.5054332608151032,-1.944151807522296,-2.6749260365888237,-1.3097611879846651,-0.5691373055149737,-1.5952240238549344,0.1790354225021294,-1.9418677137854103
819,-0.04390247147729004,-3.586022101465891,-0.1801793730377979,-3.0264123447165034,-2.2797305185473,-2.1940065138973694,-0.516876676864627,-0.8920250648588981,-0.21959279286329308,-4.4198167653042475
821,-1.227530999656854,-3.5597147883841798,-1.5569757326578477,-3.1461954073814478,-1.9812629473536842,-2.9274186648164457,-0.4901603206642465,-1.3313439568793386,-1.4770849206730503,-2.360544612372187
823,-1.5025717694020417,-3.7691747653875787,-2.0424025598280893,-2.8707822048896805,-1.879027690684091,-3.897839207453467,-1.4717805557795502,-2.056327449281998,-1.5952144029915623,-2.304974753443775
830,-0.3206404040483354,-4.322749194217973,-2.7074768606742543,-3.3129072742440435,-0.8903877289341331,-2.6252547520224017,-1.571909686805686,-3.9994856508115544,-1.6193419872951726,-3.206311694831787
833,-0.2567287635733737,1.0225303547668743,-1.0647245173555102,0.6977076916129881,-3.8607076637141664,-1.2103421505917524,-1.434520546783471,-1.1635995557952228,-1.2437804709313978,-0.05358711525086139
835,-1.044912055295616,0.060905290480645136,-1.3914068584584613,-0.46682649422766465,-4.461015558239654,-4.377167621020277,-1.7591810473310785,0.017938456731904105,-2.154775152654995,-0.5821910722791176
837,0.018665174640913818,-1.3454063018494933,-0.3049068530142229,-0.6809011577420913,-0.069275045450507,-5.265903662287158,-0.13639696789892444,-1.7024344063359587,-0.4663898153798734,-0.14495682268753501
838,0.6417998884878204,1.5482449804749239,1.3744312076837657,1.8423895300778401,-1.6544867496320466,-2.3744121302341066,0.3074749814235268,1.7806002075302423,0.8269706655209279,1.3696809765475408
839,-0.16923160624604677,-2.7201919792656675,-0.12572749453281482,-2.7663525720483024,-3.200955785571453,-6.617107848352076,-1.401297491610918,-0.737704672783048,-1.0935205937471242,-2.4466246152849975
841,-2.598322683006994,-4.933373474215646,-2.2317097374195627,-3.1113131623486328,-1.2466685476843586,5.0410590917740965,-3.7967626920831803,-3.1941975405554035,-0.8717067137286414,-0.9062889183217209
842,-1.029533566882338,0.044513247942908896,-0.6492138262629297,-0.8047563680794931,-1.603461101522329,0.33502401485678934,-0.6027194065180018,-0.4243042832796571,-0.4560733132251968,0.4633586077965658
843,0.011930679210585438,-8.141938569222393,-1.200772969623588,-7.735739413721584,-0.7055493300764546,-5.924826545385272,0.8653486286917427,-2.858311676580713,0.14789291608073393,-7.106946774630101
848,-1.8643718246735053,-3.322749194217974,-0.625727494532815,-2.5701938606589225,-2.2899549365604512,-2.0787000498266615,-1.5498097848504186,-3.6604496982552357,-0.715664526266371,-2.517055883204922
850,-0.4017573797814473,-6.6755915658856715,0.21850979532554762,-4.252764345799266,1.1971373914392234,0.4234057991593638,0.5793349072494658,-1.3579067958823694,0.7285657162962472,-5.48151495376053
853,-1.677116978325388,-2.659304166156172,-1.6445615707544996,-2.595096670744233,-2.58592227525866,-2.562461558839642,-1.8234466917292194,-2.6549754928009976,-0.8283943136059686,-2.891007959334079
854,-1.5120997664365903,-5.246747647495448,-3.0849206117559884,-4.105388524604622,-1.829259853908634,-1.835748134827417,-3.156872187526842,-2.0232498358528472,-2.008145776626949,-4.498792945192365
857,0.6514718376753423,-10.922051647075705,0.37061951975300955,-8.071297707114903,-1.552346501554772,-3.0956014038720303,-0.13632138423756715,-3.6473571860851406,-0.37549928042265324,-7.201293743410394
859,-2.541375857614147,1.3679621966197597,-2.313598118312849,-0.04933169555568867,-4.086546440323513,-2.938056994631653,-1.8694177694982255,-2.469237753986519,-1.9928516167102373,-0.09190234958384673
860,-0.23860036116837047,-2.408804527664786,-1.1997804279536854,-2.2565139257196583,-2.285205492242077,-2.9474602349233514,-1.2072642974009289,-2.470937930794781,-0.8690027022260105,-1.697628128846743
862,0.02641641575974374,-1.4747108891999035,-1.2749182724696544,-0.7787068868450716,-2.6107956991691084,-3.216203573576596,-0.668894924510168,-0.8607186630471002,-0.23903355617974734,-0.7162537111578277
868,-0.8901521550253324,-3.4542663971348704,-1.4394504105541495,-1.7739060182434068,-0.025718014842564862,0.19104092981705334,-0.7362210605363714,-2.6461896782502103,-1.200370366349659,-1.966646106794286
869,0.27671001220119795,0.9283352061917127,-0.38919140173115496,1.3575191757983214,-3.2067036049903686,-1.7855388368873586,-0.26765107245565983,0.1007744696179165,-0.36339246802945646,0.9357826132786108
87,-0.8214426679836504,-7.215066616996734,-6.064599619507316,-7.205224697022803,-6.5900600737704975,-5.537893167049836,-6.1807068132225,-4.5358262205112485,-3.213564532001728,-6.013666616889391
870,-2.315941055047211,-5.030267943857395,-4.868440908117936,-3.0204260238834655,-3.294065189962935,-4.710217252743558,-3.156872187526842,-5.791966901172133,-2.8268607369345946,-5.706311694831787
871,-2.9103330693940244,-5.115230444578552,-3.0849206117559884,-3.8978697749651996,-2.697742650991737,-3.002698503104136,-1.9493534378874204,-3.8769294018932885,-3.572787285099432,-4.791274195552943
879,0.6260946358747631,-6.822749194217973,0.074407278551762,-5.3129072742440435,-2.559680448354618,-5.710217252743558,-0.928523862068813,-2.712031232782938,-0.6031813437662336,-6.706311694831787
880,-1.0718905743129268,-3.3227491942179737,-2.6609221584785137,-2.8129072742440435,-1.001583939602357,-2.710217252743558,-1.1568721875268422,-2.2919669011721324,-1.987824784378276,-2.706311694831787
882,0.3124466526338452,-2.2377866934968176,-1.3389940635911515,-2.3129072742440435,-1.536778603548056,-2.210217252743558,-1.4493534378874202,-2.2070044004509763,-0.8268607369345947,-2.413830444471209
887,-0.8176463691285365,-5.9896995624946925,-1.666908479311552,-6.272338892881341,0.7849109899251827,-5.669648871380856,-0.3194526310214819,-1.4419763689261043,-0.2804923572299959,-4.665743313469084
888,2.0323357513849833,0.8340072685916231,1.6878029790830587,0.6445344189369813,-3.8662601446305223,-3.230538244992231,1.1984991472640698,0.02976079156907535,1.300994530028127,0.8916819541824672
89,-2.7318931700568037,-0.7034012755427168,-3.107964277718244,-0.9619192886815304,0.7019721631055744,2.2375924154302247,-2.590121390930623,-1.9278935775166652,-3.0808246665284678,-1.0590649598994153
892,0.6639470328830952,-4.822749194217973,0.7469696135855786,-3.409229813215241,3.336216086574572,-3.9177360023829797,2.3028077862585254,-1.9883017442973272,0.7029466912140168,-4.913830444471209
897,-4.449334325394661,-5.322749194217973,-3.6609221584785137,-3.8129072742440435,-4.197742650991737,-4.210217252743558,-3.94935343788742,-4.291966901172133,-3.487824784378276,-4.706311694831787
904,0.31745221530024,-3.945305443136239,0.7435599289811168,-1.6702061648129192,-3.536778603548056,-3.256771954939299,0.4733915875847673,-0.1958204939367491,-0.3451236749471518,-3.1841146351525604
91,-0.8496198275184637,-0.9148260027423519,-1.8056754670760065,-1.1448246079719762,-3.2037289718247757,1.2515999635909012,-1.0313413054429836,-1.824743742107593,-1.4360724965013463,-0.8073335828041099
911,0.13812851585567804,-0.89768703707012,0.24584018617039138,-0.951674262008498,-3.2462235159352812,-2.7586981176871026,-0.15912992808808896,-1.8158001179872898,-0.5498938055775126,-1.4242750669633164
916,0.18539601210195233,1.1936742831708402,-0.9926347230526317,0.43985674236933225,-2.940456064576858,-2.8841789044537114,-0.10111802991834687,0.19503549456139554,-0.2601192341974688,1.9645157893150498
923,-1.0036809751996294,-7.282180812855271,0.504795431837355,-5.272338892881341,-3.1459903631148074,-3.4317821558976567,-1.5778960076387243,-2.7374455215244877,-0.9395488768222295,-5.373262063108506
924,-3.0231129196015902,-6.407711694939129,-3.3422071981708674,-4.8978697749652,-4.990223901352316,-3.2951797534647143,-3.241834688247998,-2.9994856508115544,-4.280306034738854,-4.998792945192365
930,-1.130619365087015,-4.407711694939129,-2.342207198170868,-3.3978697749651996,-2.621741104269212,-3.0026985031041358,-1.5808706408043172,-5.376929401893289,-3.36526853546001,-3.998792945192365
931,0.7534917052455241,0.25085326825314075,0.1082693215375456,0.48406836773016176,0.3952897010570453,-4.53214534763092,-0.17683259615368835,-0.23770467278304808,-0.16205972554820325,-0.1536193202079864
933,0.962437754683806,-0.6585363909743299,0.7612999619178985,-1.9092298132152414,-3.621741104269212,-3.2102172527435577,1.014206311052899,-0.8398586705170359,0.6467818546664449,-0.5605344719098655
936,-0.30909992594884966,0.5650096821329239,-0.4690444538408454,-0.6409300736353629,-2.9239987533404905,-2.8884599112054232,0.10174701984795198,1.3922669571800266,0.5656328175799802,0.6522425814960517
937,-1.2275309996568542,-3.2094949293136334,-2.736923705201039,-3.0498728684102496,-3.2271894955185214,-5.03214534763092,-2.1103174853311018,-3.471193886628371,-1.6107373422790614,-2.8320810783297694
939,-1.7563051092411226,-0.739195656758296,-2.8585727990873044,-1.7305992292154202,-5.364693019268456,-4.439933062062208,-2.4404660870234327,-1.6936328177260456,-2.005934878334653,0.5331232453274621
94,-2.464207997091687,1.7346597891133055,-1.8255759711049935,0.09809357476695932,-2.2014324161745358,0.3051444627809677,-1.4871289543910087,-1.5346803147572532,-0.5671736573878051,-0.3484882584104197
941,-2.949334325394661,-4.004034233910327,-3.2924393613954104,-3.3978697749651996,-3.197742650991737,-4.795179753464714,-4.034315938608577,-3.215965354449607,-3.36526853546001,-4.130310148109262
942,-3.2418155757552394,-4.615230444578552,-3.2924393613954104,-2.2369057275215183,-3.490223901352315,-4.295179753464715,-3.5343159386085765,-4.08444815153271,-3.072787285099432,-2.045347647388106
943,-2.0601132103234785,-6.907711694939129,-5.084920611755988,-5.3978697749652,-3.329259853908634,-2.48782483140711,-4.130638477579774,-4.876929401893289,-3.911823237655751,-5.291274195552943
945,-2.294164265088586,-6.144677289105337,-3.89788775264472,-4.342354118770828,-4.5196707458790994,-4.739664097270342,-3.0751228213854027,-5.613894996059495,-3.941270082182535,-5.52823978971915
946,-3.156853075034083,-5.322749194217973,-2.1609221584785137,-3.8129072742440435,-1.905261400631159,-3.049253205299877,-2.656872187526842,-3.9994856508115544,-2.195343534017698,-4.206311694831787
953,-1.1036292809931896,-1.8415260955728612,-1.5163328111319703,-0.7596214421450214,-5.151187948795997,-4.956143800908395,-1.541565723456134,-1.2773877171380836,-1.882607261276383,-1.8657744981947066
957,0.08885080064235415,1.18309738925878,1.2993369783411333,-0.17072012815524978,0.1013870106755701,4.878061963691541,0.8143850651427778,-1.3933162724752917,0.5394145684480286,0.22792811891800374
959,1.521188003886771,-3.7470118945324633,1.108393275059707,-2.3987385313428677,-0.15931970144878438,-7.941297958439993,1.122126544049041,0.40360717083326997,1.738281236054497,-2.1544248617577333
960,0.18738046320342477,1.9654656500129284,-1.3077276662423747,-0.03396579091160777,-3.1571742696290346,-3.877167621020277,-0.982910535816689,0.34057421606919375,-0.7541455171738131,1.536827418099087
962,0.7229495054079862,-4.065462607803094,-0.06621156994445915,-3.9592981488579664,-1.9666897745239256,-3.1138947137723605,0.21893399753846154,-4.806840572869158,0.9963616773155867,-4.136222865807657
966,-0.3335797199611384,-7.144677289105337,-0.5993787829879835,-4.842354118770828,-1.7215758678068946,-3.8894442381997965,-0.3826538751788214,-1.8679684478946577,-0.6087798172773699,-4.111794782636779
967,0.3363776759736017,-0.9901917954417478,0.3976482944756019,-1.905119559812757,-3.2271894955185214,-3.7396640972703423,-0.7225580678633021,-0.6400765270835809,0.24798572944432984,-1.7953432302747818
972,0.3089534374757919,-0.9063041871356026,0.7514688384293803,1.0388522812924887,-2.1493118813654424,3.500385994309209,0.16665712337969207,-0.06361857571410318,1.4511154919043627,-0.005990551116941023
973,-0.2730761180342686,-3.337622865915,-1.8562762434370654,-3.1668168984973883,-4.60142011202054,-3.006388268286935,-0.8627570802493086,0.5260494412955832,-0.8142137268526397,-1.6599870508489496
976,-1.7883702779509802,-3.8227491942179737,-2.0759596577573576,-1.8129072742440435,0.2908973107582212,-1.306539791714756,-1.6568721875268422,-1.47003880628477,-1.6953435340176979,-3.206311694831787
980,-2.4675972634072183,-5.852196038744758,-1.514531283864591,-3.634835369131406,-0.38393923192691237,-1.584736465976949,-2.3178362349705237,-3.821413745698917,-2.7115542728638866,-4.52823978971915
983,-0.5521263922196082,3.2258592361757703,-2.0465128132305734,1.5268327755086795,-1.1331011425192539,5.0688034217784095,-1.460713476137462,0.7948716669795773,-1.5841473233494738,3.3477361066222358
984,-0.28896667940739695,-1.6616361234248433,-0.910637001763122,-0.8547084335675967,-2.4610155582396542,-3.877167621020277,-0.15488773642536963,1.196974623563382,-0.6626450487435029,0.2534401012785706
985,-0.7661732182717531,-3.737786693496817,-1.5759596577573576,-3.0204260238834655,-2.905261400631159,-2.9177360023829797,-2.1568721875268424,-2.631002853728451,-1.280306034738854,-4.706311694831787
987,-0.9564323274914337,0.09834914141697892,-0.8091010833887957,-1.398320758112396,-5.443669199156574,-4.456143800908396,-1.1568721875268424,-0.7073607094334958,-1.6691098240706301,-1.7433119855536754
99,-1.1254121794228547,-2.2033980709562266,-2.0370897827825725,-1.508461735834292,-1.3759144035016475,-4.50519884363332,-0.5211379810099052,-1.5846041691650792,-1.299914232936994,-1.8892924486224958
991,0.6221388647979734,-6.215066616996733,-0.5910188850876752,-5.251779399218544,-3.3089388616599607,-3.425961262773277,-0.01295580618467318,-4.145876525425477,1.062698036512618,-4.937665070166867
992,-1.44794417749777,-5.407711694939129,-1.8552048024373404,-3.9828322756863557,0.6616664727362361,-5.587661003825293,-1.3267971889691546,-2.1230320817939408,-0.4553563984501,-4.972559235245297
996,-1.9284878512446813,-1.5306391028676138,-1.504424673419837,-0.35413835434003005,-3.7827051517128933,-3.5876610038252927,-1.036824975991889,-3.2657331912250647,-0.6082951018698648,-0.1576207457543604
998,-2.168213113284125,-5.822749194217973,-2.1722821967285553,-3.651943226800362,-2.4518161028269,-2.710217252743558,-2.75319472649804,-4.499485650811554,-4.280306034738854,-4.121349194110631
999,-1.78837027795098,-0.6265904828285935,-2.8684409081179356,-1.0204260238834653,-1.405261400631159,-2.210217252743558,-1.2883893904437391,-3.2919669011721324,-1.487824784378276,0.661043115281132
1052,-3.449334325394661,-5.322749194217973,-4.160922158478513,-3.8129072742440435,-3.197742650991737,-0.7750348929518558,-3.44935343788742,-4.291966901172133,-4.280306034738854,-4.206311694831787
17_2,-4.449334325394661,-5.322749194217973,-4.160922158478513,-2.5204260238834655,-3.405261400631159,-4.210217252743558,-3.44935343788742,-4.791966901172133,-4.280306034738854,-3.706311694831787
217,-3.9493343253946613,-3.8227491942179737,-3.6609221584785137,-2.8129072742440435,-3.197742650991737,-3.210217252743558,-2.94935343788742,-3.7919669011721324,-3.280306034738854,-3.206311694831787
22,-3.873332778672136,-3.4077116949391297,-4.453403408839092,-1.9941923139363975,-4.282705151712893,-1.5492532052998769,-4.034315938608577,-4.876929401893289,-3.86526853546001,-3.8875967345241413
292,-3.364371824673505,-3.8227491942179737,-3.6609221584785137,-3.0204260238834655,-4.197742650991737,-2.9177360023829797,-2.656872187526842,-3.4994856508115544,-3.780306034738854,-3.413830444471209
387,-2.156853075034083,-1.9190717331891713,-2.4999581110348323,-2.8129072742440435,-1.405261400631159,-0.6252547520224019,-1.6568721875268424,-1.9994856508115544,-2.780306034738854,-2.3026342338029853
411,-3.156853075034083,-2.3693038964137143,-3.1609221584785137,-2.8129072742440435,-1.905261400631159,-1.6252547520224019,-2.44935343788742,-2.2919669011721324,-1.280306034738854,-3.206311694831787
44,-3.9493343253946613,-4.322749194217973,-2.8684409081179356,-1.8129072742440435,-2.6977426509917373,-3.210217252743558,-2.4493534378874204,-3.7919669011721324,-3.280306034738854,-3.706311694831787
501,-3.1568530750340833,-3.3227491942179737,-3.1609221584785137,-1.5204260238834653,-0.3202988999100028,-3.210217252743558,-2.156872187526842,-3.2919669011721324,-2.280306034738854,-1.913830444471209
506,-2.949334325394661,-2.8227491942179737,-2.6609221584785137,-2.3129072742440435,-1.612780150270581,-1.9177360023829801,-2.4493534378874204,-3.2919669011721324,-2.280306034738854,-1.302634233802985
59,-3.449334325394661,-4.322749194217973,-1.7074768606742545,-2.8129072742440435,-2.1977426509917373,-3.210217252743558,-2.44935343788742,-3.2919669011721324,-2.487824784378276,-3.706311694831787
607,-1.0718905743129268,-0.6617851467742925,-2.3684409081179356,-1.0204260238834653,-1.536778603548056,-2.710217252743558,-1.9493534378874202,-1.338521603367873,-0.9583779398514917,-0.856091835761241
643,-2.656853075034083,-2.8227491942179737,-2.3684409081179356,-2.3129072742440435,-2.405261400631159,-2.210217252743558,-2.156872187526842,-3.7919669011721324,-2.280306034738854,-1.913830444471209
753,-1.0718905743129268,-4.030267943857396,-2.2074768606742543,-3.8129072742440435,-2.6977426509917373,-1.2567719549392988,-2.44935343788742,-4.291966901172133,-2.119341987295173,-2.9765958855131385
79,-0.31907055028305153,0.8209787445971382,-1.0059945271851198,0.36391120306330704,-3.490223901352315,-4.002698503104136,-1.0572177834151388,0.22290677052489377,-1.1396629795438458,-0.1914380231347611
917,-2.449334325394661,-4.822749194217973,-3.3684409081179356,-3.3129072742440435,-4.197742650991737,-4.210217252743558,-2.94935343788742,-4.291966901172133,-2.780306034738854,-4.206311694831787
956,-0.495889027590402,-2.8227491942179737,-1.2572446974497116,-2.0204260238834655,-0.7442973531874779,-2.210217252743558,-0.6568721875268422,-1.7070044004509763,-3.280306034738854,-2.0453476473881063
454,-3.156853075034083,-3.5302679438573956,-3.1609221584785137,-2.3129072742440435,-3.197742650991737,-2.710217252743558,-1.9493534378874204,-3.2919669011721324,-2.280306034738854,-2.413830444471209
932,-2.3253705686728683,-4.530267943857395,1.2641712603443733,-2.6519432268003627,-3.6127801502705807,-2.9805014434249095,1.1665571514412818,2.0142369953972024,2.284657432016343,-3.621349194110631
