strain_id,ERV25_ORM2_noMTX_noDrug_avg_logratio_Fitness,ERV25_ORM2_MTX_noDrug_avg_logratio_Fitness,ERV25_ORM2_noMTX_5-FC_avg_logratio_Fitness,ERV25_ORM2_MTX_5-FC_avg_logratio_Fitness,ERV25_ORM2_noMTX_Fluconazole_avg_logratio_Fitness,ERV25_ORM2_MTX_Fluconazole_avg_logratio_Fitness,ERV25_ORM2_noMTX_Metformin_avg_logratio_Fitness,ERV25_ORM2_MTX_Metformin_avg_logratio_Fitness,ERV25_ORM2_noMTX_Trifluoperazine_avg_logratio_Fitness,ERV25_ORM2_MTX_Trifluoperazine_avg_logratio_Fitness
1005,-1.993130384651597,-8.376280380884742,-2.6840832015440736,-7.067640251738948,0.3892336534984632,-8.084325424805066,-1.5251287529735258,-3.9760103297245473,-0.4440504116603983,-6.413551966677705
1007,-2.100331436002711,-5.30357615434631,-1.5911192150918327,-4.2376494387856365,-3.6082443153998494,-3.9618533614911753,-1.6501944681580747,-3.043949158381123,-1.2789708022946464,-3.1130079982511774
1013,-0.18619105554663468,-3.8153102945982624,-1.3837927991478431,-3.532903875399535,1.0420628878613516,-2.3271966271292053,-0.5272460660116883,-1.3465269829772228,0.6004932441341616,-2.0601006300306466
1016,-0.08488524625868635,-3.7044646781145554,-0.36323330548504695,-1.3661352754292955,-1.7933595459459544,-7.248722393020627,-0.21385843690327178,-0.21881735281152115,0.16920581760313014,-3.1245036370890062
1018,0.4984982088050852,0.4225335291334158,1.5771157692104993,0.7394390248496303,1.8421017999280893,-1.6696726099978654,1.8356438792691638,1.1727428874985717,1.2755934193042164,0.9042819734801147
1020,-0.7134170626022084,-0.23466391582871177,-0.8666066791957938,-1.1268928374093998,-3.8951640867150417,-7.265108317011347,-0.17453626664491956,-0.50307517423368,0.1613587373582174,-0.7472264012748602
1025,0.29906031671415295,-6.090457302134471,0.3652485721157304,-4.639871401344312,-2.3528079124329464,-5.432600401529581,-0.645976847424825,-2.701498517014845,-0.1560455185789062,-5.049669286968793
1027,-0.9475160588502333,-4.690947485425842,0.2836469424361224,-2.3592591489853207,2.026640810253725,-2.0783771691622146,-0.22270305351000375,0.31234448819639493,-0.20157873734840476,-4.118898927981134
1035,-0.6672071304471243,1.3682414366470683,-0.9168077343154417,0.21579585901862336,0.08529607180645665,-0.7860156423504681,-0.410652630109067,0.8135204855369809,0.30225413814543667,2.322527499032831
1038,0.9275876553636082,0.07972089647033809,0.7745503472759033,0.24878135439780039,-2.243608307037985,-6.480425221267674,0.825696574463545,-1.0016440104171584,0.3385842828713088,-0.4237498378205436
1040,-1.1665283159601203,-4.318756419513129,-1.2294282086182138,-3.6910631123145947,-2.735946233964868,-5.844863163685345,-1.869504009390058,-2.5215136485562515,-0.43496150352010354,-2.3754298519374157
1046,-1.3366541897115445,-6.989896219407045,-1.1661818371494796,-3.868453847652,1.2458385914577828,-3.827207770126795,-1.17549456952996,-2.1084408369868655,-1.088574422168882,-3.1031693519225323
1050,0.49375691699655677,0.3236007369551998,-0.28529053139854466,-0.020931233733459648,-0.8519384871516138,-2.300889314047494,0.8543079384725298,0.7909765407727121,0.9147874159628232,0.7938825973573416
1065,-1.7784033411153484,-1.189166809098369,-2.577771781759123,-2.6878816020101786,-3.0480971985409937,1.6540572278375267,-1.7804223990240833,-0.5832540757293057,-2.038657881841436,-0.42259710628071157
1069,-1.9018205557481318,-0.5989257763892951,-1.932745571419817,-0.7746035617888334,0.760972030033969,0.2667484501158352,-2.1571594375072927,-1.3674944633750046,-2.341027230519076,-0.4423821392800873
107,-1.0527977851991837,-3.5633974256003866,-1.9633624365111824,-1.1755426151523511,-1.9336878532930535,-0.7330346709952946,-1.7975302566930398,-1.3373275275644685,-1.3482469898709701,-1.9691518084764525
113,-1.2312899600324234,3.7460266208447583,-1.5191165941196778,0.824695807431358,-2.8931194719303504,-3.230874088158007,-1.7168767009883452,0.8741546799607679,-0.32941792684170823,2.523733883720326
119,-0.8339189973097202,-0.7111253673634723,0.027676609490186466,-0.24339725820455063,-0.5186503540142096,-0.27144246952071,0.06404964062754794,0.23546088457834027,0.13554227128284085,1.3495631518311937
124,-0.12177993810027182,1.145254208732841,0.3446019891910023,1.3025473131649807,-3.1341275714341457,-5.471882187661802,0.9303094851950549,1.4570798012312456,0.3396942928810529,1.8322845408130093
128,-0.6553225463445909,-4.827020927032821,-1.0294254080858525,-3.6846684674304626,-3.807918469795071,-4.0403895930528995,-1.005049006332462,-3.91935174511729,-1.607639701929307,-4.665310519865833
132,0.6058301468616503,-4.373157286979149,0.3002873785414715,-0.8416254340165101,0.7323580149327983,-2.324930853351043,0.632581119948183,1.6733045685655228,0.9525669873217429,-1.3851384493665027
133,2.9471844718750013,-5.5228290442376835,2.405865169642164,-5.325385125760113,-3.393119471930351,-5.730874088158007,2.975362048810182,-1.3281567095697138,2.9607546022754634,-3.9285834271137494
136,-0.8604658600815214,-4.902433378156705,-1.8084348052177888,-3.7547572964545926,-2.1771530621733683,-5.271442469520711,-1.356208732012119,-3.751771569368091,-0.6351146125199216,-3.3081877610327712
14,0.14567206425920298,0.5673792926652864,-0.7306379169126933,-0.008984357727218562,-2.6791575987209852,-6.097408153284794,-0.06860787374607806,-0.6134825607999034,-0.4435857718472678,0.619459263927546
146,-0.6907454053229343,0.9573649996033505,-1.2843952651512998,0.2752271300002585,-2.2286373592443813,-6.472238496644322,-1.3524676033235923,-0.5548944187272165,-0.7095366624407243,0.717509701780056
15,0.8135870635919695,-0.08146530856189066,0.5164762832112502,0.19773259392745954,-0.2678503365135219,-6.351420173253901,0.761499905916395,0.8240153501875195,0.6145602217048811,-0.0701270849554187
151,-1.0486875317966997,-2.9480909615296786,-0.5777717817591229,-4.480362852370757,-0.8519384871516138,-3.5933705644080725,-1.326977101219824,-1.262481061185544,-0.027473975327208758,-2.2910799033638147
153,0.6657473881946951,-7.630353832719905,1.1179401322561702,-4.696666028510963,0.2882825610626768,-8.49936292408391,-0.4706519655345414,-1.8369909145001664,-0.04895007505374824,-7.197072263039651
17,0.8622397140796599,1.1663183837182618,1.2441563131282396,0.13404649287718343,2.43479494379005,0.6820028282835493,0.5912735326387362,0.3539804832287648,2.3410088217558944,1.8993309886066507
171,-1.6709554441888976,0.8036216966069546,-2.629084381514963,-0.32981435910109214,-1.2757864088090844,-3.819931787705979,-2.517362902405388,-0.11815899426843693,-1.4452171729997834,0.9477275421197219
175,1.2098124233154497,-2.148359926321543,0.02767660949018652,-2.7433972582045505,-0.3111316043747876,-2.856404970241866,0.35653089098812607,-1.2645391154216599,0.3592717597684515,-0.5541143091976084
180,-0.5069687326504838,-4.1170670059843255,-0.28998687897381215,-1.9935991179466042,-0.7578881967485226,-1.681485542629554,-0.3605388459153449,-0.080916999515959,-0.467811607183957,-2.721531082726684
180_2,1.268396863022013,-3.511050035934929,1.633108104874284,-2.071471381488116,-3.2311575377636474,-1.9191585962285698,1.4247278090312894,-0.2118853010348068,0.5631103916865867,-2.59217392170323
185,-0.04646457928110355,0.822408442886162,-0.2830675788829485,0.6538106749705022,-0.3224916426248295,-2.195440922798185,-0.7509755544972989,1.3612302680763224,0.2832702130459266,1.323329441884126
187,-1.613164141989703,-2.1817756805606474,-2.6422483919521262,-1.2059796417432558,0.794587241487617,-7.026329971684179,-2.4460219333294226,-0.1581753084144163,-2.181645076140277,-1.5193438425710701
188,-1.1028661208419088,-2.663233598018569,-0.7558436868717606,-0.7826285724180909,-2.1560802746295016,-0.625352093774055,-2.084564186501971,0.5452153016399713,-0.7728345387470861,-0.3150906607952865
192,-0.6246804146728113,-4.254666553865363,0.9443472986194014,-3.212011131273205,0.7300088727284306,2.629857935356907,-0.2400431657639403,-1.7071878126676587,-0.23922925841065665,-2.6471848310608332
20,-1.5953393917163996,-5.9997348657356895,-1.1907736192035363,-3.424847196176385,-3.8700252934283563,-5.415298659295434,-2.736448549386232,0.24707335028830835,-1.141883320575149,-4.905489248611755
209,-1.3369277504535826,-2.6096352682067483,-1.7214000355086776,-2.4630270586766305,0.20020241087381618,-5.433157529547007,-1.6965688109278365,-2.341291674726801,-1.4412102880223003,-2.3939012743365433
210,-0.880473699505461,-1.5633974256003869,-0.37939011785414656,-0.9974707100397133,-0.3576863065705285,-3.356404970241866,-0.141621867233003,-0.4720578650610817,0.3127170575727107,-0.32439849987895975
226,-1.7086824691260865,-2.568872575380657,-2.290765681178815,-3.4683402914729253,-0.8917500645830725,-5.958791754591975,-1.9165871491466913,-3.0456177161064555,-1.6264837713039748,-2.4489823439082956
235,-1.13776028592034,-3.6949146285172834,-0.9836834287598554,-3.865953507122817,-0.06520505620995035,-2.6864799687995538,-1.5402436702781608,-3.714771278646203,-0.8852472805928588,-2.2616330588370306
240,2.444644439366714,-5.60380618940455,1.533299531060907,-3.2823985142051875,2.233312055247208,-5.019369982964296,3.397142553716837,-0.7288960170482894,1.778592630520075,-3.2170793219200378
248,-0.17295494986603896,-0.940841176682121,-1.3408061875929167,0.2650068856387263,-1.8111316043747876,-3.856404970241866,-0.5900115070536178,-0.9778056844799965,0.5485275713953164,-0.6504368481688063
250,-0.23943596365473407,-5.4837148712604,-1.452431644046163,-5.355022714657797,-5.291239857911137,-5.336513223778216,-1.0503555784966487,-3.244647368958009,-1.2427992852109426,-4.826703813094536
252,1.119526300494539,5.550260124352359,0.7441563131282396,3.9377116497519884,3.0957589912337307,1.889521577922971,0.8675440441531256,0.6242646739101161,1.220504772003997,6.20934923765604
253,1.209027440063444,-1.7968186574655711,1.5452322930826128,-1.1741927784385677,-5.499777043750826,-3.43385419894968,1.5678638598316064,0.28468216068550073,1.0270331014789085,-0.699028327948477
254,-1.2194485703122009,-5.235307146670403,-1.2680660431476007,-4.7926407772244,-2.5136316446449745,-5.866647233261078,-0.6683143458366786,-2.398745135162665,-0.8045572362351524,-3.9008659109099972
257,-1.4912703823205224,-3.023870521015356,-1.7740553909966972,-1.9711799111352777,-0.16124219556498431,-0.2914495284010962,-1.9407310873221502,-1.4350575743391933,-0.999288631616216,-1.9658291516554462
258,-1.5881587047682624,-2.100303980045041,-1.913845317336889,-0.7119334630355219,-4.13305969926215,-3.5173690176855477,-1.3111226713561552,-0.21610834579536564,-1.7596601552809927,-1.3083540166561507
27,1.7510435034114362,0.04779878506783712,1.4051203605719205,-0.8659535071228166,0.2738308963463686,1.7397414369935171,0.9303094851950551,1.2669657833412402,1.5129860223645752,0.5308481915235476
270,-2.626400247670298,-4.525803677403277,-3.425768688314073,-4.828359758925707,0.14231369342947145,-4.441367470963023,-3.3711327191641542,-3.5456603275321963,-1.4332094905921267,-3.4315580602793427
271,0.6090273420609653,-5.668259483759248,0.8117093252126737,-2.4377709700527914,0.2972206219040277,-4.5575895673719256,0.8519075288978011,-0.35709104120060436,0.4571400056859771,-4.20553106955221
272,-0.880473699505461,-2.1597199645715848,-0.9836834287598554,-0.5810257029573427,-2.7261691036536315,-4.271442469520711,-1.2382080084437304,-0.6218380059905357,-0.39480169206671134,-1.0654743474476502
277,-0.748956496588564,-0.9024333781567055,-1.2558436868717604,-1.1584347574833944,-1.2261691036536315,-2.27144246952071,-1.2012077177218419,-1.2147712786462028,-0.6055335762858495,0.39933098860665084
286,0.3551931543413335,0.31798769426643353,1.4049069125690479,0.619041276493454,-3.1341275714341457,2.873522632878924,0.8857439245564422,0.5373320525935903,1.0145364743756529,-0.44398597070138024
289,-1.6806337007605618,-6.494134763163274,-1.109171969908595,-4.767244000158919,-0.3381411654538632,-6.2021798070835965,-0.7009363668497859,-3.4125213839570545,-0.8765961384559431,-4.788692935371115
29,-0.6028661208419088,-2.870752347657991,-0.8556798592899427,-2.3048256320973177,-0.6560802746295015,-2.1253520937740547,-1.1583427807089,-2.098127747426332,-0.4391222082905216,-0.6653105198658327
291,-1.7489564965885638,-3.855878675960965,-1.7558436868717604,-3.158434757483395,0.5957589912337308,-2.77144246952071,-0.8399747054862963,-2.146019516771235,-0.34824698987097047,-2.2616330588370306
294,0.47762981749424327,-2.0985920895460857,1.310431678517678,-1.333112386940114,-0.006523386154463018,0.3248241592728547,0.7441446648939307,-0.2788986167096778,0.4209629675210924,-1.5578040743804076
296,-0.28477834386275636,-5.971355893380901,1.4511079525182022,-6.358874475624487,1.2727630241743726,-4.094438436580068,-0.5204564165077378,-2.325256451779828,-0.00648180890889638,-5.462072776978123
299,0.7227893084332525,-3.3609055082929262,0.40816130111866844,-2.7547572964545926,-2.1501675569311063,-6.856404970241866,0.618502835972909,-1.229958103167962,0.7332283749842103,-2.0541143091976086
307,-0.9786723059072127,-1.8801279348065598,-1.2780407465509873,-3.6178663761206913,-2.1006382215697728,-4.730874088158007,-1.7994063241235936,-3.042685694366603,-1.4464455962727223,-1.9285834271137494
308,0.751043503411436,0.15530523055326245,0.03663756348881775,0.7767476023083076,0.22727619415062772,-2.27144246952071,0.22279073555563322,0.1679960945352859,1.114752719407141,1.8717602115104204
31,-0.8987366375180179,3.2997116540657125,-0.4149316668848878,3.988516576827365,-2.2261691036536315,-3.110478422077029,-1.1324559558468745,1.3024906590209933,-0.3002847798717029,3.5871765407023264
311,1.543524753772014,-0.3558786759609649,1.5366375634888176,-0.15843475748339442,1.3587933970675246,-1.2714424695207098,2.135004953263906,0.8860456519386226,2.2525699407138546,0.7383669411629696
312,-0.07200896524733469,0.8604910745451861,2.2815152094527082,0.06993046630600719,-4.688575355456522,-1.0789210900302069,1.3692960333872328,0.3260556412834541,0.5522854878862524,-0.34882538365353655
32,-1.0414377469491418,-2.355878675960965,-0.7558436868717604,-2.1584347574833944,-0.9336878532930535,-2.27144246952071,-1.862171765165523,-1.4720578650610816,-0.8482469898709704,-1.2616330588370304
320,0.3065722046904057,-0.5248605085198498,0.49961090724414814,-0.03609526678609301,-1.153330376055814,-6.071173504728845,-0.03472399161717424,-0.1638359544564939,-0.09712943244257273,-0.47265432505054794
323,-0.6918805866118798,-4.204114083930039,-1.7390394905503508,-2.749383579037589,-1.3541182159297143,-3.0699100407143263,-0.7814166755708103,0.4917531944464921,-0.6719989732659051,-2.415347321433154
325,0.5326427386188075,-7.067769295341882,0.23161082264682423,-5.8351307129186125,0.16283887723849805,-6.644297136345308,-0.6571726045466108,-2.5140234829996864,-1.14595298750461,-6.634487725661629
33,-1.6950815688909013,-5.037163715653319,-2.125579911760151,-4.047238546815171,0.21801226693169057,-3.856404970241866,-1.041497098083448,-1.0205234227330267,-1.1055335762858496,-3.3579555978082283
335,0.8098302778397497,-0.8115859889657782,-0.0215557237867523,-1.6045876590143555,-2.135321714462704,-4.210041924856567,-0.801084373326113,-0.8692871048929706,-0.12588239776314614,-0.12423096745036212
336,1.0671776111611924,-2.4778414674040095,0.45527281346976334,-2.1616478920631113,-1.755615948180416,-4.6783330651292285,-0.21578089055160016,-1.0779304536295515,-0.3386925783971183,-1.7150783566412897
337,-0.5465400377000178,-5.448394028223872,-0.2404110753603324,-3.3354792385586918,0.07199540084579081,-2.7959771423128528,0.47061264678724496,-0.47195094152646144,0.07354490038567688,-3.885653309862838
339,-0.021474654742762556,-0.7211483384643513,-1.4650000025276129,-1.8230885701098745,-0.39082291628011157,-4.5787973915783144,-1.1257952665979576,-0.7891389684517724,-0.25192445089977256,-0.7765067305340565
347,-0.5122294038364812,-2.937866543516528,1.1478337741570417,-3.6178663761206913,-2.2819232612621265,-3.230874088158007,0.113578975988882,-1.9444870879648515,0.7772838922128884,-2.4285834271137494
348,-1.8364193378389033,-4.650860266850726,-1.8898612303178408,-2.1812560902612512,3.1288348790709097,-3.697941263327368,-2.316241336068412,-1.3548252382425705,-1.0320323700925078,-2.84909590008737
350,0.6042768290909437,0.03131316293366809,0.7316789739549615,1.085403241517816,-4.241042775350658,-1.7844400737871824,0.7680653402900912,0.7420031706753989,0.183434040627744,0.815058222618948
354,0.28049034793822025,-2.2446824652927413,-0.11109037827426807,-2.3397197971757486,-1.2261691036536315,-3.063923719881288,0.2680920099460866,-1.2147712786462026,0.975602138163589,-1.8465955595581867
358,1.458189559929447,-0.833139860702053,1.501256577051977,0.0213583529895488,-2.0156757208486167,-2.6164647429100665,2.5493341708968194,1.1180435012044374,1.4475056834229938,-0.4009422093631547
359,-1.4564752462279857,2.0964386348731106,-1.7558436868717604,2.2798237157991053,-0.23752914190367336,-2.978961219160132,-1.011951906094977,0.8555158102087481,-0.6872829424272893,1.928597473707456
36,0.11952630049453913,1.464243792150208,-0.7558436868717604,0.08749179068144264,1.1775083573751706,-0.42122261045016374,-0.27720926444436694,0.7669657833412403,0.8682327137670824,2.7383669411629694
364,-1.13776028592034,-2.3446947694467375,-1.2633971330668645,-1.525041487135944,3.0440462906868575,-0.5255159213558727,-1.6365662092493587,-1.2820592894896357,-1.7474300592861454,-2.3081877610327712
375,-0.9198021714429602,-1.5070699357160258,-1.1408377216683203,-0.9362692318795712,-2.157717840645932,-6.386152313635918,-1.8036247426979137,-1.2829704494679603,-0.4407597743069521,-0.21172503208533885
383,-2.117739792538935,-2.748081097141962,1.6212995653427058,-2.3824647448362732,-2.8296950412546127,-4.982474852607116,-0.061896394622547646,-0.01772325201613653,0.229003290324613,-1.8651589964380113
385,-2.626400247670298,-0.4873958788778618,-1.0483249372323387,-1.1584347574833946,-0.3576863065705284,-0.06392371988128792,-1.862171765165523,-2.1682165764504617,-0.43320949059212654,0.5570819014706156
392,1.3937446128425606,-3.885325520487749,1.3220639047371863,-2.130142993300211,-1.4294258171397842,-4.774655604100426,1.902556526630387,0.3152812434487751,0.7968341294662895,-2.26163305883703
397,-1.0563114186461682,-3.002269550574888,-1.625964049971294,-2.3808271788198425,-1.3373653143218558,-2.786316141217736,-1.7160813894188678,-0.9371636999826506,-0.3279259976222977,-0.7187681218240887
399,-1.9948830447534014,-2.2334351463991977,-1.340806187592917,-0.8269522511221798,-0.40231997561907235,4.697940203850954,-1.8269771012198242,-0.3431933370270647,-1.612436476048365,-0.7865025457922552
40,-0.541437746949142,0.43660257439961325,0.7441563131282396,1.2950105403208645,-0.7261691036536314,0.3895215779229714,-1.3621717651655232,-0.5832540757293057,-1.0092110373146517,2.030848191523548
400,-0.2944995362996223,1.0317670913581058,0.07258162941078616,0.9660134827816587,-1.746816960008924,-5.298502346054795,-2.065245492576129,0.10630488678264448,-0.18333131797451177,1.101635530207627
406,1.6801238888462673,-4.018992792121459,1.36007438382991,-3.861062996726524,1.4435084796691413,-5.5787973915783144,1.0045496978189772,-1.6528923910380882,1.172828986493139,-2.9080239334509534
408,-1.2873642951139794,-6.762769271569484,-2.355379360422675,-5.772844102731335,-2.887133151097313,-4.22488776732497,-2.0859012536511337,-1.3567514009903738,-1.4274616711732122,-5.168523654445549
409,2.6721635252670515,2.0522519781791004,3.29230597470969,2.9935978190346386,-1.035633688800837,-2.992948058899442,2.318535107854686,2.279479182827278,2.8680070740766554,2.75649371054136
40_2,-1.2489564965885638,0.7585306692869755,-0.5483249372323384,-1.3659535071228164,-1.2261691036536315,-2.27144246952071,-1.069690514804945,0.0017084249918505878,0.2832702130459265,1.030848191523548
412,-0.880473699505461,0.6183049398313741,-0.48368342875985537,1.1452303993914108,2.225018453589381,-2.478961219160132,-0.9847280140837888,-0.8757353260898839,-0.6055335762858495,1.8233294418841257
418,-0.248956496588564,0.5975666218432945,0.6126391102113425,-0.3659535071228163,1.0663121467069465,-0.7714424695207099,-0.5696905148049449,-0.3757353260898839,0.2832702130459264,0.7383669411629696
419,1.4214731766252426,-2.5617635686834315,2.6963555793371614,-2.1358908127191256,-2.18330416664069,-5.6637598922994705,2.554136919981179,-0.0032154679863233837,2.2395723364473823,-1.0395411363678506
420,0.4076224460412513,-5.315310294598262,0.046505672519448614,-3.532903875399535,-1.4894420109015487,-4.730874088158007,0.31616789424054087,-1.4444870879648515,0.04531034233299319,-2.4285834271137494
421,-1.0152040370020745,1.9770670698172452,-1.05728589123097,1.315672738695045,0.5266509203762434,1.8543287692925827,-0.7586495366640171,0.4987337918262571,-0.5776660094218266,1.9195282824034308
426,-0.23438332375880583,-0.45641963350648274,-0.4520023982611406,-0.33709575819467297,2.050185047204633,-1.1253520937740549,-0.6695266872231271,0.23965477732469942,-0.024084709011677752,1.8568865398133942
43,-2.4188814980308764,-4.525803677403277,-3.218249938674651,-4.328359758925707,-3.896094105095944,-4.441367470963023,-1.654653015526101,-3.4606978268110398,-1.6791360387569638,-3.4315580602793427
431,0.5763564546979538,-4.9738623153620924,-0.888713275912102,-2.413259221901173,-1.5149069749831983,-4.2034417202283585,-0.1970164358385359,-0.9732383790082442,0.2295238526192034,-3.8939012743365433
433,0.2981568844943606,-2.2931132349190353,-0.9431150473971525,-1.4217076647313118,-1.1006382215697728,-4.730874088158007,-0.9004282120959164,0.09537650827051569,0.2590209542003314,-0.8046196703919567
434,1.3717608772091894,0.11178493401565882,0.4631493907531369,0.3120336030697523,0.09982413706233573,-1.0981401218084823,0.9939326522838754,1.0186643494186878,0.7936284200578452,-0.4746078865934362
437,-0.08799244914488283,1.7593317215852264,-0.4285919698846439,1.2252896518915237,-0.5186503540142094,-1.952727509213064,-0.0900115070536178,1.3001023930508233,0.5485275713953164,2.6275880562341523
438,-3.431396616624519,-5.338770818292009,-2.62753961853458,-3.548393627158771,-2.0719304153561513,-2.0229812365166744,-3.558619073286276,-3.225234198073477,-3.538657881841436,-3.6130079982511774
439,2.690602299090284,-3.9947428214493783,1.3536651175023002,-2.0896247072547576,4.59108493767076,4.248872626272309,1.5199635627809696,1.066795852148938,1.9379337733877993,-1.7607359400142624
43_ref1,-7.1583474327262655,-7.972788361738088,-7.296751825926359,-8.067825693621096,-2.3659806342373173,-9.680833405658412,-8.479081450942648,-8.555410452908937,-6.333639472731197,-7.010059947531051
43_ref2,-5.604660929336858,-7.319649824141642,-4.838850411449427,-7.356948547314682,-7.8084598504847325,-9.38892788029751,-6.286079317110833,-8.237739777227993,-4.974806074002901,-7.017885457378285
442,1.5782952203985525,2.692844788950516,0.1591938124070835,1.8993038512265734,0.34983244306889355,-1.856404970241866,0.9451831568920812,2.494248715073981,1.7866020781864316,3.1830766708540255
444,-0.24895649658856397,-0.8558786759609649,0.24415631312823965,-0.6584347574833944,1.3587933970675246,-0.7714424695207099,-0.2772092644443668,0.20922717463127244,0.6517530101290294,0.5308481915235476
446,-1.0267458435585952,-2.9868024214026407,-2.0734966300771585,-1.450916007843973,1.6276950828169232,0.8908067859331708,-2.537123598939797,0.3889652221041515,-0.7177199690181941,-2.224039310639921
45,1.9807593127300844,-0.2709161752398087,2.3868574225593635,0.29501054032086466,2.4437558977886806,-0.7714424695207099,2.563702755542506,1.3701912220749535,2.9794289244353065,0.5308481915235476
450,-0.8160706924471011,-2.6760855654880213,-1.8169850802773433,-2.115756142961594,1.8055395799882126,-3.088172978726883,-1.08525796418143,-0.9052054582963023,-1.0828979212016498,-2.097100920752535
452,-0.45647524622798585,-2.355878675960965,-1.333482799610716,-0.04815922022725436,0.28750182075275266,-2.70135364049658,-1.3640142885694513,1.1886432527203317,-0.8053820528580287,-0.7543096708548296
458,-3.1657082316527836,-7.605571659077547,-3.742149126662243,-7.758347599670523,-5.629923234451379,-6.57887406134726,-2.8861006718685562,-5.221750848177663,-2.071050115490527,-6.861545901024158
459,1.904932605928328,-2.648359926321543,1.002110504885028,-1.099564623019142,-3.5335240257112357,-3.0027958448557888,0.3693818732248246,-0.08927674655960245,0.5998790477101148,-1.4840254801734782
460,0.3623584446404488,-2.153125245190604,0.8626099419107278,-1.8044645539715263,-1.0695640965436621,-1.2628260913655776,0.5965971547384903,-1.6545725511691338,-0.4130121967953466,-2.946131233109101
466,0.6195263004945392,0.7423199304407869,0.888909621725732,1.1917851015871515,-0.40745414334598556,-1.1954409227981848,0.5965971547384904,-0.5832540757293055,0.8095039229929942,0.9607593624994176
468,-1.317164913559313,3.3470988672978814,-1.4936461492516844,2.7905623539013478,-3.4550271869253892,-6.175549176334535,-2.0032244986071226,1.1435479312328134,-1.3902104666370652,3.1807836126279856
470,-0.8772216823974874,-0.29209540378299226,-0.9176659706099524,0.5904401464418695,-0.9254437918987689,-0.933264753258902,-1.863030001460034,-0.19347409268367188,-1.1840309253193158,-0.211122242336912
473,0.6198708199693574,-4.56889807797577,0.3207028026461563,-4.671258797840978,-2.2154590171828255,-7.29914018157532,0.030121958727375886,-2.657506489979656,-0.5961605569642066,-4.496849520531062
475,-0.028902921371252194,-5.2531407140164035,-0.04011009614149984,-3.228170702995496,-2.0493737296419114,-4.677010208169533,0.6915189365247361,0.858688807302363,-0.24760591498705672,-2.347990055018735
476,0.41829240379670574,-6.76280574597104,-0.482170024294473,-4.689776229694758,-3.2215060046672805,-10.12750827218269,0.8963404147045863,-0.6132025474845193,0.14254492397545923,-4.702611046765157
48,-0.9319468503622441,-3.322863740793366,-0.9729197919662302,-2.6951213506485043,-1.2982071924903422,-2.701427243631223,-2.0770139027871455,-1.3624450265382255,-1.4040011474794658,-1.1564231690018445
485,-1.395347371202487,-2.259556136989767,-1.4520023982611407,-1.9657896795409986,-2.3725599782675544,-1.286316141217736,-2.377045436862549,-0.7540997505837022,-1.6204072479828757,-1.2765067305340563
486,-1.8610109435512987,-2.030698563965629,-3.549183173526849,-2.180203081625219,-4.584150098781203,-4.968459417204601,-2.720857545420431,-1.5781259911907786,-2.80513137652763,-1.9496890525222899
491,1.3503631140801646,0.28803641918340916,1.1124984746446074,0.6192222383643866,-1.696449589488203,-6.002523175217145,0.15185959701781812,1.0728299743028247,1.0815001471033314,0.5077557099513422
493,-1.3596031928549226,-1.668299354149553,-1.6046425362780057,-2.245627082299901,-4.227159285717752,-4.772432651584831,-1.9176874213598953,-1.5589312212584425,-2.231053944249234,-0.8519026901335991
495,-1.739735293215325,-4.8167428249466715,-1.5355649196057155,-2.6028714230762127,-5.408472484729648,-10.158441318665577,-0.6992664272893642,-1.688173216862271,-1.6274110903985881,-3.3510031672573803
50,-0.6471897995459981,-0.8925652691260744,0.5581719244347605,0.36068464466045125,-0.6969607605409704,-4.230874088158007,-0.2144438234024374,2.5010457262585666,0.5972858243524474,1.2210205820798898
503,-0.6438644143217747,-4.220086321362103,0.5457057395853808,-2.425398275643471,-2.112010476006855,-4.148886220602444,0.409723398856285,-0.9153965524205868,0.9841411240073108,-2.387826639654173
507,-0.20259814756404443,-5.955733435738114,0.31839737180959726,-4.303388421746333,-0.8079370571540387,-8.893494288977086,-0.580561847892558,-1.670161550204842,-0.5035088020338134,-5.222720830849726
508,-2.640951643642428,-4.971355893380901,-2.412551984387683,-2.617414489844653,-0.6986027727466486,-3.5038904340973795,-2.765138188659726,-2.240699419922659,-1.599394411396631,-2.6924933714241064
52,-1.415906864865283,-3.6191515832088816,-0.9116101486342525,-3.227186519358362,-3.5246366748472475,-4.569910040714326,-2.121163665661728,-2.2731062888125875,-2.064965194923147,-2.6361021767531714
520,-1.3103848704813308,-3.002269550574888,-1.5631986089293646,-2.3048256320973177,-2.9485615249900796,-5.0787973915783144,-2.0085626397794463,-2.683090248147488,-1.0431187294284374,-2.3392721715759857
521,0.3577568234508854,-3.9014526199900628,1.5767336171454933,-3.608666920707937,-2.3658288483642735,-6.5787973915783144,0.3100328072548332,-0.5610570160500791,0.9141737642708222,-3.2187681218240884
522,1.634550080925942,-2.3315239655666975,0.7512676888092152,-2.578913887492009,-1.7995897978182671,-4.433157529547007,1.090168647377078,-0.9473403950310852,1.5909365503757789,-1.6654981997213063
523,1.33816629433087,2.569607025130522,1.4267558275996448,1.9720201887129252,1.2383199401905183,-2.6527745814487127,1.04241357769779,1.2842581715709844,0.944889005850863,2.4920146982229916
524,0.934497569142297,0.5419572234371436,0.3622674590769468,1.3564327828348168,-2.712185026422514,-2.141897487008266,0.39833231770565286,0.7362151574254494,1.1598096158952031,0.13503364544334295
525,-1.8347460152464594,1.2290949565804776,-1.1276738102418675,0.5950826321545509,-1.9617445499229464,-5.828113206058683,-1.5742130846064484,-0.5932160300732978,-1.3976928683637144,0.38148409262453153
531,0.2653280795098214,-1.8631284608085226,-1.0483249372323387,-0.8805266799525746,-1.9631346978198378,-1.8008893140474944,2.243675060531448,-0.2061666336300912,0.7237761949373829,-0.26163305883703025
532,-0.04143774694914204,-0.1949146285172838,-0.903571628634846,-0.4214691633171884,0.8315695050563363,-0.695440922798185,-0.3044331564555549,0.12426467391011625,1.0392197323116428,-0.3465955595581865
535,1.4168151533376694,2.965896961048632,2.0298855321077083,2.687716309574874,0.5255010663611559,0.5303305257807986,1.2934049466191158,1.185546740163904,0.8923573321310894,2.294725013027026
538,1.4683343201166497,2.3043391844720733,1.041041110507177,2.1303189052003177,0.4041124934662823,-3.1155942756889043,1.400642819109557,1.4748090347799947,0.7148290273390803,1.9496585451124064
539,-0.825048290717743,-1.437330305743329,-0.37581263742082993,-1.9521692002360078,-2.6984189933501836,-2.2013567738978814,0.23001095152000522,-0.9050494639838427,-1.037429032629949,-0.9903047937194447
540,-0.22408737171457185,-0.7529252671561504,-0.13727258844840934,-1.179868514996313,-0.1153887695313157,-0.6789838660029194,0.05534031312601853,-1.7316591484164627,-0.7918222475225322,-0.6436938843589326
541,2.4048417214303344,-4.566911059047371,1.7039759943548969,-2.089983494475695,-2.8024711492434244,-3.6402257654710812,0.8795699412407169,0.36284330826479233,2.3181226322682478,-2.5838616525916605
543,-0.43622785711395623,-5.257571685888294,-1.002609065505696,-5.852609017771302,-1.7819232612621267,-5.654872541435482,-1.5624407299573875,-2.8911335840687498,-1.0581986170963005,-5.3060271781954835
545,-1.6355880673221208,-0.7495291633946629,-1.7287088556077,-0.26478818362107914,-3.1647407297608647,4.074260030237124,-1.8072129191265054,-0.8326406695376458,-1.5869958915472728,-0.35009807613228194
546,-2.42896301769073,-0.6524551251483584,-2.0546758001518617,-1.578465927333243,-2.897214670757166,-5.319931787705979,-2.5021692717231017,-1.183324928442277,-1.5113217850399943,-1.3590855873669279
557,-0.44922546138042846,-3.5928028716640505,-2.0710344996119474,-2.2354305807526464,-1.7711358084651856,-4.777428790353747,-1.8069597703186977,-1.7043398368884295,-1.0180206397182605,-1.6668024490852429
559,-0.566839932284888,-2.88907928882222,-0.41743200741407116,-2.160935098012578,-1.9229520881416413,-1.6801293084620077,0.457055587046501,1.2255426767512554,1.1485008743046525,-0.7641333993662138
564,0.21478725351925215,-2.689444197111956,1.491332865205216,-0.848779929904722,-1.7699005242788015,-1.2450304950180717,0.8067356249858867,-0.43112619246983774,1.1861416326696201,-0.7277734774059212
567,1.1351655889803585,-0.8422109164292395,1.255140036036941,-0.7624471531719975,-2.8200925583734193,-5.233848721323601,1.8912034304899883,-0.7908827785006298,0.39998958179814936,-1.5247070458675993
57,-0.40611395197730776,-3.294750800935466,-0.6369772031362938,-3.8210363709435065,1.5858773638230157,-5.6637598922994705,0.44595053019680864,-1.7034112403961612,0.03365389969829009,-1.5893089731433077
571,-1.6630123892058586,-3.7168482784727717,-2.24160235206075,-4.3153703877632,-5.882522767366618,-7.662180874842013,-3.6497082134999035,-3.885816845749737,-2.848305538429945,-3.9064449159934975
574,0.07403947047079393,-2.27987712923844,-0.903571628634846,-1.7433972582045507,-1.3111316043747876,-3.856404970241866,-0.357179720879212,0.3030406762191579,0.1983077123247704,-1.0541143091976084
576,-1.1506495065158933,-3.41163283356946,-1.778040746550987,-2.9569023286770104,-2.7819232612621265,-2.145911587436851,-1.332963422052862,-1.692465835296057,-1.4464455962727223,-1.0601006300306466
578,-0.9236378565435548,0.4014112407671889,0.15944354324580562,-0.27093170544151834,2.7644462557566847,1.6595205534934512,-1.144444886666729,-0.8254934074308693,-0.04888051709669533,0.6505764572263262
58,-5.11961293921008,-7.352304502080464,-5.090324707380935,-8.462215505660499,-2.8245916850286,-7.914259170254132,-4.821827358776037,-4.7921225444664,-3.0512108074632485,-5.480451306292977
581,1.6932968796844907,-5.138501853500145,2.2577994062848883,-4.67681016049151,-0.9116078508542067,-6.283781456378538,1.4984765000451539,-1.1704475439830355,1.508248954859928,-4.031258632109737
586,0.6964127659415327,-3.611609195886707,1.3035127242039848,-2.9141652774091362,-1.891700457243463,-5.470344598548668,0.5510982672684223,-1.6188052808067248,0.0647639843736419,-3.0475498877525133
588,1.0202291283577476,-0.6221262163744753,1.15589308329205,-1.2523582122031822,2.6825267229298593,-3.233848721323601,0.7246573790887094,0.07274541309250929,1.1133452116036138,-0.18563151211450557
589,1.0768573575577245,-4.717172405129373,1.5863122988774152,-3.9495209270668834,0.20076464368609342,-0.9306858004478711,0.9645972003041564,-1.7025981261858896,0.4210742354541448,-3.3336586722245767
590,0.03343581280319896,-2.3488684408034977,-1.3817472620770301,-1.9328292015672304,-0.43934550990697047,-3.610478422077029,-0.39091451249590325,-0.15465233997522299,-0.4041797956945362,-1.0217429268224807
596,-1.2253036391993855,-6.762769271569484,-0.8483596337880206,-7.065325353091913,7.841507281642237,-5.5933705644080725,-0.8320039335517855,-2.8567514009903734,-0.030408483793119973,-4.264846193416747
598,0.2819826425630432,0.02074260749828319,1.1600634419341722,0.08371600257559556,-2.124414826399471,-2.9732994226642657,1.022748394348352,-0.5852647238247191,1.0221672120400505,0.02146018458657356
599,-1.1441156202505578,1.9881532392787775,-0.36742719823140646,2.204313231136404,-3.9662107633486974,-5.048484419937664,-0.8021640526013217,0.9156434654354308,-1.1047427817938944,2.008311005078757
599_ref1,-4.851758102654804,-10.412125579831464,-2.399544947565053,-8.714681661353893,-6.671219796855906,-10.120170623751788,-6.9374526894527815,-8.02830476893158,-5.941494184463359,-8.81787996270753
599_ref2,-4.872451693683329,-9.612767143403183,-2.39616200609099,-9.283806022008715,-7.240344157510727,-10.689294984406608,-6.307302361862465,-8.547661292810943,-5.7843624427694245,-8.887004323362351
6,0.3327928695528757,-1.981648059458947,-0.3873608897886573,-1.895400351649601,-0.5652050562099504,-3.300889314047494,0.3933091944731665,0.4887691090790477,0.2538233685191421,-0.8376346055595553
60,-0.8513073779047542,0.6989453487835567,-0.40682463261325963,0.8891332028643262,-1.6151160032964502,-7.921189589025392,-0.5829769708761257,-0.8715974296492144,0.3567093709892181,0.12744494592310968
61,-0.541437746949142,-0.3558786759609649,-0.2558436868717603,-1.1584347574833944,0.5663121467069466,-0.7714424695207099,0.2987922822781581,-0.2147712786462027,0.9907889626853483,0.23836694116296958
611,-0.5743480206958135,-5.235822767571882,-1.8267989995081184,-3.4144150923725194,-0.03208678478214566,-3.5936479524216596,-0.198633105221396,-1.6242404902460228,-0.746454019494445,-3.2730943533648444
616,0.8009691021512042,0.27573382354375076,0.9659460323825073,-0.2092205854164277,-1.2966956807525871,-4.6921889056902115,0.44663457843597343,-0.7132480419277332,0.9580783155799766,0.11474038847242163
619,-0.4099205440322452,-1.5633974256003869,-1.0853252279542271,-1.7264655322714089,-1.8871331510973126,-4.5933705644080725,-0.8184403445403534,-1.744218123172987,-0.7411845871945468,-2.179883692695591
622,0.2499360500426653,-4.580082579143349,1.378428901045408,-2.9192152168357186,-4.170659302529008,-8.349325938743537,0.47908713990639185,-2.226362042603376,0.014675087049181475,-3.3480197407127017
627,-0.865146377827793,-0.4805261002878094,-1.269496241153624,-0.24470337949906487,-2.6506946651171077,-6.48089583514966,-0.14888010532228554,-0.4083740429050017,-0.9039860929037972,-0.9293467608000597
631,1.3007354048722861,2.182008220347522,2.025425383383162,2.128231690933256,-0.24807898032411935,-2.236571395037183,1.5167269779028993,1.0134942023746654,1.1954947742651472,1.552396657220374
632,0.37258714623888445,0.63046019631872,-0.1599113818946319,-0.1316300140878026,0.10873430210092291,-3.633065715750325,0.4422072735245748,1.384432449264312,0.8528844705233729,1.3087925385888208
636,1.508630588693583,-2.43188022268349,0.3635497429217977,-1.5766853913419547,-0.10068831688702223,-4.0933705644080725,0.8298531382320569,-0.23303421665875973,2.2066840043747487,-0.8538453444057441
638,-2.5393377526844993,-1.70368032535949,-3.958339313278696,-0.86951745953466,-6.048397697408262,-7.386152313635918,-3.1371415595280085,-2.744518622040255,-2.4981796761197543,-2.056220434841066
639,-0.7357203909079685,1.3840114560535852,-0.7830675788829485,0.922061180852758,-1.1064361363059367,-2.27144246952071,-1.069690514804945,0.8724141745905496,0.42047007544831455,1.9186076089913473
64,-0.7629145972251898,0.9226722173648617,-1.4777645799568098,0.5014835744263221,-1.444545284345521,-4.826031321198347,-1.1860208932000824,-0.3124666303865737,-0.31225971311582457,1.767800723597377
640,0.20295615084492172,-1.9302463657665347,0.697012515333858,-2.0027899702628873,0.3810201962912072,-3.5232817353839425,-0.38355558227426073,-1.4277674961024678,0.320564871256268,-2.390916075781997
642,0.42621983340316766,2.4853597829274503,-0.23175597518762045,2.79164228396526,-2.8235096539175735,-3.6340403781340416,-0.11505094667806887,1.5005543293661456,0.6212700914952013,2.3072426565600983
648,-2.6823581901577374,-1.6101661034303985,-2.1972161523754448,-0.9649127085588662,-1.1943320892597378,-2.212814935024394,-3.3533120674446644,-2.154642500069125,-3.0599036460560063,-1.5630841775805409
649,-0.7030368596805419,1.6777169474548035,-0.2533090020325622,0.9631560433388415,-1.8469544026059959,-3.5807852765406194,-1.184767415301219,1.2889694354264376,-0.5832915508899796,1.5804800815566569
65,-1.2394020851147116,-3.385325520487749,-1.662734282480279,-2.904361305648232,-1.1796144014578909,-2.2746556041004267,-0.9936889680824201,-1.8143069521971171,-0.5188936997481173,-1.21507835664129
651,-0.4244686260771025,-0.15071843208485095,-1.0903623388022887,-0.8429638483870638,-5.2746584218389,-5.319931787705979,-0.915609101422042,-1.2521876753963839,-0.5946264983551204,-0.5708386742325746
652,-0.80805910748597,-0.5779887881142732,-0.5753634339098423,0.17949128365757344,-2.473304734959867,-5.79875743501481,-1.0119919925788552,-1.0431165666864943,-0.8839016925364624,0.7631770762686912
653,-0.7877369882353904,-2.0237689108467958,0.19594372116468667,-1.369938862677106,-1.5179055449439665,-0.41290168876364725,-0.35757555302516236,-1.1006004348123857,-0.1990632503979332,-0.6317322519710917
657,-1.5354151808042076,-1.135944787651823,-1.5057050780511487,-1.6130351356312547,-1.4214050806409566,-0.20132799304069393,-1.0967847978600538,-0.6768228949947624,-0.7155765532624894,-0.557631504306768
658,-2.33391899730972,-1.3761996682096378,-1.6798421401492356,0.19178510158715145,-1.7261691036536315,-1.5639237198812879,-2.862171765165523,-1.1460195167712353,-1.5941735380358077,1.1505811588712427
66,-1.7987243333640213,-4.885325520487749,-2.077771781759123,-4.3954003516496005,-2.9631346978198376,-3.8008893140474944,-1.0565855751435205,-0.5101437053037838,-1.8089420725227874,-2.9225971062807115
660,-1.304862581743725,0.09606381396548469,-1.3773720386660475,-0.08143932193210299,-2.776687953011705,-5.433157529547007,-1.5090131534947941,-0.9990425875907658,-0.6841969910671949,-0.08949665299878151
666,-0.1899644600733089,-2.217035330307736,0.6002388650187621,-1.6871433600433008,-2.0639516284046633,-0.6315874633953028,0.8515451402400468,-0.580043122922327,0.2667184921463806,-2.144716857978515
667,-2.5219749909949796,-0.10499439336358601,-1.9241354984637014,-0.5079245788441428,-2.262222003893841,0.27546059970692494,-3.0337202302368014,-0.7225324147032288,-1.7803534642905139,0.2727033688141578
668,-0.7638301682855901,-1.520532488587445,-1.0745586471794066,-0.6216645249744097,-1.1973113547254879,-1.7216746327452528,-0.8640142885694513,-1.118448739675005,-0.6738648499411316,-0.7187681218240887
673,-0.8998619120208613,-1.3031520910747152,-0.5166826395079962,-0.7724822198892858,-2.9370277385949617,-7.580470559738092,-1.0675549851016515,-2.2861397583673497,-0.9250810456493117,-2.0345450450048577
674,0.5700869910829808,2.1142369165604,-0.37579961077278423,1.2814089580747179,-0.6926120057243631,2.056502361628634,-1.0161160859745504,0.4730203469723839,-0.9431222112384958,1.9605715653776246
676,-0.6294272595376985,0.7320301505769724,-0.7518243648573373,0.17318635992183043,-2.957102256572611,-4.438297446694349,-0.9923281563123243,-0.5428368997371525,-0.3279717103299612,0.7579706057004554
677,-0.3659005266757026,-4.370752347657991,-0.40978800768078744,-4.1733084291804206,-1.117079018628865,-1.3698711341353653,-0.32278320847346464,-2.2059920929540504,-1.0018876493324511,-2.7765067305340563
683,-1.4498657822257601,-6.117986277278025,-1.884558017841369,-5.259578311356773,-4.988276704970691,-5.533550070837769,-2.0622187105679886,-2.999780724769824,-1.5867017337988516,-3.8627766127104084
685,-0.01777062390332193,-7.38293855249505,-0.26318290021214674,-7.2117283439645465,-0.20754670825960397,-4.89851465020879,0.14593067474305785,-2.7018221406357,-0.3584233089818599,-6.899889146039339
689,-2.2821667094327904,0.4767533884450439,-2.2355962977577306,0.6362235858600107,-2.7059217145396017,1.2069579307695093,-3.176850075205328,-0.8193737731982648,-1.4296413999513125,1.5117185249303717
690,-7.003319680996425,-7.152686309162082,-7.097750224558666,-6.601249127087291,-8.00676599800856,-6.714256839124607,-7.43524990988103,-5.522314676998732,-6.641783200138701,-6.334711203552537
692,-2.204817748671233,-6.318284927763855,-3.0297652094519893,-4.6918505117225,-0.4164150973446171,-6.733848721323601,-2.0667280978263927,-2.8374374806963703,-1.8351080419143344,-4.639076809918765
693,-0.3606658479652094,-2.3337787740056974,0.612485206323316,-2.8136509855081613,-3.209061245984675,-3.8171000528936827,1.1412764369674842,-1.062814352919844,0.24580856236730472,-0.9270995129113161
695,0.9837280908259303,1.7881209153973112,0.9158765778409024,1.7776590622365604,-1.4306904508635423,-3.14995409277444,1.4356632654654051,2.003370804823997,0.7944468232351793,1.2298393590731047
697,-0.03568868943000955,-2.760180410088396,-1.7288971828741597,-2.999971050568897,-0.6370585321549298,-4.066424060410472,-0.3841884715125507,-0.08910174254549336,0.14925266959984598,-1.2844543916148865
7,-1.10819742445593,0.26554958598711687,-1.355379360422675,0.054241844400876635,-3.4255409496227283,-4.719564145225215,-1.539346551455393,-1.3814574980529128,-1.7237697078055079,0.2894160349723375
701,-0.6547169724071428,-3.9211444575320775,-0.7052443254849814,-3.0627364916108264,-1.6414839909460626,1.704184760457602,-1.0589547496535328,-1.6485198573004187,-1.558266080039576,-3.764133399366214
702,-0.994569212867568,-5.1186291939569095,-1.5120962153153408,-3.307650821206378,-1.488009403837391,-5.763908796835302,-1.2408301207730037,-2.3153201339332217,-1.2221481803563763,-3.0046193947396556
703,-0.9208677212955712,1.1497416007583583,-1.6270955757255785,-0.21878701188644883,-3.9991875980600473,-4.8369422142877045,-0.16670773774698633,-0.017836946634377765,-0.5015325169296918,1.1285631903177054
705,0.6730169467097435,-6.912484057571959,0.5999967821277093,-5.133772127987918,-1.249010942811637,-7.6992997399855225,0.15723958170301186,-2.1447558431508336,0.6046154179607613,-5.258588976261852
709,1.1248335519582682,2.485316003716219,0.5702313087379527,1.7361893090458165,3.2296178772270125,0.35518397369202237,1.0743990719053964,1.4959849396010165,1.1679300317964936,3.2107254818345092
711,0.034563799773383,-2.440841176682121,-0.9723233905098135,-1.6584347574833946,-1.0186503540142096,-2.356404970241866,-0.862171765165523,-2.057020365782238,-0.6904960770070057,-0.8465955595581864
713,0.7847838143973436,1.4379351953595285,-0.3690979517761001,1.5188243365417256,-3.350607275072199,-0.9960779297129423,0.17873648329131087,1.673384560190807,0.3609770738497776,0.9082860875355344
715,-1.4732281478358447,-5.815310294598262,-1.927820887480441,-4.164421078316433,-1.6006382215697725,-4.438392837797429,-1.5069250737630155,-2.1390082333378007,-0.773558177851857,-2.5601006300306466
717,-1.1929089671041981,-0.6700631218774459,-0.18891649167494445,-0.7089429166023751,-4.338659939830172,-3.6338965041299285,-1.0328681930676065,-1.871104465470696,-0.8172972521534296,0.2635688594615959
721,0.44332366850253746,-2.4094793882302636,0.26261598147101994,-1.5428567871130698,-0.30878328854094816,-1.7978192897788206,-0.252607673125339,-0.5037551661471463,0.015958888909289648,-1.2414551768994002
724,-0.6906601921501825,-2.673880216850323,1.321953293713468,-2.701337757092513,-2.0428836727110764,-4.424369709563903,-0.05549804424126428,-1.015275108857459,0.5079385068352531,-1.0322752710998193
727,0.7771442160627391,1.144370054882165,1.1076399325928143,1.9298996457725797,-3.244694741146856,-3.717817763962084,1.322063982863526,1.5671789121869946,-0.19481033078387067,1.5841417089913419
729,-2.227916029163365,-2.376065508152788,-0.9758556043627282,-2.6833065952745807,-3.8553439554267626,-3.50656935241239,-2.3765891080752186,-1.9617376597726381,-2.7663974886966467,-1.0831138660224786
731,-0.00854997033024896,-3.0802801970585545,0.6340153207526843,-1.7397364548925653,-2.7679302340075718,-8.626492699046095,1.1732454311787854,1.059757080643927,0.4782624510570638,-1.120719938630256
732,-1.0375215345755198,-4.0857652386288414,-1.6646040975035694,-3.538101461080725,0.45615855138676487,-5.501329032188586,-1.1843666799266301,-1.8431878119789413,-1.5669496460246197,-3.433781012794939
734,-0.2893652603927276,5.3217496805682085,-0.4888975286183197,3.9188305530800425,-2.1816153667366387,-3.1974418880769333,-0.13884202593948858,1.7747498867634024,0.4715518887780305,3.3114652741833726
735,0.010324140910759005,-5.443341517211305,-0.785567919412132,-4.745897598733734,-1.3542003262666737,-4.85890531077105,-0.10682218655268524,-1.304491860457789,0.28076987251674296,-3.34909590008737
738,-2.152633957617366,-3.6520496915043417,-0.5400913314379535,-1.9141457753349878,-2.3725599782675544,-0.2419220218592827,0.23731381306814164,-1.6367116776875619,-0.5950942114478917,-1.3642925128257837
739,-1.2289075541607066,-7.842721831439931,-1.384693168458809,-6.030344142013063,-3.018377480668148,-8.865335232268157,-2.0416012460342707,-3.629603010002233,-1.294351821523282,-5.712139996847604
740,0.9396876147511091,-0.8988652875158913,0.6066527893783047,-0.9524079370633833,-0.024636674847247575,-3.230874088158007,1.1776918310698439,1.7164769594788298,1.6752135338227756,0.3933446677736128
741,0.2687100399675765,1.8493776610411432,-0.2538592357702877,1.745668402891161,-0.7321554244866695,-0.3500984719357676,0.26085007953502365,1.7181145254952601,0.5055409598403898,2.848071222611783
742,-0.13089944167174375,-2.2204119408280674,0.20453983632837955,-2.4475248553280173,1.0340489646981095,-4.090422208647645,0.5523272207755339,-1.5495169837018685,0.0026592120669529733,-1.1711955884923047
748,-1.0295181468265806,-5.66323359801857,-0.42339331840312205,-4.885854011151804,-4.94856152499008,-5.917833344134634,-1.3522062317193522,-2.41935174511729,-1.2506374790678594,-3.2840601767291604
749,-1.4615020785599473,-4.063397425600387,-1.4149316668848877,-4.073472256762239,-1.9336878532930535,-4.771442469520711,-0.381085249610669,-1.5033184073401111,-0.5438423685332084,-2.6006690113933493
754,0.4551818558167408,-4.265305493727215,0.7857481454395628,-2.2312023876786435,-3.516846264556554,-5.869474552481236,1.281355671353805,1.0597869371511957,1.2664354336497452,-3.2262718714501064
755,-0.5441701271875479,-4.294478131296822,-1.1682094322605494,-4.228551415736148,-2.503804511545807,-4.502523175217145,-0.8938806248928612,-3.3992972821468967,0.5652206556425896,-4.285195014894043
756,0.1454977922688173,-0.5345295921365367,-0.7692176750339321,-0.3086110704759047,-1.4425814076694141,-2.4995566891907317,-0.6019221465086082,-0.9267253257488146,-0.43461252543620643,0.828124897315261
760,0.5679957316878091,1.9838126694708613,-0.4069690879867972,2.4658709395866367,-1.1414839909460626,-4.555240153896245,-0.5155549068418063,1.708211100235029,-0.2973132101886877,1.1249736271791893
77,-1.7909385892671665,-3.356629688543581,-2.306362536229834,-2.2907029729829076,-0.9166269110103089,0.0817161421500189,-2.620209364163018,-2.426254175447957,-1.6097277816610855,-2.715829369223906
772,-1.2186125332390119,-0.7277087993310721,-1.174094320730321,-1.0424455224005715,-1.825704777204546,0.6308596860000746,-2.0729036493846613,-0.9901446713378244,-1.0941735380358077,-0.06015072534789592
775,-2.2671234405201433,-5.607128846225557,-1.7451079217203482,-4.022872895375459,-3.191747428923045,-2.363100102039573,-1.4726273525545903,-0.8309906125469133,-1.9172109439876346,-2.5463561410565356
778,-1.1369422364297952,-0.7674586689223665,-1.2360468693501017,-0.6009014480055987,-7.0073350407863755,-6.530411346974228,-0.8726330792548456,-1.946488013213186,-0.5070451957023314,-1.1733834179975766
78,-1.0832348117900887,-5.39428647448638,-2.4964466129368437,-3.814075182827322,-1.9641248798839581,-6.763295565850385,-0.755800639514159,-0.5318178890636166,-0.7373256306141285,-3.431558060279343
782,0.4414441233611614,-4.922835083080483,1.876625183148573,-3.377951068203317,-0.7243737488981821,-5.9993629240839095,1.3226853307066924,-0.892952074621821,-0.0958768387574326,-3.3285894659565485
783,0.0685013784193127,-1.683554590267242,1.4001232677844149,-1.003218529458628,-1.507290315764168,3.269804889778897,0.3279119108680795,-0.645672631686193,1.4062672018923696,-0.8698668525267017
784,-0.9859220907547702,-4.385325520487749,-0.2582521950206484,-3.6878816020101786,-1.5259001388617675,0.5675934830356089,-0.922318882024379,-2.293985959948444,-0.3540409770085764,-2.5835611537243928
789,0.03949621922883553,-2.2853614614915703,0.5389015531661395,-2.8760401848240233,-1.888580833082602,-6.837531659978483,-0.325058998636372,-0.3928496114775689,1.0068095239658141,-0.5817957011299655
790,-0.13513517978530568,-2.5382082632486407,-0.6123977597294639,-1.9649712194909692,0.6906768175181326,-3.135259845606055,-0.11935230372682386,-0.6922042246055956,-0.698790409449885,-1.3261521216950891
791,0.5665874562814837,-2.160283297298727,0.8869352931426668,-1.6928786105723241,-0.9568669899055118,1.9960765947991455,0.3221808808785393,-0.5665983176022755,0.14952990803123303,-0.7464785447907618
795,0.055426594298593326,-1.6642829902062712,-0.011989889649397206,0.07749857128811674,0.5556998741386702,-8.423994377794457,0.559114050465997,1.6488371108397608,-0.0985080235867716,-0.05730182605234306
796,-0.3409731903147535,-5.354785965295673,-0.8976282173734074,-4.288971969091499,1.0603650993554232,-1.354854518230788,0.09063299905770125,-1.8578536840827198,-0.22406010407429988,-5.367242167226335
797,-1.04742406778218,-2.7303477938771064,-0.6008659602611173,-2.4569023286770104,-0.9558849129722801,-0.37375132932494587,-1.0756768356379829,-1.7705254362546978,0.03135734404805118,-0.3708448184037816
798,0.019527083986000254,-5.54481762799845,-0.5159914802033467,-4.253221944142297,-2.100710043894763,-5.4779333220361535,0.17410705975240082,-1.8202472781689552,-0.09238423600176626,-5.273150652194467
800,1.7044888012156951,0.43660257439961325,1.7441563131282396,-0.49747071003971344,-0.22616910365363144,0.7285575304792901,1.2987922822781581,1.5470096993823037,2.6051983079332883,0.7383669411629696
801,-2.2163895807234164,-2.9498021306807525,-3.010731189035229,-4.0913941647595005,-1.4036475512910482,6.448026881551188,-2.408133009886043,-3.016213483005412,-2.121397430046996,-1.2868047516818506
803,-0.6561786700105259,-3.7471828058219243,-0.6823424806784189,-5.745897598733734,-1.228669444182815,-5.35890531077105,-0.5989813754365505,-1.8251359647031045,-0.4234170119821737,-2.264133399366214
804,0.016866846505785786,1.9547548060557887,0.1827279392354726,0.8266915708195793,-0.38392001651759633,1.0283621688220685,-0.5648000044086523,0.9914121108663838,0.503556508738917,1.6196172842996415
805,0.26556865594698026,-0.386289038587889,0.08056424068961199,-1.0169385413131848,0.5409276502398181,0.2657312012093307,-0.3501346976760944,-0.9817261076098815,-0.46109907694730534,-1.4996665251752321
807,0.42366808797242667,-5.30400035166547,0.5741185923294285,-1.1616478920631113,-0.839744038721263,-5.470814315489807,0.6743151620513526,0.026719770705817762,1.6460667430723293,-2.446131233109101
808,0.5591740460914848,-1.1070037720357007,0.03654225430978694,-1.2729982418294417,-2.540418678156034,-2.4204972072053335,0.30748845745749964,0.20030910565512294,0.4815089713091304,-0.4299248704289713
809,-0.3099473025632063,1.219438612742782,-1.1861421585390524,0.4018168949195099,-1.427802964823282,-3.183808214909499,0.09875963712767957,0.4298084592290006,-0.16063637286534285,1.1603170801807055
81,-2.7153993986592955,-0.46747753666501035,-0.7305306503367763,0.094329259129981,-2.409560268989443,0.4210264766858711,-2.1473296275439004,-0.19123715181781337,-0.8409236018887699,-1.0948043651022958
811,-0.7129862120204203,-1.4404124411447186,-1.1664158003453609,-1.0952405809040626,1.5947289850799862,-1.577779560442271,-0.4855862503782994,-0.12898963840298094,0.10461481836479786,1.2940572981524554
812,-0.875793752258542,-5.056318394102057,-1.1713556008473787,-4.9814307245427525,-3.6341275714341457,-2.5812023308994725,-1.4877379235542743,-3.178967111055923,-0.7837762347477151,-3.6695915266175447
813,1.4351086292659585,-0.5170653958930465,1.5747007861707345,-0.9717868076805771,-0.568418190789667,-1.550163188499336,0.2612293179548501,0.47503235721086123,1.0283545326945815,1.075284724684984
819,-0.1637808691619151,-7.257157052738355,0.9196539522049039,-4.329997324942138,-0.9515361581556729,-4.150523786618875,0.16801621975327807,-1.7580000454837907,0.6381768931036287,-6.238912982336947
821,-2.5234316533475036,-4.822018152495658,-2.1063203903532255,-3.146465080032044,-1.7001922381174825,-4.7068816737233306,-2.4649430107755563,-1.315886157235818,-2.3222701243348216,-2.5858760523714275
823,-1.117518341123441,-2.1562279495171226,-1.771666500179993,-2.754147792810012,-0.5829695867617971,-5.395880640939277,-1.0775185841097699,-0.8667802271610001,-0.7909243895162652,-0.8818569192203071
830,-0.050398700947773156,-3.440841176682121,-0.9257686883140729,-1.4781398998551607,-1.811131604374788,-1.3564049702418661,-0.4237238375101824,-0.5220983714751832,0.27430925904729536,-2.1390768099187647
833,0.37994238214525927,-0.6357718244143868,-0.20410888133358412,-0.14492598216415475,-0.2166864644817582,-1.7810514272927809,-0.14319643937322962,0.6178872757064717,1.3496628019963808,0.6568902446601741
835,-1.2628123371495468,0.2761877984649483,-1.4898609252775397,0.44713756451854714,2.798475142029143,0.6687442201824094,-1.689298407962784,0.3873962374678693,-0.595555263217322,0.08667086943800213
837,0.42690414554196177,-1.367872400935972,0.6307679262924925,-0.6435613270848726,-2.8910336501147924,-5.23116973935543,0.8940349968264425,-0.8213670355898075,0.4041022180288028,-1.186267903762498
838,0.5126515539492307,2.3404073034386284,0.28379526950079986,2.312801781730435,0.7837694686413808,-1.9401574645233484,-0.07063917832384815,2.0182915200558615,0.6960736691344447,2.1765333163162643
839,0.9412836420326735,-0.019247662725804495,0.6460021671117491,-0.5922096094715699,-0.5491650707129896,-2.6794009373012244,0.14631477413633362,1.1119554940488676,1.2482889339621426,1.237299068990974
841,-3.141944728202138,-3.8622913216766124,-2.7168511884364612,-2.6567640090037745,-2.2272295417091543,6.17732534277813,-3.639222116649452,-1.9391881611842818,-2.424195020448737,0.4150961243957283
842,-0.4573746020561449,0.2691731200153374,0.38483091718668,0.11673111201851279,-1.2055378797083922,4.564654833453334,-0.5585948470834802,-0.009336005614766111,-1.0518558947406804,0.9109975151729157
843,-0.4465831398005118,-7.288095595403259,-0.6505161999260582,-6.641313612760396,0.9399795784054505,-5.4046842819585805,-0.38297224213567477,-4.0315992255498845,-1.0349681018291996,-6.2689712960696315
848,-1.2514568371177475,-2.9547015554613463,-1.8818904583833298,-2.953416348373156,-2.813631944903971,-0.45201471516253106,-1.7037080582510253,-1.2172716191753863,-0.8041926282044131,-0.9716521490056356
850,-1.0719273342786224,-4.394298590745091,-0.7669873335296202,-2.2804957602524416,-0.8442803303430813,-1.3726278253467656,-0.8919539012798944,-1.9590216879384907,-0.12029215367420881,-2.9169970037082953
853,-2.895822098116919,-2.099679425856526,-1.5889098327723166,-2.0800518036078977,-3.091660821729172,-2.025737976928026,-2.192468819295364,-1.1035179790206109,-1.8993720189949457,-1.6321168211988812
854,-1.4948830447534014,-4.101805224125802,-1.8218222624934064,-2.404361305648232,1.8747349409365461,-0.7876532083668987,-1.635669090426591,-1.5427357896838525,-1.058978874090109,-2.21507835664129
857,-0.591732539282851,-6.284307433926781,-0.8576633839892049,-5.256473769043614,-3.745846600461771,-5.947995484794864,-0.7882906932001392,-2.600166769525525,0.3371130568242288,-5.602974579581012
859,-1.436711064134667,0.5094922428201945,-2.7092889846760198,0.08652935221919666,-2.419403277194668,0.35729859718169577,-1.666013053776143,0.18560103332218608,-1.09225999898007,0.6158106922447039
860,-0.9179729997742079,-2.5927339181459095,-0.9763649041347031,-2.6020610451512125,-2.9969110356807693,-2.7090531001363454,-1.0520136603169914,-1.8160065029629258,-0.8358725363946192,-1.1233965572700528
862,0.3339311252683058,1.0118824126873036,-0.015236398930096984,1.0884725488480855,-0.8408085071144756,-1.3182720231278329,0.3526157228465846,1.375939041493868,0.6329009765178317,1.6137795565974618
868,-2.254942817421602,-3.326670332848304,-3.1858284609822736,-3.227186519358362,-2.835380863220383,-5.230874088158007,-2.7831955852774053,-2.652005837604273,-1.763947187883098,-2.4285834271137494
869,0.22276571676104676,0.7417637861220011,-0.05190309450491906,-0.015956403529656826,-4.581297811402249,-6.8883521552978335,-0.31202338692593984,0.1910666298509098,0.04477766310413908,-0.013519993174553588
87,-0.3804736995054609,-1.440841176682121,0.2894575875186929,-1.1584347574833946,-2.1501675569311063,-1.195440922798185,-0.543456804857877,-0.9385007671318132,-0.6407282402315485,-0.6856315121145051
870,-0.7195096520617797,-2.563397425600387,-1.0948796394280795,-2.0734722567622383,-0.7727238058493723,-1.3677650084919077,-1.7012077177218419,-1.9720578650610818,-0.6872829424272893,-1.7616330588370306
871,0.7307225111627631,-1.7111253673634723,-0.5790252095644102,-0.6006961487734267,-2.5186503540142096,1.5480771172177643,3.8365318570221665,0.6715234733022611,2.109194703310054,-1.1856315121145053
879,-1.0464645792811034,-4.148359926321543,-1.8873608897886573,-4.743397258204551,-3.0186503540142096,-4.856404970241866,-1.1736870359428608,-1.1139543480613776,-1.5092110373146514,-3.3465955595581867
880,-0.8339189973097202,-2.6189130817947586,-0.4723233905098135,-1.5824332107608696,-2.4609117453042417,-2.5344768753545037,-1.0259590941797752,-1.4720578650610818,-0.30924573387033394,-0.7616330588370303
882,1.1343999721915652,-2.77987712923844,-0.611090378274268,-2.4509160078439725,-1.0186503540142096,-2.063923719881288,0.7815561736495885,0.050486079703187414,1.299777741659908,-0.34659555955818655
887,0.29144902659696503,-0.5919460341944893,-0.8333972051258403,-0.30421599289600887,-3.6178768872310827,-4.838398876640229,1.0977838719869324,1.0074020444147287,0.8844926971008884,-0.43398567828287615
888,-2.708388115225861,1.4526238435615064,-2.1564277841741806,1.362460426335562,-5.215047566817713,-6.052802183045369,-2.6900861808859236,-1.0958427974575913,-2.200616205831844,2.23708406788487
89,-4.898918405824497,-1.0682679484000366,-4.648161109650521,-1.7489873001096548,-2.2756741065692143,-0.14701015317189056,-6.111788078513159,-3.7201344819427318,-6.033045663010309,-1.4777141686339093
892,-0.248956496588564,-2.855878675960965,1.2441563131282396,-1.8659535071228166,1.3587933970675246,-1.4789612191601316,-0.5696905148049449,-1.2147712786462028,0.6517530101290296,-0.7616330588370304
897,-1.7227227866414963,-2.4408411766821208,-2.3408061875929165,-2.950916007843973,-3.3111316043747876,-2.856404970241866,-2.362171765165523,-4.46069782681104,-2.5941735380358075,-1.6856315121145053
904,0.09007945596775485,-1.8853255204877493,-0.41680773431544177,-2.2506470430521084,0.5805967228053319,-3.5933705644080725,-0.05540593870655947,0.10600173589755905,0.04630461887972014,-1.7910799033638145
91,-1.6012649048227372,-0.2941198978349482,-1.490088238503843,-0.989098851639723,-1.6592934092092182,-0.2981343233513553,-2.13928679651933,-1.002304751739361,-1.645573085757948,-0.26754577653542533
911,-2.716736587868823,-0.723767253419781,-2.410352975915741,-0.5140991382635388,-5.025431701295105,-4.493416548607745,-2.2729437262999537,-0.9895504517135374,-1.2949155709928162,-1.3255420127494406
916,0.25901427534594673,2.7418689472935904,-0.13373842110069112,1.3981932312682344,-1.443370515726519,-0.5287290559355892,-0.49368896808242,1.6187206063871264,0.056620285265785504,2.440852552957552
923,1.1528049348279854,-6.170947219994839,1.5894024323185714,-5.349539544795475,-2.1073776485235856,-4.219317488522369,0.25881769778029523,-2.9444003979610884,0.6424823251798191,-5.026933766095447
924,-1.0309850995426082,-5.791317880163586,0.42359384278093326,-5.725391164602913,-5.954089558216831,-4.303204212694529,-1.120210797192846,-2.788977470613278,-1.7287273480345742,-5.48955351340023
930,0.5008571928281478,-5.498836629803008,0.16507613288538286,-4.262391455324801,-0.17991941437875658,-6.4993629240839095,-1.0610963583491344,-3.106479062223654,-1.04744230834222,-3.9045910126790737
931,0.2580785060074757,0.3553901064081008,-2.083306216316122,-0.333950200899206,-0.4049242648158795,-6.471882187661802,-1.3579160152377643,-0.597261263814104,-0.8772049208127001,0.15996045511928633
933,0.2642796090920315,-0.1261628666423161,-1.3408061875929165,-0.2899519604002915,0.18886839562521235,0.09704032756239317,-0.7861702184429981,-0.6244851558252921,-0.6904960770070057,0.3495631518311937
936,-3.336967034974424,-0.5257966674836632,-3.61895276653786,-2.227186519358362,-3.1540958235280288,-4.115483984743424,-3.190316239098827,-1.9916308857592329,-2.6749356660943233,-0.6037170490580529
937,1.5786597800408204,-3.8415940998625793,-0.3172987778341221,-3.089682995608427,-0.4716379104726826,-4.300889314047494,-0.6406171084978409,-1.2234798051849074,0.20910309633177016,-2.2910799033638147
939,-0.3210887413882324,1.3814593076082344,-0.5690308771622301,0.7404309300288733,-0.8138695633703723,-4.200640221078292,0.2475334816128759,-0.1457746569799741,0.21618726460771664,2.6002195937391757
94,-1.825709055893705,1.0227595203319413,-2.1368617321066816,0.18546381020193525,-4.226920116236248,-1.1067350430460177,-1.893623050080211,-0.17720355345053107,-1.5686405252163471,1.225969584503793
941,-2.8633658418365044,-3.9147723650145334,-3.7387358292028043,-3.6061322358687393,-1.8700252934283563,-4.511621198266632,-2.3916186096923076,-2.0280947285174538,-2.699621929285117,-3.9054892486117554
942,0.19089638655258012,-1.1666228643341,-0.5483249372323387,-1.6878816020101786,-1.7556159481804157,-3.5933705644080725,0.17302289878017582,-0.07369966425545343,0.29282462451977875,-0.6798836926955907
943,0.751043503411436,-0.5633974256003867,-0.2558436868717603,-0.3659535071228163,0.7738308963463687,2.9353714949913763,-0.5696905148049449,0.4167459242706943,0.9907889626853483,1.2383669411629696
945,0.6800737983612597,-3.774129309819525,1.4311891722395083,-3.0173631430926457,-2.353313792659631,-6.415298659295434,2.0272807572820493,-0.12983442629285843,0.9839762257278307,-3.0692765776260074
946,0.0014271900637998491,-4.66323359801857,-0.9022345614856835,-3.1733084291804206,-0.7261691036536317,-2.9178333441346327,-0.20120771772184182,-3.1830902481474883,0.4110976507800245,-2.5689879808946348
953,0.4129743904249034,-2.3516229260332064,0.6330075267735298,-2.0369463807371244,-2.3710931656003518,2.6302321969433713,0.10838139030769287,-1.130708533378205,-0.2901748719797723,-2.6841646994473027
957,-1.2556480800144665,-1.2742542076677195,-0.420062127399477,-1.1290678450881613,-2.290935509974309,-1.1726265042146329,-1.2915604500372768,-1.7099914874164115,-0.6690519762044922,-1.3048651042117647
959,1.2023449000798145,-3.3597316598247833,1.2118134595150387,-2.279459964313774,-0.2477075502198019,-8.380582377506244,1.3858022746567014,-0.3014983797100369,1.428156595158136,-1.4397398537410315
960,1.056300522793436,0.09991621790912075,0.33772609152549565,1.1933844431267986,-2.7443808077785685,-5.604332483685452,1.6652139992843247,2.6930744617709825,0.6009853845303981,0.894295772201166
962,-2.2884321672859755,-0.991676885629574,-0.9753174254296124,-0.5980742557626234,-2.9266088217947237,-3.971882187661802,-1.977648982585459,-0.4040270902730678,-1.8059732944269418,-1.3011087295344415
966,1.5642147984869414,-3.5693837464334246,0.4920673123945497,-2.7607436172876305,-4.0246366748472475,-5.730874088158007,1.66187461541644,-0.5559565880928492,-1.1115198971188878,-1.8848520064885799
967,1.8468622778655903,-0.6569402019006347,2.2460255374659868,0.07933130416878635,-1.8892438988226554,-3.395933334428504,1.9783453877217254,-0.01908945806520984,2.0982624751910866,-0.5603987282797112
972,-0.7732270681163913,-0.9265566005837358,-0.3023113180788145,-0.1584347574833946,-1.8240709202875904,3.4099082763474495,-1.060136103331093,-0.00968784358167199,0.03934463015983705,-0.17607710064065324
973,0.5681641176435812,-6.344757139125046,0.12601134316473167,-5.354831970286898,-6.007528817178292,-5.467839682324214,1.6378822593560347,0.9952588681527833,-0.4240630899963299,-3.589547474557431
976,-0.7576721620734275,-3.873338054810249,-0.3996861009110277,-2.507429007219374,-2.704494954104284,-5.286392810986682,0.6929155362749311,-1.068732526314419,-0.46772445016001335,-3.228152630676708
980,-1.4362278571139562,-5.0095929385570885,-1.7266353437590996,-3.070607576728547,-2.4343505520263373,-1.938392837797429,-0.5917168211349438,-1.7705254362546978,-0.7686773525076313,-2.8525818803912246
983,-0.589402708676072,0.756439364672266,-1.7222012072154058,-0.022557354660157923,-4.8946865972924165,2.335003864197028,-1.2332896082033342,-0.31345924609710407,-1.752237603724506,0.7602413564153857
984,1.716120372053326,-2.68766767221177,1.1825534917259772,-1.0923299563699134,0.9095740813498838,-2.3421911110221654,1.4400112399972156,1.6081551641546896,1.1670857399668173,-0.6671868635207068
985,1.471593401343956,-3.0371637156533193,-0.22960997692469245,-3.2433972582045505,-0.6501675569311065,-1.9029596724376068,1.4095589915818358,0.5669433909395549,1.7455665117169152,-0.7616330588370303
987,-1.4011413583400931,-2.6280389340728703,-1.4489175146410376,-3.702755273707205,-3.7704896198774422,-4.608244236105098,-0.7742709812760324,-2.332870389076942,-1.7660771355098457,-2.805953575060841
99,-1.1364540343945857,-1.7956483634938691,-0.6877056839749478,-0.9096849277479863,-0.653043697166859,-5.421670751812979,-1.6232121199148728,-1.3552968613521752,-1.7919818923061985,-1.74545313561425
991,1.279447648277511,-5.566610560180104,0.8984572921064791,-4.819398804927076,-3.4949974966250315,-1.5661814604425346,0.40564521156666833,-3.2961360286652575,0.5187916675497194,-4.972364943056169
992,-0.27588354455066255,-5.165428901462242,-0.5461362945705123,-4.16619589354042,0.24525316683914444,-3.8107085043406363,-0.16737126316807005,-1.3928043012305835,-0.3363939277255278,-3.8972216326281544
996,2.480613571236419,1.0991678378624663,1.6440837229016658,0.2892165531832587,1.1678256949417047,0.542620287141891,1.5761139926135548,-0.581652859710134,1.1371798372992714,1.0498321166230578
998,-2.106703528520255,-4.539664056182502,0.36280196198613257,-5.245897598733734,-3.313631944903971,-2.6979412633273685,0.28493190349893316,-3.878235666619067,-0.9402324009228136,-3.556614649726792
999,-0.04143774694914201,1.9908648027886977,-0.04832493723233844,5.513921247484111,0.5663121467069466,3.2931990389517733,0.13782823483447693,2.4813874327431775,2.305467272725153,6.048018418870813
1052,0.619526300494539,-1.855878675960965,0.7441563131282396,-1.1584347574833944,0.5663121467069466,3.3247039377146734,-0.06969051480494493,-0.7147712786462027,-0.5092110373146516,0.23836694116296964
17_2,-0.04143774694914201,-1.855878675960965,-0.5483249372323384,-1.6584347574833944,0.7738308963463685,-0.7714424695207099,0.2987922822781581,-1.0832540757293057,0.4907889626853485,0.7383669411629695
217,-1.041437746949142,-1.355878675960965,-0.5483249372323384,-1.1584347574833944,-0.2261691036536314,1.3135200312004462,-0.8621717651655231,-0.4720578650610817,-0.21672978695407358,0.23836694116296964
22,-1.041437746949142,0.43660257439961325,-0.38736088978865746,-1.0734722567622383,-0.2261691036536314,3.9206795916008295,-1.3621717651655232,-0.12980877792504641,0.6869476740747286,2.095489699996031
292,0.751043503411436,0.22908382476019135,1.1126391102113424,-0.3659535071228163,4.320209466806295,1.606001281561024,0.5912735326387362,0.5279421349389183,-0.00921103731465156,1.0308481915235475
387,-3.050398700947773,-4.525803677403277,-3.314572477645849,-4.035878508565129,-3.8960941050959437,-3.091147611892476,-3.532096766607835,-2.9606978268110398,-2.288456181994634,-2.9315580602793427
411,-1.248956496588564,-0.1099521277961274,-0.5483249372323384,-0.20498945967913532,-1.7261691036536315,-1.2714424695207098,-0.7772092644443669,-0.42229002828562456,-1.0092110373146514,0.3233294418841257
44,-1.041437746949142,-1.0633974256003869,-0.2558436868717605,-1.1584347574833944,-0.22616910365363144,-0.7714424695207099,-1.362171765165523,-0.5832540757293057,-0.00921103731465156,-0.26163305883703036
501,-2.8487926690067464,-3.502269550574888,-2.5631986089293646,-3.6733084291804206,-0.6298465646824338,-4.0787973915783144,-2.716081389418868,-2.3906089977869103,-2.6556019119285748,-1.4840254801734782
506,-1.8646192696417916,-2.563397425600387,-2.5483249372323384,-3.450916007843973,-2.8111316043747876,-2.563923719881288,0.10908548750409694,-0.5700179700487102,-0.9332094905921264,-0.732186214310246
59,-1.5414377469491418,-2.355878675960965,-2.0483249372323384,-2.1584347574833944,0.22727619415062772,-1.7714424695207098,-1.2012077177218419,-1.2147712786462028,-0.8482469898709704,-1.2616330588370304
607,1.119526300494539,0.8900478722038726,0.1126391102113426,1.1489201645742095,3.6546065125686082,-0.7714424695207099,0.9451831568920812,0.8701912220749535,1.2832702130459266,1.7383669411629694
643,-2.6467212399189712,-1.3426425702803695,-3.218249938674651,-0.7899519604002914,-1.8314525966234607,-4.148886220602444,-3.335938055218455,-2.241995170657391,-2.1569389790777374,-1.1856315121145053
753,-0.337608762492519,-3.370752347657991,-0.9022345614856835,-3.4657896795409986,-1.3373653143218558,-0.4360962821471901,-0.604885178750644,-2.522126200703807,0.8665951477506519,-1.1653105198658327
79,-0.6682014069938513,-4.361864996794003,-2.15753669679909,-3.267646517050146,-4.685600722290928,-5.230874088158007,0.10221893773884017,-1.1075033345749008,0.06976514257346648,-2.5601006300306466
917,-0.6672071304471243,-2.885325520487749,-0.35906912560547377,-3.9803628523707566,-1.048097198540994,-2.300889314047494,-0.5991373593317293,-1.9051821706166678,0.2072686663234013,-0.6798836926955908
956,1.5115165073364367,-1.1949146285172838,-0.09487963942807914,-1.2049894596791353,-0.7261691036536314,0.1637398902709921,0.25223758008241737,0.828960141978967,1.671760849552969,1.0745796121487174
454,-1.1672071304471243,-3.6778067708483273,-0.7092889846760198,-3.9803628523707566,-2.5480971985409937,-2.800889314047494,-2.2804223990240833,-2.244218123172987,-1.2874077115768443,-1.7910799033638147
932,2.069758463719082,-0.7446824652927407,1.0321710011038139,-1.4509160078439725,-1.3111316043747876,-0.5639237198812881,1.1071279625024053,-0.26453911542165987,2.3151175507046213,-1.0541143091976084
