strain_id,FMP45_MEP1_noMTX_noDrug_avg_logratio_Fitness,FMP45_MEP1_MTX_noDrug_avg_logratio_Fitness,FMP45_MEP1_noMTX_5-FC_avg_logratio_Fitness,FMP45_MEP1_MTX_5-FC_avg_logratio_Fitness,FMP45_MEP1_noMTX_Fluconazole_avg_logratio_Fitness,FMP45_MEP1_MTX_Fluconazole_avg_logratio_Fitness,FMP45_MEP1_noMTX_Metformin_avg_logratio_Fitness,FMP45_MEP1_MTX_Metformin_avg_logratio_Fitness,FMP45_MEP1_noMTX_Trifluoperazine_avg_logratio_Fitness,FMP45_MEP1_MTX_Trifluoperazine_avg_logratio_Fitness
1005,0.34905287923105965,-5.314434220563188,0.939923707599444,-6.512239195613687,-1.3205625389083473,-5.605006787389778,0.5612718877262663,-5.004239526586773,0.43837417642014753,-6.431334113503892
1007,0.052812473887399236,-5.399396721284344,0.9915224147171007,-5.597201696334843,-2.7445609921858223,-3.1899692881109343,0.8634549054446543,-3.296720776947351,1.22575941160291,-6.016296614225048
1013,-2.699718001977918,-0.28716870074113043,-1.6082935634843019,1.3180057036985358,-0.021121299827886297,-2.098046798669895,-1.7742256950764568,-3.7635270782804007,-3.117153573662711,-0.5988925866495168
1016,1.509844436643144,-6.929911437983124,-1.0445774528557892,-7.335235162673046,0.6142366640171082,-6.720484004809714,-0.33343971882856016,-4.66627144620245,0.18517224696791856,-6.461848830202672
1018,0.6816027818131176,0.7666434126409126,0.4228279051313962,-0.3942320996636449,-1.2546340586039508,-0.42389787943323853,0.3127377709234471,1.8459261426839166,0.14693458330981365,0.9112010960104775
1020,-0.5310621607664481,-0.21828781332780417,0.12973799135762792,-0.5186807852026868,-3.614111661440921,-6.928002754449135,0.5028071157661094,0.7270267347429533,-0.15668950959835454,-0.10908663162064212
1025,1.3738024401411888,-4.461810041757833,1.1958724167986792,-4.763908327714041,0.21835466860485359,-2.0290000051838546,1.0992257197473458,-3.294316457212542,0.5259135756595372,-3.901288576018488
1027,0.1524959820688743,-7.929911437983124,0.8412385085072998,-6.398000603714975,1.1995823216045112,-5.096520248087922,0.759057825924734,-5.827235493646131,-0.5845229399117037,-7.75433008056325
1035,-0.951790488534333,1.117271758907631,-0.8233657593188278,0.3295871030836875,-0.5746359907435101,1.5021527730106046,-0.9445488154914319,1.0636151164654262,-0.1137451005804358,1.9476343138248078
1038,-0.26911562099996345,-0.9595438381431998,-0.573445308672493,-0.5455315617868197,1.3213572014495718,-6.511897382998297,-0.3161765958461138,-1.4576848243910325,-0.2414589085576039,-1.816540152133566
1040,0.7973800844910297,-2.0568749645096642,1.4736766953090934,-3.0937158921164825,2.268027109721334,-2.8138904334069865,1.7318206331895794,-1.5857162230895685,1.2215612141736136,-1.4614417572120586
1046,-0.6312043273837785,-7.5108314333666915,-1.0858147401260039,-9.208636408417192,-0.1655848122977041,-7.008922749832704,-0.8594008681731102,-7.200636739390276,-0.5035626171080351,-7.335250075946818
1050,0.2703014339348473,-1.5833813440953761,0.0007965215404652226,-2.245991655200177,-1.431758749576571,-3.3273992087262263,1.2015415602552233,0.08804636211658373,1.4955669716811788,-1.700281237036081
1065,0.2136306973968748,-3.6331491808708334,-0.3565023690284106,-2.149669116228979,-3.2504737098842167,-1.073501888626878,0.1980983674626035,0.40029179457048036,-0.2377088573022284,-2.7966037760072786
1069,-0.49781759505765233,1.54803331624136,-0.27478052735594094,2.0744303436692846,0.0947969186532101,2.5125750210311217,-0.2578752093672013,-0.10567015682553739,-0.48906995758960364,0.5758765551218101
107,-0.821492794506074,-6.773865839200486,0.3384368334723312,-7.9716708142509844,-0.04318355703608939,-5.064438406027076,-0.5558186292942989,-5.30270709778039,-0.38124879720245103,-6.598284481780611
113,-0.023516883574893288,0.4314923276016499,-0.776811057123087,-0.6215593388513574,0.4515977192035578,-0.6050067873897782,0.2965270320772587,-0.05079422878251396,0.4748019366235045,-1.6388528631433141
119,-1.621715489976645,-1.5219529702026096,-0.2008095104005621,-1.427276694892531,-0.23560003818719089,0.23120588359596972,-0.40374193271460573,-2.0042395265867734,0.11456320093468597,-0.685407565339055
124,1.0923359428374746,-1.0808857219411359,-0.2566415925549303,0.30349204105857036,-2.8906791971611008,-5.543606242725636,-0.14412462242496626,0.4404254723768023,0.07420481094907527,-1.0802756000497418
128,-0.9347216935503342,-7.753033675899044,0.27609617473684067,-8.450838650949544,-0.2794024834493869,-7.543606242725636,-0.4024885049093184,-6.94283898192263,-0.3447928507284971,-7.869933568839749
132,-0.37470443848317425,-8.06038859795665,-0.14773763771322285,-8.758193573007148,-2.9521075710538676,-5.850961164783239,0.3957899328813251,-5.6855523955077505,0.2859161708583266,-8.177288490897354
133,0.38553357352303136,-5.873327909616757,1.3539844373589758,-6.571132884667255,1.6305707456331884,-5.663900476443347,0.47155960475905284,-5.063133215640342,1.3124435955956144,-6.4902278025574605
136,-1.001190822107253,-6.587452714969604,-1.7548479606397418,-7.492776439659526,-1.3039230645247564,-6.378025281796194,-0.5429925280866547,-6.777258020993189,0.27349704184970663,-7.41187135754973
14,-0.5989858134688715,0.4997931063294209,-1.5648539232865375,0.5900952797698361,-0.34710940168014837,-1.9512925247936546,-0.748979199700692,-0.7197769517350515,-0.2073608914584515,0.7653788805284194
146,-0.5745391895625924,-3.785185713471285,-0.25199790421954554,-2.335252973660108,-0.17230061317723622,-4.366438631666227,-0.2920627031292056,-0.44355904726321455,-0.0966167834176215,-3.002857459682672
15,0.4006055232247431,-2.241849769384817,-0.1422322473069897,-1.0801051577489704,-2.966680743883626,-5.543606242725636,-0.7868257318560905,-1.4893936841183706,0.12474898241267263,-3.033720897854001
151,-1.6369023144984045,-5.814434220563188,-1.3832225370631002,-6.512239195613687,-2.2389473644741953,-5.605006787389778,-1.7610408232834813,-5.211758276226195,-1.9724514989528386,-5.977888815699632
153,1.7134501194718124,-5.4369904694814535,0.11181660047287424,-6.927276694892531,3.030534797366755,-4.7275630363080445,0.5884957797374544,-4.0155995648368155,-0.4876198768119254,-6.346371612782736
17,-2.668270192172386,-1.9369904694814535,-2.984329806762509,-4.927276694892531,-1.7061531936604073,-1.0665989888643628,-1.8482262765202337,-2.6267957755050393,-2.237708857302229,-1.468927861701002
171,-0.14161599400563266,-1.6743802609668197,-1.0195244707082078,0.44160469603174607,0.7287757965025636,-3.4589164116431226,-0.7811120806616967,-2.6154357372549972,-0.6917678067984886,-2.1766283796469024
175,1.4964245120116257,-4.399396721284344,1.5749484984134452,-5.597201696334843,-3.698006289990081,-4.189969288110934,1.0986585604173051,-4.0892020273079295,0.8148735641896709,-5.016296614225048
180,1.4027307883770286,-6.51487393870428,-0.20006293938055186,-5.920197663394202,0.008331868120846221,-4.6444824580871895,-0.7528528791602425,-4.912197994367287,-1.7287537583733448,-6.631773831644985
180_2,2.097030051199486,-4.1340074171653445,0.3209975684504147,-6.124293642576422,0.22608932101135248,-1.9873454250338645,0.5239353452807409,-3.6162939735495083,0.4379713031322739,-5.043388560466627
185,0.5744432214127349,1.2239735779622278,0.6006326939586472,1.2154244145385928,0.42536400925648993,-1.227563036308044,0.5554511845085681,1.3266495222992198,1.4049922521288956,2.12635030540622
187,-1.3388063881502326,-6.855853706756047,-0.8725918405145998,-8.346139932167127,1.3919841015760654,-7.438907523943216,0.06815562889949447,-5.884694965335953,-1.8987221754348018,-8.472753599696752
188,0.6148657252652396,-5.070773973822973,0.9758376292802039,-6.268578948873473,-2.5972232844168057,-1.4868774227334227,0.8695574922478253,-4.1845777331240335,0.794774588751018,-4.12993525805371
192,-1.1330755282266871,-0.1648302113695482,-0.48432980676250903,-1.2845755854614072,2.155079818575139,2.5089515747109656,0.10521902128402527,-0.6267957755050391,0.8422268110869662,0.7716354831673062
20,-1.1483666683798797,-7.251839532870486,0.7471997003083846,-7.449644507920986,-3.196769535535782,-7.042412099697076,0.21936045545877886,-6.149163588533494,-1.0834113486154164,-7.8687394258111905
209,-1.1718928291114186,-6.4605524255384665,-0.9870621870009145,-7.450838650949544,-0.6032878367417246,-6.382642195281954,-1.1600551719025343,-6.94283898192263,-1.0323238947018916,-6.91648827103549
210,0.463247010744511,-2.5513998147293937,-0.27681105712308707,-2.18456328130741,-0.9463319224063294,-2.5494911311954063,-0.23291981244952564,-3.2412051207529795,0.22781746583902573,-3.083337206948942
226,-1.5903645813454452,-1.4567755024808289,-2.223997132352495,-1.1998847283734253,-3.000107165038435,-5.13802792606975,-2.3275092315275536,-1.9799301739766841,-2.085049268636267,-2.0381746477438076
235,-0.7442717388949112,-1.2294717198420315,-0.9843298067625089,-1.1053486000051689,6.202658435095309,-2.020044286668622,1.4135547015082723,-1.4192770258656173,-0.007993047983579749,-1.4426941517539338
240,0.17076576038393274,-1.2294717198420315,-0.7768110571230872,-1.6347954445319532,0.47191871145223074,-1.0200442866686221,1.1517737234797663,-0.4192770258656172,1.1659686037265735,-2.346371612782736
248,-1.6977170366991703,-2.0513998147293937,-3.0987391520104492,-2.2492047897798932,-1.5575281330745532,-3.3419723815559843,-0.7664769103787943,-1.2877598229487202,-0.39867290474590966,-3.007335660226417
250,-0.23894811679515673,-4.13636231545055,0.1591107671315717,-5.33416729050105,-4.14249063379571,-4.134453631916562,0.33897148087051504,-4.826167621474136,0.1210912773474091,-5.753262208391255
252,-1.829234239616067,0.00024408947661713754,-0.48432980676250903,-1.927276694892531,0.8755961724810328,-0.61636682563982,0.15177372347976625,-0.9192770258656171,-0.7377088573022287,-2.846371612782736
253,1.3307673693653679,-3.13636231545055,1.655488379822953,-2.13800857911167,1.8156979248744105,-1.8419723815559843,2.3249764161715785,1.2496577935125748,2.0265073449552578,-3.0922981609475735
254,-0.5959353013563218,-6.784060571519669,-0.054345332513723005,-5.981865546570168,2.1028820986273,-4.378474426956879,0.23116341400354845,-5.473865877543254,0.6526443761715484,-5.704801753070994
257,-0.9721114807830059,-3.7294717198420315,-1.2656271506088599,-4.427276694892531,-1.1244038275189672,-3.520044286668622,-1.0557450261596557,-2.758312978421936,-0.7082620127754444,-4.053890362422158
258,-0.4736621778400725,-3.304167015038802,0.6259416319398179,-2.8556180121031174,-1.553325196862486,-7.122380799615987,0.056912381265386766,-1.264338693175949,-0.3248842289275762,-4.0380868733812525
27,0.8791189202036641,-2.2660034509368927,0.6762630816709543,-1.7311179835031505,-3.7445609921858223,-4.897488037750357,0.9474637106165595,1.621501678723333,0.9565389986109476,-1.916460441806866
270,0.8984293705362129,-3.2294717198420315,-1.984329806762509,-3.927276694892531,5.04796208314288,-2.520044286668622,1.5088964823128275,-2.4192770258656173,-0.5415501459128486,-3.846371612782736
271,1.6657893701708297,-5.873327909616757,1.0828901988435433,-6.571132884667255,-0.24606295761446506,-5.163900476443347,0.7243624492974443,-4.063133215640342,1.0074050494148032,-6.4902278025574605
272,0.0022482667451474703,-3.3144342205631876,0.515670193237491,-4.012239195613687,-2.320562538908347,-3.605006787389778,0.18122056800655048,-2.5042395265867734,-0.0929555487047361,-4.431334113503892
277,-1.3292342396160672,-0.7294717198420316,-0.7768110571230872,-2.427276694892531,0.2643999618128089,-1.0200442866686221,0.1517737234797659,-0.9192770258656171,-0.03019010766280679,-2.346371612782736
286,1.2962465471505424,1.2988200443411524,1.79562001433478,-0.0339785139471277,1.7029448708504475,3.5643168405117054,2.1026496596345394,3.0509238231193043,0.46980989233719345,0.12605761012103356
289,-0.3615043657134223,-4.758918564368816,0.4529047521955616,-5.456723539419315,0.5474016032304796,-3.8419723815559843,-1.262195903627082,-3.741205120752979,0.07648353320391403,-5.37581845730952
29,0.8128886352987678,-3.2294717198420315,-0.5470952478044385,-4.634795444531953,-2.028081288547769,-1.566598988864363,-1.0557450261596557,-2.4192770258656173,-0.14444537291250753,-3.846371612782736
291,-0.16827019217238595,-0.5685076723983504,-0.48432980676250903,-3.427276694892531,-0.07463599074351009,-2.020044286668622,-1.140707526880812,-1.4192770258656173,0.4232551901414525,-2.053890362422158
294,2.3796920178268817,-0.2294717198420316,3.2322890322835254,-0.7311179835031512,1.2016345207708794,-0.5200442866686221,2.1629576299939934,0.7416870215780639,3.0824136108089446,-1.5538903624221583
296,0.5244784669042368,-5.4843592220055,0.20920115654632032,-7.182164197056,-1.0018475786007013,-3.9824505384715123,0.4258820826958856,-4.6741645280290856,0.5726889219370164,-7.101259114946204
299,0.591074448478609,-5.036826641899635,0.5642921242589534,-7.234631616950136,-3.750473709884217,-5.827399208726225,0.33923431473038956,-4.726631947923221,1.1745053604060445,-5.65372653484034
307,0.7636990330395996,-1.8904357672857124,-0.4747753952886564,-3.1642422890587376,0.10343591436912788,-2.1810083341123034,0.2670801875504745,-2.2412051207529795,1.0539704502070548,-3.3758184573095202
308,-1.7532326928935418,-1.8144342205631876,-0.9580960968154413,-2.427276694892531,-0.6130437892689253,-2.105006787389778,-1.225670027601968,-1.2117582762261951,-0.7114751473551607,-2.638852863143314
31,-0.010519279308420976,0.1020107865191836,-0.6320577485255943,0.8984706471584166,-3.198006289990081,-4.189969288110934,-0.8632236466691524,1.7832148914418435,-0.4541885609402815,0.3849615683355634
311,-1.0073061447287048,-3.2294717198420315,-1.484329806762509,-3.134795444531953,1.2258160315515787,-3.020044286668622,-0.7370300658520101,-2.1267957755050393,-0.7377088573022286,-4.346371612782736
312,0.8065387132285884,1.2080053170236114,1.249255901968978,0.21597142868511027,3.366921820767822,1.6366387540233471,0.8406463782403845,1.4494191560794012,0.5755740707654362,0.15256051504526838
32,-0.8292342396160672,-1.2294717198420315,-0.2768110571230872,-1.927276694892531,-1.0280812885477693,-1.0200442866686221,0.15177372347976623,-0.9192770258656171,0.13077393978087448,-2.346371612782736
320,1.5148400500734405,-0.5273432017968885,0.8331888146972173,0.28189491289136154,2.0004533040190564,-2.598046798669895,1.1268709133944557,1.5921835004216587,1.3249507689068234,-2.047920555766395
323,-0.32923423961606724,2.9085904827950877,-0.48432980676250903,2.7142674816194696,4.807799804624535,0.43340101113563706,1.3305497257888081,0.24168702157806393,-0.36922606021912563,1.1070736850215228
325,1.766961488840521,-3.5513998147293937,0.3834312818857598,-2.8585249330175637,0.1639436148498109,-2.5494911311954063,0.233523089621206,-1.2877598229487202,0.2099424533644249,-4.875818457309521
33,1.4632470107445106,-0.7294717198420316,0.5156701932374911,-2.427276694892531,2.201634520770879,-1.0200442866686221,0.6517737234797663,0.08072297413438279,1.5344514008096763,-1.053890362422158
335,-0.042353091827905386,-4.143612100298108,-1.5042222398154406,-0.6004256491958003,-4.671937478322494,-3.210455178639087,-1.76236665697631,-2.609687917836083,-0.7311981107678337,-4.7940690911680806
336,-2.061924682100309,-1.5309139242012408,-0.3518237791253909,-0.16752058357187719,2.3268329151531155,-4.77493178883209,-0.18825241114067304,-2.2389821682373836,-0.7413461892011055,-2.10196390007354
337,0.9170399818190466,-5.896422088118751,0.6773790497514154,-6.59422706316925,-2.633833341144625,-4.02603060750166,1.06722445401541,-4.182549933113535,1.2398538927146137,-6.513321981059455
339,1.4163650926119076,-2.744345391539057,0.32272461642782746,-2.212434557270908,0.018243355435068193,-1.7424367080050698,0.04057751281154218,1.3425039521628894,0.41436783927746496,-1.95756782345096
347,-0.7172334025170148,-5.2294717198420315,1.1244471254375243,-5.927276694892531,-1.092898928756067,-4.2275630363080445,1.1996919904056784,-3.3343145251444612,-0.5093605318441995,-5.846371612782736
348,-0.7855028189908975,-4.4369904694814535,-1.6434177867756365,-5.427276694892531,-3.867117241104088,-3.727563036308044,-2.498006417449688,-4.419277025865617,-1.7762927875634582,-5.846371612782736
350,0.583345626852392,3.190906324318582,0.5567622127457972,2.928980525018196,1.6653372818990901,2.929405164629128,0.1515102175332946,0.01584678536711093,-0.4029889355109088,1.3188937071143945
354,1.1372289539237084,-4.9605524255384665,1.2284536568018685,-5.658357400588965,-0.34061086151837583,-5.543606242725636,0.7764787094672301,-3.44283898192263,1.0053940527936756,-5.577452318479171
358,0.25572826110508884,0.4314923276016497,0.5156701932374911,-0.5235992338637291,0.9253640092564899,-1.0200442866686221,0.3592924731191879,0.37320422449496093,1.2157364405020306,-0.8463716127827362
359,-0.03675298925548931,4.592005391898135,0.3081514435980692,2.2336873525511503,1.983102617966458,0.640919760775059,0.4442549738403442,2.034168271938642,1.9049922521288956,2.999063891863421
36,0.3317298078276141,-1.2294717198420315,-0.2768110571230872,-2.427276694892531,0.47191871145223074,-1.0200442866686221,-0.640707526880812,-0.9192770258656171,0.7917379872245557,-2.346371612782736
364,0.10933738649116609,-1.9518641411784794,-1.1804885181518892,0.2127772647038366,2.140206146878113,-1.166435161282545,-0.5909396901053546,-3.226631947923221,-1.3375450297204106,-2.8612452844797622
375,-0.12066459111058003,-3.1010736652479256,0.7291218693681654,-1.4709766187588387,-0.5125979240323346,-7.185628726515856,-0.11172167226408136,0.8070980570236158,-0.021218611386002798,-2.173096231809466
383,0.19667079327585676,-4.621789142620791,0.8642524862916068,-5.527112867310713,2.4954033614452884,-4.251397662003701,0.588859566321354,-4.019113198283799,-0.2156935659294805,-5.738689035561496
385,-1.036752989255489,-1.4369904694814535,-1.276811057123087,-1.4738313970882722,0.7178452596170678,1.044597221803861,-1.3482262765202342,-1.4192770258656173,-0.0767448098585473,-1.5538903624221583
392,0.4632470107445108,-1.2294717198420313,-0.5692923074836651,-2.012239195613687,0.34040150853533396,-0.04036527891729491,-0.7256700276019681,-1.2117582762261951,1.4494889000885203,-1.3666926050314092
397,-0.6289652748242025,-2.7589185643688157,-1.8062579016498712,-3.456723539419315,-2.3500093834351317,-3.3419723815559843,-0.6701543714075959,-3.2412051207529795,0.1862895959752465,-3.3758184573095202
399,0.061235302813349005,-6.301527689779627,1.217440212780084,-5.581082030971567,1.8698621952248637,-1.6615568036085209,0.47093412763711334,-4.491332995803213,0.8195672592960216,-5.971885184678587
40,0.717144330843859,-2.4369904694814535,-0.8731335960942852,-2.76631264744885,-1.735600038187191,-2.227563036308044,-1.8482262765202337,-2.4192770258656173,-1.6265126466340047,-3.346371612782736
400,-0.4450246098607365,-1.1318165599109187,-0.09975484525946345,0.3099722872915913,0.21642107846255282,-4.720484004809714,-0.8437937473928538,-0.23098633767181687,0.31875633784086554,-0.4927941670930526
406,0.839307403414939,-7.273865839200486,0.6384941964491828,-6.567993353222183,-2.2059677470632417,-4.064438406027076,2.1294058700219636,-4.963671145224071,1.2212792039348326,-6.805803231420033
408,-0.16827019217238595,-2.2294717198420315,-0.7768110571230873,-2.927276694892531,-0.028081288547769256,-2.020044286668622,-0.8482262765202341,-1.4192770258656173,0.4920069520164203,-3.346371612782736
409,0.2023745966285046,-1.634641110090244,-0.6417257635653757,2.3487459759681766,-2.8208010403224706,-3.5967085321244308,-1.7226953944363748,-1.4532089471446776,0.29977217153838254,-2.219239514679705
40_2,-0.5367529892554893,0.06300953051854667,-0.7768110571230872,-0.9272766948925311,-0.23560003818719116,-0.5200442866686221,-1.140707526880812,0.3732042244949609,0.7622911426977714,0.4898410582030115
412,-0.03675298925548909,-0.2294717198420316,0.8081514435980692,3.7091839685409704,5.092314377533209,-0.5200442866686221,2.2499723298815177,-0.9192770258656171,1.1307739397808745,-0.1854075653390551
418,-0.8292342396160672,-0.7294717198420316,-0.2768110571230872,-1.427276694892531,0.6328827588959118,-0.5200442866686221,0.15177372347976623,-0.41927702586561716,0.42325519014145274,-1.846371612782736
419,1.3758607563059462,-4.684917982925039,1.8282935631008126,-3.945488399017468,1.21584429433832,-5.267971800112207,1.8909339874967945,-3.8747232889486245,1.6175401468194621,-6.094299126226321
420,1.8016100969115443,-5.399396721284344,0.6407267826849401,-5.304720445974265,0.9429587234876404,-5.189969288110934,0.24851358819037092,-4.5892020273079295,0.3960312981302646,-6.516296614225048
421,1.8384609377308951,4.114653434724557,0.7118289046268712,4.82454301887561,6.733504410399428,1.5183635118567933,2.79447483291089,4.039781899650269,1.699525701655842,3.464768714825055
426,1.0744432214127349,3.0104184121725184,1.600632693958647,2.761328570301745,0.9253640092564899,0.9799557133313779,1.3127377709234471,3.5778996925638116,2.135268331394502,2.8792339431334284
43,-1.036752989255489,-2.2294717198420315,-0.9843298067625089,-2.927276694892531,0.16807742284161092,-2.020044286668622,-2.1407075268808122,-1.9192770258656173,-2.030190107662807,-3.346371612782736
431,0.3161755642023365,-5.183668030228906,0.1736757363980765,-6.088991754918828,-1.3583138422128516,-5.974240597055497,0.20003875237741367,-3.2125092888088114,0.19877468907322632,-5.63960387572593
433,-1.1143921019944447,-1.5146295822204086,-1.1307206813764317,-2.0647066155078226,-0.13927749921599308,-3.034917958365648,-0.5128800891467138,-0.29144958813151894,-0.3489050679704525,-1.194294916203043
434,1.2057463004907931,0.28585038628266624,0.013669227958742813,-0.5054183691437669,0.35738446835609594,-1.6880361317230128,0.9809388146688293,0.7450759756759372,-0.012426890848236144,-1.0515628966356803
437,0.9854440704237375,1.1612081369202985,0.9193476542662931,0.7774187731763196,2.132882758895912,1.176114424720758,1.9467553143695273,1.7896492315773318,2.0472189468632456,1.0475796669129798
438,-1.7066779906978011,-3.8993967212843437,-0.7857720111217179,-5.097201696334843,0.23871576626760704,-4.189969288110934,-0.5295113162125876,-4.0892020273079295,-2.5039563977157386,-4.516296614225048
439,0.7411550882753308,-5.873327909616757,-0.3470647844266972,-6.071132884667255,-0.7978410535277636,-4.002936428999665,-0.2966397326521443,-5.063133215640342,0.6934672424637818,-6.4902278025574605
43_ref1,-8.255498994318165,-7.363255224183551,-6.910594561464607,-7.003321590524083,-2.1796943589930797,-7.94630904137072,-5.87081357019353,-7.845541780567715,-7.552777401336103,-7.980155117124255
43_ref2,-5.246228872295669,-6.581648712313335,-5.356827791482486,-8.279453687363835,-6.608098022907168,-7.872221279139927,-6.089207058323314,-7.478972767976344,-4.083651173792424,-7.348328746183494
442,-0.21803802894784322,0.8860054975779046,0.028906298918086604,0.6785322799786053,0.971918711452231,-1.2013293263609761,0.26296993414799,0.8319731443989747,1.0547723930583497,1.4835272540391373
444,0.25572826110508884,-1.2294717198420315,0.22318894287691282,-1.6347954445319532,-0.5280812885477693,-1.0200442866686221,-0.6407075268808121,0.08072297413438279,-0.2377088573022287,-1.8463716127827363
446,2.9147407270040118,-5.587452714969604,-0.06645667107973696,-5.089098978630723,-2.5935810333147633,-4.378025281796194,-0.060046455246786465,-4.484776770632611,0.7100531191906602,-6.704352607910308
45,0.25572826110508884,-0.6445092191208753,0.3081514435980692,-0.9272766948925311,1.0863280567001712,-1.227563036308044,0.6052190212840253,-1.9192770258656173,1.576969452737576,-0.8463716127827362
450,0.15581870569002315,-3.5685076723983506,0.8571674850783324,-3.523599233863729,-2.4431187878266134,-2.859080239224941,0.43922814150838274,-3.5155995648368155,0.3024778509297816,-4.150212901393356
452,-1.5661998337822736,-3.0513998147293937,-0.8062579016498712,-1.8717610386981591,-0.28536787496264837,-2.3419723815559843,-1.670154371407596,-0.15624262003182315,0.13652175919978937,-2.507335660226417
458,0.3740963320749976,-4.753033675899044,-0.48025054506892717,-6.950838650949544,-3.0981979468005227,-3.639928781696833,0.39195027045295133,-5.44283898192263,0.4556088322652697,-5.369933568839749
459,-0.26623029716001434,-3.8293078922602133,-0.9859673727789393,-1.021499239599086,2.28852754611642,-2.3076350266329073,-0.38686413325855257,-1.1394464946864689,0.5418441791551116,-3.5339935674926455
460,0.4342870227799204,-0.8151390056905231,1.4186316765197273,-0.3683108746934152,0.7913377689562808,2.27431303112251,0.9761023114990393,0.691919184802607,1.0659562995725769,-1.4564207581243367
466,0.735407268856416,-1.7294717198420315,1.1268664039057148,-1.3423141941713752,1.1146198208833549,0.14091976077505897,0.9239339815916713,0.165685474855539,1.2315908703656997,-1.185407565339055
468,0.22740596712823033,-0.11145259299803237,0.43336305286170695,0.3122668122474038,0.5060291205092757,-5.93247545462612,0.24573946283825968,-0.0784416980057223,0.15277742745853098,0.5147649851751984
470,1.2456603112032323,0.3938249762698971,-0.09008185935936489,2.244435475745389,2.822263952799325,0.3659595993402377,0.18366067167718064,-0.31326250959960267,-0.45363918982308926,-0.11702849658549833
473,-0.05010042258819919,-4.551399814729393,-0.021963136156393392,-4.956723539419315,-1.235600038187191,-3.0960458333911474,-0.19220835571135628,-4.080241073309298,0.12206541324216989,-4.422373159505261
475,0.24790715399091318,-6.540947167322859,0.021089370928560336,-6.69279089765284,2.54871456749413,-2.3174212882341245,1.4296652777763779,-4.088051363915321,0.33668590940804777,-6.53588426882052
476,0.5751014956648429,-9.200259669854116,-1.3670360530475807,-10.398064644904615,-3.3075572252723946,-9.698350986320127,-0.5773862445896836,-7.6179047177657955,-0.5179203907160103,-10.02467831243424
48,-0.479014380545521,-2.8552411033400134,-2.248519292939903,-3.871761038698159,1.6023079273989438,-2.277330873083501,-1.5002293699652836,-2.4338501986953753,-1.5596369521895905,-2.478610524134467
485,-0.5367529892554891,-0.2760264220377722,-0.32336575931882783,-0.23111798350315113,-0.3671172411040882,0.14091976077505897,0.020256520562868974,0.8732042244949609,0.32002975140773937,0.5605189828257823
486,1.7669121676193162,-1.5685076723983502,0.3242508547921432,-0.3691047142737972,-0.9431187878266131,-1.727563036308044,1.199032522871911,1.7636107917975168,0.6485858946462351,-2.4426941517539342
491,-1.8477998224661645,-1.7116313076130019,-2.058052279801795,-0.7963652876982604,-1.8826341564981863,-7.1469827986163725,-2.0017116512397854,0.14900330696690134,-1.7944880995714843,-2.0619251375083403
493,-1.4614731509677985,-4.466437314008237,-1.4747753952886564,-3.2577080024327385,-2.2073082740040073,-3.277330873083501,-0.6317465728821806,-1.4403197265491245,-0.7879599010983969,-4.146102647990872
495,0.6246580359080257,-5.527939291035648,1.335448931234526,-5.064780218642467,0.14536786046200192,-4.47947590530592,1.3818281777135326,-3.3565115848236875,1.1618761941978937,-5.1096445200306535
50,-1.121715489976645,0.18556577943681235,-1.3617735578442434,-0.21975794525310915,0.1794374610916528,-0.5612753667646084,0.17800743342683406,0.28824172377380486,0.9698098923371936,0.9013338450886962
503,-0.5949425811126532,-6.551399814729393,-0.795073995135644,-5.749204789779894,-0.568888171324595,-5.841972381555984,-1.1255394876953324,-4.656242620031823,-0.12099488542799314,-6.875818457309521
507,-0.5821953588939729,-6.814434220563188,-1.2777509237321982,-8.012239195613688,-0.5501756245714203,-6.105006787389778,-1.55241316101915,-6.504239526586773,-1.3874889982316825,-6.638852863143314
508,-0.7357459487567777,-7.7857186237125315,-0.5275167366882272,-7.691042348402453,-3.83043087231892,-6.076291190539122,-1.181477205104325,-6.2680051800966945,-0.48537509961807557,-7.695099767013813
52,-0.5367529892554893,-0.4369904694814536,0.3841529903205941,-0.862635186420048,5.74939297213316,-1.227563036308044,2.6327397030630064,0.034168271938642025,1.1954154482533577,-0.6502129013933559
520,-0.9901982870597483,-2.5513998147293937,-0.7768110571230871,-4.249204789779894,-2.8500093834351317,-3.3419723815559843,-1.801671574324493,-1.4487238703924015,0.4698098923371935,-3.6682997076700987
521,0.1142904260312837,-4.637430187622545,0.4421542175901005,-4.165310161230733,-2.5453598995659537,-4.928002754449135,0.17934005438674888,-3.631076782256751,0.3769470603358907,-5.961848830202673
522,-0.5323830644734092,-2.642286266605279,-0.09273973218799467,-3.49140961979508,-1.3586512082366689,-2.7903284773499735,0.17810806082749167,-2.795313269143824,0.467340125853553,-4.02765665247509
523,0.9846062333858635,0.6432676931317207,1.081068404114467,1.3524057367618285,1.9818684901710832,0.5275294575114158,1.5259410508583695,2.094189231914215,1.3843964084688412,0.023182595256463212
524,0.024061732945276748,-0.957311461730126,0.18460501261568307,0.8125573076802565,3.3133063009857446,0.5236871339565478,1.0989580611566891,-0.9658317280613578,0.027548501047161597,-1.7886330040727678
525,-0.5169618050651622,0.2525886950622672,0.7016233594962498,1.5665088504878497,1.6117191792932193,-3.460616878054603,0.8943771091421826,0.9251072416799799,0.018096297567713443,-1.2983042424187592
531,-0.7154139899667671,-3.244345391539057,-1.8544501698620426,-3.149669116228979,-1.4317587495765713,-2.24243670800507,-1.7021359007735786,-2.726631947923221,-0.9804222708873493,-3.200281237036081
532,0.17076576038393274,1.0630095305185467,0.6766342406811722,-0.26631264744884997,1.6680774228416109,1.272436963691956,0.4442549738403442,-0.4192770258656172,1.6307739397808745,0.17582544689649038
535,1.677075678622379,1.0351261272825885,-0.3677598786772809,2.3031450720035567,-1.306243328639211,1.090804872022523,-0.7454802107743366,-1.1448555575157668,0.11184830303503396,-0.9590167320936203
538,1.0351280320438119,0.3269421722850222,0.6945317900314085,0.5519699819617396,2.0126851974602378,-1.3967701612436536,0.6773479389800936,1.1989740514547143,0.8043892887157054,-0.4981892643456375
539,1.9576129441757075,0.01806800160981789,0.8346235700671263,0.6062162005071731,-0.5773632057895639,-0.08439895989039792,1.2234610164254265,3.215793489670993,1.0916485537337792,0.4294843999609234
540,-1.2146869175598138,1.2520439665374987,-0.09937284493534923,1.7225701866905618,1.370451276318064,-1.0451522750379705,-0.1346995280107648,-0.7087836430606019,-1.184756062930614,0.6234075233403449
541,1.029194770742749,-1.6882406397460448,0.957654196513936,-1.5959255695571681,-1.6043602232838814,-1.5853100682397345,0.9961459157341253,-1.3063001489748642,0.4784934583222376,-2.89542665550766
543,0.4632470107445107,-2.2294717198420315,-0.08065234573370701,-1.9272766948925313,3.4453718486804297,-0.859080239224941,0.05545118450856812,0.03416827193864205,0.1307739397808744,-2.346371612782736
545,0.03907242573122126,0.28188556668034814,0.6641282966771356,1.024664227975559,1.7695474521767487,4.021776529222364,-0.14070752688081206,-0.533119738904791,-0.4978187252876788,-0.5948314369062718
546,0.01503402334236979,-7.408951819347477,0.39213828610600693,-8.314275544037399,0.6591118098314566,-5.746079088369809,0.12125328518367348,-7.195079664342261,0.2803005346405725,-7.4408892115670255
557,-0.20611465797065923,-2.682917017646291,0.07019566736774246,-3.8341672905010498,0.5221272370711902,-4.341972381555984,0.25200962501952895,-4.165203574030455,0.6005752999588965,-3.799816910586995
559,1.313466869815057,0.7239735779622278,0.01567019323749108,-0.04983294381079706,0.9253640092564899,1.5021527730106046,1.5890082824378364,1.7854184422032335,1.8956844130452222,-0.6502129013933559
564,-0.9704341049664297,-0.2199173083681791,-0.5579604474214995,0.7959617094065585,-1.9997895243645853,0.3279526198863281,-1.0125376502509191,0.49868501126157033,0.13221519404743537,-0.06357302485562358
567,1.6904537826798471,-0.790926810804393,1.4575801481437298,0.852826024256083,1.8639089182941286,-0.25201783654851717,1.2787683565951595,1.8175983942245364,0.8750742885279276,-1.0017220325147902
57,-1.329234239616067,-3.3144342205631876,-0.8617735578442434,-3.719757945253109,2.752615726243607,-3.605006787389778,-0.6610285191294848,-2.7117582762261954,-0.4817593380365122,-2.60940601861653
571,0.14901988641887312,0.0005788583029490459,0.35305646351866893,0.8927685171937944,2.510787315222543,-3.0733378731497742,0.445352669782156,0.03345710694938944,0.09683825685769162,-1.2603114161197682
574,-0.13997842798920207,-2.5513998147293937,1.3747139852177495,-3.7492047897798932,-1.3500093834351314,-1.7570098808348282,0.5260043399817838,-1.2877598229487202,0.2550413578502139,-3.668299707670098
576,0.8524681258156936,-2.729471719842031,2.0047341029987384,-3.719757945253109,-0.7803758306763371,-1.6515614895855188,1.0292174745615006,-3.5042395265867734,0.7359337342988113,-3.2703700660602113
578,-0.8679244385617315,1.848874668250041,-0.4518086471770401,1.7097079863828089,1.4809959627259948,3.9656545645782577,-0.523874494104755,0.3207985715482948,-0.14173892542241334,1.7136091657169015
58,-1.9901982870597483,-3.5513998147293937,-1.0340976435379663,-3.956723539419315,-0.7853678749626483,-2.8419723815559843,0.06500559598242056,-2.7412051207529795,1.0401992202285912,-4.168299707670099
581,1.687509843077298,-4.929911437983124,1.7941442555132707,-4.542753912312467,1.9658912623229385,-2.8168065437809124,1.2568464039923501,-3.327235493646131,1.08677569928196,-5.046811330923828
586,0.6641837907859311,-1.5358133489818342,1.0446176625138404,-2.268812987978033,1.1113483979499692,-1.6600982462649898,0.7826666532980338,-1.8105811557265763,1.2920374465191538,-2.433834454033075
588,-0.5995184302974185,-2.1534701731195063,0.04511703776427539,-1.690311100726325,-1.9520797418252442,-1.944042739946097,-0.40374193271460573,-1.843275479143092,1.0937736490589864,-2.10940601861653
589,1.6860945560017853,-5.363489263288111,0.6009677288885213,-5.81858082475349,1.2161237319410678,-1.5234844938069165,0.8271528456577593,-3.9217773663948003,0.737703191588341,-7.141353203672498
590,1.477200009029453,-1.1445092191208752,1.2453860025561396,-0.7985827735462054,0.29384680633959287,-0.1426005355868879,1.6131897932185362,-0.6267957755050391,1.9691051072098578,-1.392926314978477
596,1.1490081314764553,-7.1094158114529495,-0.8977564561395208,-7.369986227545378,-1.1132778283734859,-8.192469628640119,-1.5332650845470586,-7.0917023678371125,0.012008226520137666,-8.065351656949973
598,-0.4940369759826499,-1.4397300750492104,0.0952202856277202,0.02599991866208573,0.43539843033776626,0.15482993074542362,-0.49808308721863337,0.18098303021460238,0.1815806149815905,-1.2970562454827936
599,-0.6124571662189034,-0.7778309733308117,0.6703788534946024,0.501827943281872,-0.40972704006173055,-5.523987165900628,-0.17410367135381025,-0.30192311769965247,0.01942036864786964,-1.3765508110070397
599_ref1,-2.9096773542317527,-9.20925198387113,-3.3567481404865616,-6.643318455891432,-6.130417801495135,-7.546379252893463,-3.6882012500230905,-4.312218721743006,-3.6978010990354138,-7.314967970297609
599_ref2,-3.362994592113502,-8.062361734006775,-3.9021823216484073,-5.486719479113455,-6.36097130271251,-9.437896801554519,-4.736631946879347,-5.933452079722713,-4.214239847507206,-6.229834988675928
6,1.3291489552697247,-3.451864141178479,0.779368799831162,-3.912703522062773,2.463008072908609,-3.24243670800507,0.8244197674562027,-3.141669447202065,0.2762629419867011,-2.700281237036081
60,-0.1582097494463227,-3.0418454032555413,1.1892825365864383,-0.6412360901803194,2.437883132760448,-6.748862977164503,1.0682884715123637,0.016101502814730495,0.5476125573998163,-1.7016183041852437
61,-1.914196740337223,-2.8144342205631876,-2.361773557844243,-4.012239195613687,-1.6130437892689253,-2.605006787389778,-1.4331887772413898,-1.7117582762261954,-1.1151526083839627,-3.431334113503892
611,-1.1936468424047035,-6.5603607687280245,0.20198576443513638,-8.258165743778525,0.8283286762347588,-5.3157386716089166,0.7331751336449233,-6.411130122195292,-0.330680536056609,-7.545743458751833
616,1.5988980216532078,-0.8521232779393277,0.9477399507486965,-0.48298107548058483,0.814910778312927,-1.4615802747138233,1.0615114259861063,0.34670573572860347,0.7124696960586319,-1.0302651741425302
619,-2.136589161673671,-2.5368266418996357,-0.791684728820113,-2.0049158076314866,-2.0429549602447947,-3.034917958365648,-1.2021359007735788,-1.773186650118962,-0.13073106520832448,-3.861245284479762
622,0.17348782972899685,-2.6196404055515936,-0.6565168234053751,-3.7049121027847067,-2.6479657835759802,-4.543606242725636,-1.0355755615914992,-3.150357731562052,0.1128256114354888,-3.736540298492298
627,0.1400654880518614,-2.436990469481453,-0.5398454629568807,-3.719757945253109,-1.2983654792291204,-3.8125255370292,-0.7662384089646707,-1.493055620072546,-0.3692260602191254,-3.7351754021145123
631,1.5814191160503004,-3.7216478792734584,1.938325950980132,-2.5882495612507057,-1.6273477671215164,-2.857987528559649,1.2544486553026766,1.1494899684258955,1.554334256617222,-4.651701043285954
632,0.7805436449673893,0.8634615528136358,0.6503114699869768,0.07542329897876392,0.135043561870959,0.12043387024690616,1.3406826500215887,1.3613096567499565,1.4052388245190746,0.9047459446456618
636,0.10616448061123476,-6.5110221777375905,2.0151375723453255,-5.227090090800647,-2.8906601254978144,-6.670077541647284,1.0173685037630054,-4.569310280844279,0.8285650841645189,-6.300246156372018
638,-0.7180380289478432,-2.8144342205631876,-2.069292307483665,-1.719757945253109,-1.3205625389083473,-2.3125255370292,-2.43318877724139,-1.343275479143092,-1.4541885609402816,-2.931334113503892
639,0.25409069508865856,0.04813585882152083,1.8316855704264587,0.5498214603009066,0.22920529786710986,0.7575632919949301,0.553345058865111,2.5880463621165837,0.4242359483080958,0.98142112839568
64,-1.006603066934799,-3.348162071841684,-0.5661406394534153,-1.4910517197527868,1.288603361125635,-4.249930849336499,-0.734862575596501,-1.7989437294629478,-0.028825534032051098,-2.896017507622235
640,0.4876086557552499,-2.4632977825631643,0.41764234018496693,-1.0813112290032374,-2.4228713987125836,-4.394513404584763,0.19795573255409615,-1.264299299254974,-0.3272501710528957,-3.059876683255196
642,0.8801862126249456,2.5173125543696973,1.0631027122074825,2.4366916289114915,2.553008773595745,-1.0273764322161596,1.1706733525993984,1.9516689898488888,0.9051939461108989,1.438804585403721
648,0.7440068853259529,-0.9107567595343853,0.23190247875600525,2.2080917699325506,-0.7815612829077103,3.25916606996571,-0.7722247297977085,-0.7901757772271292,-0.15671526629339233,-1.5639793033909726
649,0.6986079939535349,0.8927188664789774,1.2170272288649318,1.8768505236324098,-1.3723638666061593,-3.462606176825922,0.7536555456350491,2.3135303980111335,0.8821822635745546,0.814393368156944
65,-1.2532326928935422,-0.36098892275892813,-0.8617735578442434,-1.427276694892531,1.029657320162199,-0.8125255370292,0.678007433426834,-1.7117582762261954,-0.050511099911479534,-0.9313341135038922
651,-0.3813016936774316,-1.955025096835214,-0.49291515673263564,-1.9510408799338237,-0.01998666949810385,-5.689969288110934,-0.4281967329550787,-0.8716273581244642,-0.5462300931597672,-2.204127341568556
652,-1.8876591190629182,-2.573128064801903,-1.7480101293559187,-1.3517596715917874,-1.9125445162844668,-3.828505967682794,-2.0189006063086694,-1.1664417858384928,-1.3713261442724132,-3.7791728502252706
653,-1.3309115489500765,-2.2871056261030978,-1.599059897831294,-0.8820255009590798,0.7278624512440951,1.1644831024079354,-1.0222926458788901,-2.272119397533315,-0.6706630290949358,-2.498386340771386
657,0.5804961290873641,0.06874047991046234,0.27555412373460125,0.0008830520411891724,-0.09550943127095668,1.6704061843268698,0.6525520787239993,0.47290650618411795,1.0530111285900263,-0.8438746961467014
658,2.9939808271032087,1.8305281682132835,1.0654380300129485,3.3308145179531765,-2.042954960244795,-0.6312404973368458,0.47781207176961277,1.078880450730455,-0.3840997319161514,0.5922000133244973
66,-1.6977170366991703,-6.136362315450549,-2.1615045930523786,-6.041686040140472,-2.7052560748376386,-4.426934882277141,-1.2636200847815973,-4.326167621474136,-1.082538796996153,-6.460780958030677
660,1.4344555253633406,0.23913264927541772,-0.7046161024554997,1.8870281188472333,1.396416539980141,-1.4754905497516293,-0.08128011826679354,-0.14500747962997604,0.003003591004144268,-1.9656052048799957
666,-1.199902153080221,-0.5324339249537613,-0.589532796688848,0.8075053530644173,0.9467446890204696,2.9385621014377463,-0.3330459746292413,-1.8208052335032265,-1.0514677609869187,-1.3273693907480588
667,0.09116530739718506,-2.480721890106623,0.5735581205540901,-2.2483992358089027,-3.393151708461661,-1.7038296668901594,-0.056022414173242954,0.8758801569647348,0.5176893837399087,-1.803832084077595
668,-1.8030005296689993,-1.7566956118532193,-1.99329076076114,-1.4685077749885174,-0.5693123686437555,-1.201329326360976,-1.8571872305188648,-2.738982168237383,-0.2824846497913745,-1.8441486602671397
673,-0.03066605732998881,-2.1261641815836274,-0.08683715287587325,-1.2313056279130716,-2.6553051301878354,-4.829992126355235,-0.39362043502254646,-0.4385497063469539,0.12367479077371783,-2.702782767986575
674,0.17765031714965243,0.5635550214298672,0.3271309219533093,-0.8947132785563732,-0.5308793942155152,3.0134656060861653,0.11557041982795441,0.8712112841306395,0.34579698106640355,0.4611451005081121
676,-0.19644677832166718,-0.6959836202587953,0.2567048288094308,0.5543522501685029,0.512222434118276,-1.3856050328322844,-0.35600412769159834,0.5666699147227576,0.43136038563960455,-0.945797586831647
677,-0.7037033575322084,-2.4927446270899485,-1.4437614253998063,-5.386708313529828,-0.630390148352005,-3.6869946549453414,-0.10296242708868023,-4.378708644502915,-0.01836447363048399,-5.805803231420033
683,-1.677231146171017,-4.899396721284344,-1.1542548082048212,-5.804720445974265,-3.905525039629503,-2.736523990306675,-1.406955067294322,-3.7967207769473514,-0.5678938089918175,-4.112619153196246
685,-0.5075463479820298,-5.794971464609025,-0.7725351256906842,-4.977902767962499,-1.5419371291087522,-4.717061234352513,-0.36646722189508296,-4.82381272318893,-0.8452689126513362,-5.800675146881506
689,0.5565843511611624,3.7697992810187664,2.0623978695535072,3.676330795138738,-0.5761889461774208,4.995996858184151,1.400148144661063,3.3366877250122053,0.2634161975457094,2.9602322966922525
690,0.6545590240319692,1.1291522830717917,0.9381538135535494,2.399530724924644,1.8360915688077188,3.055731583517736,1.9868067580285529,3.451772409023536,0.11826799577683772,0.5566010631187304
692,-1.0763107541540453,-6.655736474544129,-0.207115624573305,-7.061060199234051,1.9279148352312763,-5.94630904137072,0.7475352346783195,-5.392096482763455,-0.6222339483384054,-7.772636367484834
693,-0.1855737637442307,-2.4667147020218243,-0.18439911821226146,-3.1785268651571226,-3.9545800823544273,-2.8225793237534873,0.2857826301537909,-2.4217773663948003,-0.10214699519429293,-1.3844894056962784
695,0.5336145667221339,-1.83733606536975,1.0390806216139878,-0.9140149736326483,-0.5176684644377445,-4.444042739946097,1.6102801568515006,1.0189814474168828,0.6687066205414143,-1.3935945387598836
697,0.4178160068764762,-4.587452714969603,0.5448768345109504,-4.785257690020103,0.04292821388844473,-5.0855440314356155,1.5320814572566877,-4.116293973549508,0.8425686208526992,-4.619390107189152
7,-0.3818253579620955,-1.9369904694814533,-0.31737943848578987,-1.244115587769623,-0.32338582047891845,-2.859080239224941,-0.05574502615965579,0.5341682719386421,0.5572727335875326,-2.6166558034640874
701,0.8147936719780966,-4.022703982785226,0.5297928523519011,-5.185314293890027,-0.009921568412901378,-2.141572638462909,0.44225053345244103,-2.580992085891914,0.7285821172218374,-3.44344516433655
702,-0.33088820894738447,-6.670610146241155,0.046099492139615006,-8.160896371652234,-0.46520240070195185,-4.145291034330671,0.1190826784462114,-5.614488904099904,0.06432233473293156,-6.772636367484834
703,0.5962160837728012,1.9642976302357247,1.3151674205282644,-0.43821278513128376,-4.698006289990081,-2.3537566171251862,-0.2095706164078936,2.1252724532296425,1.1032031626846444,1.307038988465841
705,0.4270899083365659,-7.721324816171705,0.20936508053758232,-7.419129791222206,0.18890947710692513,-7.011897382998297,0.6514916600504316,-7.411130122195292,0.28284195158148223,-8.33822470911241
709,0.06989521993542532,-1.7337731489291621,-0.5815105820282178,-1.6565637686737775,-1.347654485149926,-2.406768029126574,-0.4087339770009169,0.38130694219908134,0.318841152148698,-1.8855873321476533
711,-2.47562511422999,-2.744345391539057,-3.584165979180691,-4.234631616950135,-2.0429549602447947,-2.8273992087262263,-2.155581198577838,-1.934150697562643,-2.4873251706498642,-4.15372653484034
713,-1.248240648607231,0.12691560501894497,-1.7977684389326165,0.7414975502756964,-0.518741735328843,-6.77493178883209,-1.0536042831740868,-0.053806122596398956,-1.317541137791733,-0.19753762770234135
715,-2.3616557173084445,-6.221324816171705,-2.0227376052879245,-6.258165743778525,0.08692151417539246,-4.108219921969495,-1.0861820527505603,-4.826167621474136,-2.1055981969101105,-7.838224709112411
717,-1.884575921148934,0.9081861777072684,-0.9680198997276315,0.5457860433230349,-2.7274176071621445,-1.71703850547053,-1.61512376871298,0.40062581173449185,-1.0736444171964608,0.28868295828722906
721,0.5137009245009067,-4.15597051364869,0.3243313668208496,-4.222258285782292,1.8355020837547402,-4.815025877558384,0.6225370160346617,-3.2142586167553784,0.1338872269633186,-3.0173894469507045
724,-0.0833076914512299,-1.0685076723983502,0.5156701932374911,-0.842314194171375,-0.7356000381871912,-1.227563036308044,0.8067013547731597,-0.5973489309782549,1.9584498540871516,0.0964765738869614
727,0.2231283561882144,2.0011350066370106,0.33323993001354857,1.5354057720950807,-2.250449576073999,-2.119746372144685,0.6894077003766608,2.0989090181814403,0.1098928331836046,1.3235967504561064
729,-0.16679925136541962,1.3344759255597483,-0.03532872684131572,1.0450969312442813,0.20016432920996224,1.291639888327573,0.03982206806420743,0.5893274833823525,-0.06679217654293268,1.5441596417706962
731,-0.4149370043963621,-6.670844185345715,-0.5915533857815727,-6.767505606522837,-2.013823306106586,-8.168935501811728,0.493974770686485,-4.571431694553299,0.11187888506901951,-6.279154283298007
732,0.7297676434512198,-4.7294717198420315,0.7638196939179245,-5.134795444531953,0.8335358618989197,-4.201329326360976,1.0544963895042525,-2.8708462562393224,1.0060995218283046,-4.797940843156441
734,0.9010391928941036,1.3509523926945954,-0.5800629893405159,1.7283389427005045,-4.896473184298706,-4.912089039808738,0.3419100966255778,-1.96877219300243,-0.13014507271951786,-0.43885512096174206
735,0.7428567070460854,-4.024453310731793,0.6395901589427007,-4.561294238338611,-1.7793314588123603,-3.815025877558383,1.4678541515509413,-2.9217773663948003,1.0896236085004256,-4.433834454033075
738,0.3539268675068405,-1.9369904694814533,0.11714022257262877,-1.681350146727694,4.272216378869133,1.6565291260804191,1.7419355224810293,0.49716798121675365,0.39568441304522217,-2.6854075653390552
739,-1.483467157156467,-5.684281914024076,-1.4088943785767438,-5.712647807165926,-2.1149211883470938,-8.073053087252418,-1.372728099186358,-2.9470213736841364,-0.8333771622141188,-4.448444152945586
740,1.2191965300102274,0.8142597007831385,0.8921237622551049,-0.23879196566986882,1.3784529980782296,-2.105006787389778,1.8982937291198247,0.6919191848026071,2.833202799479095,0.0038482462878101087
741,0.781961971052157,2.1568230321064323,0.20286795062823992,1.581436840986561,1.3343650923850463,0.09115192399960205,1.2629699341479903,2.0487147276988056,1.8269326511702548,2.4914109119682957
742,-0.3687256019669791,-4.484266602499782,-0.3407385757357938,-4.921372891578438,2.4753253043654224,-6.257287268848415,0.6104003933705406,-4.629296116034222,0.512882597314944,-3.7496494325857377
748,-1.8729860698645195,-4.79542060976971,-1.222648220166701,-4.896903045849012,-2.9575209312722404,-4.621187840542,-1.54569236936481,-4.277707166153874,-0.8120553685013967,-6.523516713378639
749,1.4747328310521777,-3.244345391539057,0.22318894287691302,-3.781186319145876,-3.042954960244795,-3.827399208726226,0.2734092989859483,-2.641669447202065,0.31633998622494064,-4.861245284479762
754,0.09053342428730982,-3.9773992332856167,-0.39604464922034666,-3.541810937988666,-1.0863196184557236,-2.9754905497516293,-0.0020654369645518277,-1.2603139437006843,-0.18661012066501406,-4.43333507878264
755,-0.33087180563249735,-4.036826641899635,-0.5357352095543966,-4.623435406281911,-0.08418604034078137,-4.619880459086804,-0.6793453836191305,-3.519113198283799,-1.717812062372716,-4.785243737757237
756,-0.9737527820627812,0.06056401893374291,-1.242623910369227,-0.1350499103343619,-2.1997548392404687,-2.3353417873508864,-0.7155526236680227,-0.32166774075954796,-0.5030959476428138,-0.6439380050519775
760,1.2482789113418211,2.5506155901768928,1.760565276629067,2.2023025975789077,-0.3035344958408073,3.874371347449447,1.4686394937705392,3.2881039519479875,0.870469181461336,1.6750697198301514
77,1.8322631516747903,-2.7337527265937434,1.1904444020827831,-0.24839659452133533,1.1759610807707692,-1.4280027544491363,1.6982617299590854,0.08709722050537705,0.22431671608112222,-1.9134180605763773
772,1.4051298178958325,0.013241693743089505,0.06721693971954287,0.2757194849453872,-0.9377951657268586,1.4799557133313779,0.10200588670430893,0.3118945811629831,0.6013270952540903,-0.8520040258306432
775,-0.8466251474029401,-7.014419297517202,-0.1748413226998203,-7.8085468115389,-2.468029880513217,-5.059065316178955,-1.1098960386551013,-5.204224603540788,-0.1563195010058287,-6.9016033811392585
778,0.7279263755048251,-2.1053024307352954,0.9915105889366038,-0.09583372070468224,-1.8226686645518042,-4.5910227101586605,0.8724473198641789,-0.5507341440279545,0.8396583809031248,-2.3218567277877034
78,2.785976157930124,-3.3144342205631876,1.0961661315736433,-3.719757945253109,-2.613043789268925,-3.605006787389778,2.535130192259895,-2.2117582762261954,1.4232551901414525,-4.931334113503892
782,0.6403104693822663,-5.314434220563188,-0.44810220572718507,-5.058793897809428,-0.7314376058617251,-4.3125255370292,-0.7144861210877409,-5.504239526586773,-0.3029833357274701,-5.270370066060211
783,0.3544134701894688,-0.8392150649225498,0.770795507538565,1.152683906306361,0.39013931981512856,1.783116430013746,0.2264040830748592,0.5215226916110217,0.1956770461156713,-1.3967898347401513
784,1.6246917963069147,-3.8438810650899717,1.9660812399150136,-3.2492047897798937,0.9963467946231093,0.3711599957950646,1.5349338805100254,-2.8261676214741356,-0.0546449079032799,-3.2646222466412964
789,-1.468430473165544,-7.587023724460115,-1.4977566568140035,-6.623864652066933,-2.352588697936967,-5.585115040926128,-1.0193457510820236,-4.984347780123123,-1.198052928745259,-6.911442367040242
790,-1.545662128090981,-4.329035222621569,-1.3917532576853757,-4.297124388353421,0.9764385114239348,-4.160838869544147,-0.8768781225184482,-3.650357731562052,-1.1331428767578753,-3.3975043459359795
791,-1.6977170366991698,-1.4813109857052635,-1.6145526903165865,-2.360401000448117,-1.4064457130415868,-1.5159340332661375,-2.1579897067267257,-2.6578801860482537,-1.4979457444369495,-0.39737605312771695
795,1.016653026400144,-4.551399814729393,1.1707349490972103,-4.592931360483367,0.4223521154426049,-4.956329547880943,1.3440837989400274,-2.354136980310239,1.036263623210124,-3.846371612782736
796,0.7260900058752651,-5.408357675282975,-0.2711710090633367,-6.1061626503334745,0.6372671973776374,-2.7137334731522276,-0.14379256756486442,-4.3684471719879125,0.6930902999900572,-7.0252575682236795
797,0.27603379220726326,-2.4107567595343857,-0.33413234009364834,-2.8160804842243072,-1.4520797418252442,-1.8125255370292,-0.6714077992128835,-1.4192770258656169,0.508217690862609,-3.3876026928787226
798,2.447060478782495,-5.802720701872669,0.7177946038984742,-6.3557723683256775,-1.28020411854234,-4.724810471616157,0.4094137903351212,-3.881329797228031,0.6786555071706931,-5.627139344452797
800,-0.32923423961606724,-1.4369904694814535,-0.7768110571230872,-2.134795444531953,0.3755961724810328,-1.5200442866686221,0.7499723298815179,-1.4192770258656173,1.3925549178093808,-3.346371612782736
801,-3.222712202046143,-3.75269670633638,-4.800036043617435,-2.427405105666425,-2.019656323489578,-0.7814882951344639,-3.840986763693416,-4.951038769039436,-2.3404801029122613,-4.126883185691963
803,-0.3530864765501544,-5.536826641899635,0.7489460222208985,-6.234631616950136,-1.9189912035230023,-5.327399208726225,-0.10700406646337866,-4.934150697562643,-0.075641550626747,-6.15372653484034
804,0.9864445890999205,-1.3317128315813718,1.0113693078079837,0.2493561790378928,0.19787377911236198,3.15762764123909,1.004579125563857,2.4480265713933758,0.5656765542928373,-0.8079321977018842
805,0.044996376885950484,-2.147722353700592,0.9811965163787453,-0.9434874337387198,1.855643120827149,0.7686869124365805,1.0511638166395634,1.2589905307496017,0.2660217994381019,-1.078345162662631
807,-0.5367529892554891,-3.2294717198420315,-0.6918485564019311,-3.927276694892531,0.3493624625339651,-3.020044286668622,-0.05574502615965582,-1.626795775505039,-0.3340313962734265,-3.346371612782736
808,-0.29023298361543065,-2.343881065089972,0.22078043472802508,-2.512239195613687,-1.0312944231274856,-3.134453631916563,-0.1618533877390312,-1.7412051207529795,0.6709890749412422,-2.619868938043804
809,0.6023831144711815,-1.224791772595112,0.3879206047435984,-0.0677335905099378,0.20428377420770172,-2.534704573503733,0.48781564111628595,0.11061358829709134,0.8663176337297354,-1.717705589547931
81,1.3012140832597574,-0.6527195003385864,-0.07948703980284896,0.5506531548130166,-3.205226389143672,0.09026503076409151,-0.11056872970993387,-0.9060112344910548,-1.786684081268239,-1.6013527169515136
811,-0.4176731206581068,-0.08316795923346085,-0.7038035453203609,0.988793800203625,-0.558596005246549,3.8738683645853773,-0.32031766920329685,-1.0347542432855532,0.33465545559881466,-0.27143793823220663
812,1.7238654622998955,-1.1534701731195063,0.8213875492786646,-2.1085617345848853,0.38695621073107467,0.47995571333137804,1.3180613930232017,-0.3432754791430921,1.4723102328663766,-1.977888815699633
813,0.2588523349376776,0.5943699141010688,0.4599784053073044,-0.6330950512964741,2.382357211684647,-0.07510220151720781,0.9678926818029604,0.47263135379447346,1.0421589270030205,1.264705084612121
819,0.6119639635125123,-4.96252694922099,1.7393090174627537,-5.528814721354593,-2.8421648969812146,-6.20654481385184,0.5591618629706848,-3.7910992430090307,0.4694103173968259,-5.286945591801118
821,0.3293412376966779,-4.896422088118751,0.24737045365761223,-4.886708313529828,-0.7588224676487987,-4.686994654945341,-0.12888189284848944,-4.586227394142337,0.12071858422599806,-6.805803231420033
823,0.009676815092057256,-1.1117397177730846,-0.2219988115358379,-1.607349565283917,-0.3301169503821995,-1.5022810698540514,-0.12489653729419951,-0.6208259688492765,0.5158883055011517,-0.4162107109681439
830,-1.3586810841428514,-3.5513998147293937,-1.3062579016498712,-3.956723539419315,-0.39656408563087214,-1.0200442866686221,-1.1701543714075964,-1.0802410733092982,-0.6559594911607888,-3.6682997076700983
833,0.24969184495480154,2.4763791001364943,-0.4903662229127964,2.3796226406955063,2.092075876119086,3.962174885278377,0.176008078297004,1.3352541673153318,-0.14742273448131807,1.0573058482460662
835,-1.8641562339231217,-3.092069628455363,-1.0706572038614515,-1.9396547444353165,-3.174199493523048,-1.3159426325733545,-0.6420724232585981,-0.13640473327710953,-1.7000724976793782,-2.1977856148818407
837,1.0533537480681787,-0.6712088378911317,0.5695875950563685,-0.7771663812337696,0.2600943039159713,-5.628568743446792,1.0410150807296668,-0.42315095962671534,0.6510907233570885,-0.8478503671862412
838,-0.08094381231899395,2.329857834602218,0.45892214729414255,2.0784289571071204,-0.9666002239473643,-2.3666176577155,0.25031232787581836,1.9869044194509091,0.022184385802660217,2.78429894031151
839,0.1318877155154326,-4.294256338625557,2.0439312277925232,-3.8371336823826634,0.4543928920608497,-6.377310155812726,0.7252236517423605,-3.265358988495494,-0.0694269144754455,-3.5749435605805138
841,-1.6690212047550022,-2.9218870522004003,-2.9911172354954125,-1.7946344371276963,-2.2958450688783505,1.8362022147650414,-2.772975742380325,-1.411067084449602,-1.6044423264387644,-2.9941336745240905
842,-1.566904618909609,2.8991122220632413,-1.3736248593083011,-0.48950999905220666,-1.0539706873331984,4.277308075392923,-1.6245468833518726,1.095874630786438,-1.2770859130094339,1.3688785115547972
843,0.4291396039612022,-6.911405059286981,-1.1123549266880761,-7.7185301775751505,-1.5803636704529627,-2.263207740175517,-1.143819048174953,-5.10876381150567,-0.43433832776205217,-5.962805207460691
848,0.9246630804832812,-2.6182755091738072,-0.4358990371362143,-0.9579769672246028,0.3669571767651151,0.8688116815861356,0.8735524931242131,-2.2745237172681247,-0.028314040232252785,-3.846371612782736
850,-0.17291790837247994,-5.591094966071646,0.4270899474536163,-6.4061325679406576,1.5578058198261808,-2.6261865732595466,0.22207399160709682,-4.995321921497169,0.8885944387998272,-5.695227312958782
853,-2.1220366424580672,-3.079052896845986,-1.1648818136163888,-1.5273045069442786,-0.5723157766101306,-2.159844153549687,-1.3731074350725017,-1.7895715070473304,-1.3536354158878618,-2.7814324804635575
854,-0.66395869800407,-8.036826641899635,-0.6684381280254341,-7.234631616950136,3.296130607599954,-3.805202149046999,0.7432706708848343,-5.161990439450738,-1.3143240557167544,-7.65372653484034
857,1.1809022770929627,-8.666572182408284,-0.05440058637607592,-8.602596179430277,-3.0753220735423192,-4.710645930099567,0.7212494241679577,-6.221647150935256,0.6993284496657446,-6.29483211359903
859,0.1379889194484726,-1.3386834794087825,0.37091688463999856,-0.5478484927093243,-2.8763166965168425,-2.0961194365257905,-0.3290531206954926,-0.867524737988687,0.17284356522433886,-1.3695940422443438
860,0.05716461039455063,0.27106162400514505,-0.11926978013660704,-0.8581370074796076,1.2438350238328817,-0.3860415126765906,0.5901714337574927,-1.0654545156176247,1.1958299667580987,0.8371774198781278
862,-0.9844504676408334,-1.0678155109630798,-0.5635444880647504,-1.543491666916661,-1.1747607598930647,-2.210455178639087,-0.4274409578224752,-0.31122034664246645,0.9525450523674945,0.1128215044404382
868,1.076501275648851,-6.5108314333666915,-0.929624198402218,-3.5659352989860666,-3.7447994935999454,-5.39772653916448,-0.15461185634281435,-1.6825499331135343,-0.00018071225189472684,-4.881804778142558
869,1.3587880822234621,-0.03246186083715108,1.7800385037401687,0.7714324523432818,1.2261435148824154,-4.47947590530592,1.3338862813544696,1.6526517390796076,1.8328697013144009,-0.46694341059952904
87,-1.0701687434945932,-1.577468626396981,-0.9467360585653992,-3.6935242353060413,-3.198006289990081,0.17907684169931104,-0.4331887772413898,-0.7818471052503252,0.2755272483783673,-1.666076755154502
870,1.407731354550139,-1.5219529702026093,-0.6656148464548632,-0.6347954445319531,-1.4520797418252442,0.2986706736390239,-0.7722247297977086,-1.343275479143092,-0.1039687018697355,-2.638852863143314
871,0.4632470107445107,-1.2294717198420315,-0.7768110571230872,-1.427276694892531,1.4719187114522307,1.140919760775059,1.2629699341479899,-0.12679577550503907,1.1659686037265735,-1.8463716127827363
879,0.46447275024155915,-3.0368266418996357,0.5550587499295496,-4.734631616950136,-0.29170478998020355,-3.3273992087262263,0.2796011612138643,-3.726631947923221,0.05477239305834969,-5.15372653484034
880,-0.5367529892554893,-1.7294717198420315,-1.276811057123087,-2.634795444531953,-1.5280812885477693,-0.7275630363080441,-0.8482262765202337,-1.4192770258656173,-0.15274635658107233,-2.553890362422158
882,-0.03675298925548931,-1.7294717198420315,-1.484329806762509,-2.634795444531953,-0.7356000381871912,-1.0200442866686221,-0.479743479437131,-0.33431452514446097,-0.7377088573022287,-2.553890362422158
887,0.20011275751344454,-5.316934561092371,-0.9108286005691669,-5.514739536142871,-3.32306287943753,-4.607507127918961,-1.1897625696057357,-3.7142586167553784,-0.0805822175368931,-6.433834454033075
888,-0.939313349390843,-3.3553498991578037,0.41083611926572006,-1.8226397877769163,-0.6258101780083829,-2.395135440211119,-0.811370336714672,-1.1905325419062085,-0.43530734828715323,-2.982889973899458
89,0.37751228206758636,1.2735775823904698,-0.9933537687989533,1.4844907882190843,1.061027621112344,0.9708254127496766,-0.8471140410435474,-1.999779964823083,-0.9763050964828527,0.7601833102426413
892,1.4780989049264646,-5.429911437983124,1.7165727964975108,-6.627716413033623,1.8862263909844386,-3.7204840048097143,1.508476302232856,-4.827235493646131,1.1046982987553213,-7.046811330923829
897,-2.036752989255489,-2.7294717198420315,-0.9265911980525409,-3.927276694892531,-1.235600038187191,-2.520044286668622,-1.3482262765202337,-2.1267957755050393,-2.237708857302229,-4.346371612782736
904,0.3449659135082099,-3.8993967212843437,0.8522901915154009,-4.304720445974265,0.2614253286472159,-2.6899692881109343,1.0291075214295988,-3.5892020273079295,0.5606851107567447,-4.516296614225048
91,0.9121899019181656,0.37447470597863525,0.6309766573081994,-1.4418498677222893,3.048365327516037,1.3597999575450228,0.5890082824378366,1.2699787857612477,0.8296754207121195,-1.1796597459201401
911,-0.26942893190955014,-0.3990104194986287,0.21214925705649323,-0.091007536629051,-0.888232010221216,-3.3405880567740978,0.18559154728891172,0.17251046660526811,-0.28745818095315134,-0.7327244141709538
916,1.311353018110898,-2.153410088364947,0.9505520541619257,-0.8118865914779475,-3.009397862315527,0.1939050940068134,0.7421128625203397,0.9819283344959094,0.9535259611089781,-1.8231647018912092
923,-0.3735659892962117,-5.606915470923766,-0.7242286356311878,-4.086017789820616,-2.0553051805589573,-3.897488037750356,-1.5041982796776037,-3.4282379798642477,-0.48175933803651194,-4.638852863143314
924,0.7626217369701271,-3.8993967212843437,1.2723999694970163,-4.804720445974265,-1.4055250396295031,-2.529005240667253,0.9077232427454829,-3.0892020273079295,0.5537822109942293,-4.355332566781367
930,0.8317298078276141,-0.7294717198420316,0.22318894287691282,-1.927276694892531,1.1680774228416109,-0.22756303630804403,1.4239339815916712,0.08072297413438279,1.4809937988514206,-1.346371612782736
931,-0.001466731440015077,-2.8621440031025287,0.12549109839769776,-2.57868633086236,0.5594556527248191,-4.002936428999666,0.7280637515180515,0.1431517077622628,-0.02406072382322866,-3.1342509494783943
933,-0.020245460641507645,-0.41075675953438545,-0.850589651330016,-0.719757945253109,0.49411577113145766,2.07815431973313,-0.34822627652023375,-0.33431452514446086,0.1903597902697133,-1.9313341135038922
936,-0.8097437048247578,-0.07315964128473221,-0.5834723953571387,-0.4467212015893286,-2.4539762188790806,-0.8227202693483839,-0.8087267751986037,0.6846284034167864,0.5501861535920725,-1.0832147613345178
937,0.9762098269653331,-4.399396721284344,0.49534920098881835,-5.097201696334843,-4.0370422425464,-4.397488037750357,-0.48510668273365964,-2.6855245662791276,0.18562962564518048,-6.016296614225048
939,0.7031371427590607,2.3281555413522717,1.0785854347220862,0.7825882061707528,0.3737824747287877,-2.811118029225673,0.9669262486124776,1.0296457021371386,1.066331903601081,1.21556026286354
94,-0.2710622589973332,0.8230733056809723,0.7228366363886183,2.0222129074187256,0.5123274752563944,3.5410954636611693,0.1814459538919785,0.7416870215780639,-0.07001367995526617,0.5162049891737599
941,0.31846401645305156,-4.343881065089972,-0.45603804257932534,-5.83416729050105,2.3385958817591446,-4.426934882277141,0.2788243640116592,-3.5336863711135575,0.6843574803118747,-4.753262208391255
942,-1.0031958913262204,-3.0368266418996357,-1.3382394310158536,-3.442150366589557,-3.335436210605373,-3.3273992087262263,-2.1555811985778375,-1.641669447202065,-0.1948439202892865,-3.492762487396659
943,-0.5367529892554893,-1.7294717198420315,0.17663424068117217,-0.577056835821985,4.494115771131458,0.17611442472075806,0.8479324348691463,-1.126795775505039,0.0344514008096764,-2.1854075653390552
945,1.971783767423982,-4.036826641899635,0.4542418193447243,-4.734631616950136,-2.542954960244795,-2.534917958365648,0.21290159850526527,-1.3229544868944192,0.27686431552752966,-4.65372653484034
946,-0.4141967403372232,-2.3144342205631876,1.073408801947459,-2.719757945253109,-1.320562538908347,-2.105006787389778,-0.9331887772413898,-2.5042395265867734,0.3075924170882248,-2.638852863143314
953,0.5064543866532476,-2.33475521281186,-0.43972582340793187,-0.1222883409552878,-4.198006289990081,-2.4126748622721155,-0.5829689181708437,0.543019272805372,-0.30331345446541536,-1.4778888156996326
957,0.17076576038393287,0.6390110772410719,1.430707692516335,1.5321549237447663,1.5958824681740238,0.34843851041448104,1.0962580672853943,1.241687021578064,0.513541312962363,0.6057366178723605
959,1.56560128258694,-6.992272904982643,0.10762633845023764,-7.252843321075071,-2.5069044359806476,-6.225106863099265,0.21240187730727886,-4.570882000338004,0.769627986396745,-7.109172797923348
960,2.055523679645168,3.233885034161647,2.656416005302924,3.4714305736528965,1.918743384351834,-1.79346376447161,2.0748732525236484,4.247937517843273,2.265207365348849,2.556453436803828
962,1.4426455567814012,-5.121789142620791,-0.2424737022000099,-5.15863007022761,-3.9203987113265293,-2.9589164116431226,-1.0559267944661344,-3.3581491508401182,-0.36628777705079063,-4.446207785200918
966,0.6080003193420035,-4.814434220563188,-1.4710937010819134,-4.719757945253109,-2.7093663282401232,-4.105006787389778,-1.064705980158287,-2.550794228782514,0.3165533710868561,-4.931334113503892
967,0.786983381980866,-2.3964220881187503,0.4389813916883217,-1.988418088298114,-2.113043789268925,-3.868279694637695,0.601011610157582,0.5884644192443761,0.377733083812815,-2.5871005752663843
972,0.5801162641168132,1.503758249608607,-0.43049970413992333,2.8299397351083453,1.2815663992265605,5.909727518312719,-0.6527302638641375,-0.06016981593108308,-0.5186394298070337,1.7465370926286705
973,0.6363191768986034,-4.7294717198420315,0.7900811474668664,-5.927276694892531,0.2643999618128089,-2.935081785947466,1.3475745348268529,-3.6267957755050393,0.7224675704053118,-5.346371612782736
976,1.0237076887995429,-4.092069628455363,0.2817662059704852,-5.950838650949544,-2.051643244604782,-2.590160944921376,0.08165706522701244,-4.94283898192263,-0.3400956416523374,-5.208969521396067
980,0.25572826110508884,-2.2294717198420315,1.158371302668615,-1.8423141941713752,0.10531198179968143,1.5329099676169569,-0.7370300658520099,-1.6267957755050393,1.2374475806475949,-1.6854075653390552
983,-0.8722208511709935,3.440747619060427,0.18650234971180335,2.284537392004706,-2.6950316568244883,5.31683108305041,-1.3076578951575313,0.767452171898105,-1.7357244062007555,2.3751686554475873
984,1.5638287789523486,-2.9667378128755053,0.8078509447308015,-2.872618347720781,-0.9244353615943703,-4.634754130783831,0.7688047794632097,-0.4135912038998468,0.9818483803277536,-0.8243657651710157
985,0.33172980782761385,-1.2294717198420315,-0.4843298067625091,-1.427276694892531,0.2643999618128089,-0.5200442866686221,0.5202565205628692,0.3732042244949609,1.9292415109744907,-0.18540756533905503
987,0.09975625794771882,-2.8144342205631876,0.15631324843249944,-3.3160804842243072,-0.36711724110408805,-1.8752909780711295,0.08076422104355235,0.29011779120435865,0.3472536434189276,-3.931334113503892
99,1.3337307731063621,-1.6717331111320632,-0.1808016709766225,0.311602438329413,1.8944023317682892,0.7312058835959695,0.02025652056286925,0.2416870215780642,0.944966330287017,-0.6617547079498765
991,-0.12074684806871266,-7.745171558126074,0.05484488073983004,-8.282012485732892,0.024974637537380745,-7.035744124952664,0.12643004331493973,-6.934976864149659,0.5607131999124974,-9.362071451066779
992,1.9887264963013265,-6.587023724460115,1.5756581612471905,-6.992347449150037,-1.3675464868891105,-6.3775962912867055,0.7845592850228666,-4.984347780123123,1.338475041560684,-6.70392361740082
996,0.1411940180089543,1.2117481946703288,-0.9448029021774776,2.405026969139612,1.0602038689943931,-1.0718130887228272,-0.031512281491336114,-0.2413300186011738,-0.36882653236596297,-0.7432127835435478
998,0.8336508409748111,-3.343881065089972,-1.139970232106436,-5.041686040140472,3.6614634666120778,-3.7659708348334595,0.6223268789529821,-4.326167621474136,-0.8907021328113989,-5.753262208391255
999,-3.0234084999039745,1.8634506341417048,-3.575278628316703,0.7366125088814108,-5.072475407906223,-1.7719571556664975,-3.7814241852104633,-1.5424959735171666,-1.9458903056749342,1.1627917111205592
1052,-1.3292342396160672,-2.2294717198420315,-1.276811057123087,-2.927276694892531,0.056881212173386986,-0.06659898886436295,-1.640707526880812,-1.4192770258656173,-0.7377088573022287,-2.846371612782736
17_2,-2.414196740337223,-2.8144342205631876,-1.8617735578442434,-4.012239195613687,-2.113043789268925,-2.605006787389778,-2.725670027601968,-2.5042395265867734,-1.4541885609402816,-3.431334113503892
217,-1.829234239616067,-2.2294717198420315,-1.276811057123087,-2.927276694892531,-0.7356000381871911,-1.227563036308044,-1.3482262765202342,-1.9192770258656173,-2.530190107662807,-3.346371612782736
22,-0.7442717388949112,3.1866766195329106,-1.3731335960942852,2.0651105351308887,-1.7356000381871912,4.74112387378803,-1.0557450261596557,-0.6267957755050391,-0.1265126466340048,1.3367894943401717
292,-1.3292342396160672,0.9314923276016497,-0.7768110571230872,0.8186498532723062,6.618025597344426,0.7724369636919559,1.6812205680065502,1.034168271938642,0.4232551901414525,-1.185407565339055
387,-2.414196740337223,-1.1534701731195063,-1.569292307483665,-2.512239195613687,-1.6130437892689253,-1.6050067873897782,-2.225670027601968,-1.5042395265867734,-1.1151526083839627,-2.931334113503892
411,-0.8292342396160672,-1.7294717198420315,-0.48432980676250903,-1.634795444531953,0.2643999618128089,-1.0200442866686221,-0.8482262765202337,-1.4192770258656173,-1.1265126466340047,-2.846371612782736
44,-1.829234239616067,-2.2294717198420315,-1.776811057123087,-3.427276694892531,-2.028081288547769,-2.020044286668622,-1.3482262765202337,-1.9192770258656173,-2.030190107662807,-3.346371612782736
501,-0.03675298925548931,-1.2294717198420315,0.015670193237490915,-0.76631264744885,0.9253640092564899,-0.5200442866686221,0.1517737234797659,0.08072297413438279,0.5547723930583496,-1.846371612782736
506,-1.3292342396160672,-0.43699046948145337,0.3081514435980692,-2.427276694892531,-0.028081288547769256,-1.0200442866686221,-0.140707526880812,-0.12679577550503907,0.2622911426977713,-0.15021290139335608
59,-0.8292342396160672,-1.2294717198420315,0.22318894287691282,-2.427276694892531,-0.028081288547769256,-0.5200442866686221,-0.6407075268808121,-0.41927702586561716,0.5547723930583496,-2.346371612782736
607,0.22850436909390068,-2.8144342205631876,-0.9580960968154413,-2.0587938978094282,-0.028081288547769014,-2.105006787389778,0.4790254404668828,-1.0042395265867734,0.3734873533659955,-3.931334113503892
643,0.6707657603839328,-1.7294717198420315,-0.7768110571230872,-1.9050796352133048,-2.235600038187191,-2.520044286668622,-1.0557450261596557,-2.1267957755050393,0.16596860372657335,-3.553890362422158
753,-0.9385543828537374,-1.6648302113695481,-1.399367306041353,-1.0928342027594076,0.7530399235627668,0.04459722180386111,-0.15206756513085384,0.20941689548070866,0.18816566340580027,-1.76140911206158
79,-1.5367529892554892,-1.4369904694814535,-1.7768110571230873,-0.8626351864200479,-0.443118787826613,-2.020044286668622,-0.7370300658520101,-0.33431452514446097,-0.44522760694165053,-1.553890362422158
917,-1.829234239616067,-2.2294717198420315,-0.984329806762509,-2.634795444531953,-1.5280812885477693,-2.020044286668622,-1.3482262765202342,-0.6267957755050391,0.1307739397808744,-2.346371612782736
956,-0.12926893617174917,-2.229471719842031,0.12686640390571513,-2.8160804842243072,-1.820562538908347,-2.3125255370292,-1.1610285191294847,-1.5042395265867734,0.9494889000885205,-1.3770718851148074
454,-2.329234239616067,-2.2294717198420315,-1.276811057123087,-1.927276694892531,-1.5280812885477693,-1.0200442866686221,-1.6407075268808122,-1.9192770258656173,-0.7377088573022286,-3.346371612782736
932,0.25572826110508884,0.7239735779622279,-0.2768110571230872,1.0839072116216961,1.3493624625339649,1.0649182140525342,0.359292473119188,0.37320422449496093,0.7622911426977714,0.23859088793841993
