strain_id,HNM1_TPO1_noMTX_noDrug_avg_logratio_Fitness,HNM1_TPO1_MTX_noDrug_avg_logratio_Fitness,HNM1_TPO1_noMTX_5-FC_avg_logratio_Fitness,HNM1_TPO1_MTX_5-FC_avg_logratio_Fitness,HNM1_TPO1_noMTX_Fluconazole_avg_logratio_Fitness,HNM1_TPO1_MTX_Fluconazole_avg_logratio_Fitness,HNM1_TPO1_noMTX_Metformin_avg_logratio_Fitness,HNM1_TPO1_MTX_Metformin_avg_logratio_Fitness,HNM1_TPO1_noMTX_Trifluoperazine_avg_logratio_Fitness,HNM1_TPO1_MTX_Trifluoperazine_avg_logratio_Fitness
1005,-0.7645937822837663,-1.5178611570239877,-1.2823614678068331,-2.495697692002813,-0.0712592023386015,-3.1944734116473548,-0.41073504580379383,-1.6356694013468966,0.6004911831948938,-1.983092693470915
1007,0.21131519665068454,-7.803263375886236,0.3357879703655329,-8.07358116122564,0.5091193190024045,-6.6024318794278685,0.05302022890851352,-0.6596991293768111,0.039353629354975606,-6.5723362009437825
1013,-1.4721125319231883,-0.8347000499010797,-1.0012402556962967,-2.1182539409210785,-1.6824554130068254,-2.948546863482517,-1.1648084976389566,-0.8897428531820594,0.47793493427662803,-2.398130192749759
1016,0.2838369873425284,-4.395304908105722,-0.289914914001937,-3.2121773956408655,-2.1064538662843004,-5.779435912368511,-0.8556435869285821,-1.9484716439561476,1.392972433555472,-4.068055194192071
1018,0.6752591008573778,0.9173212027677146,0.2265994861917981,1.332836458597975,-0.2504861877948398,-0.6465112016480866,0.2522870558760033,2.6751734020164437,2.0883062763353055,1.6439019396444785
1020,0.20196054029666993,-1.1188341052411817,0.6256929940546591,0.6773405966219437,-0.21004239815645306,-4.3330135248949375,0.8477751082776264,0.772584392027984,0.4814209145804829,0.7207084278116058
1025,-0.6772866637045972,-2.785423278360275,0.2154807041100109,-1.2151611192762541,-1.7230350639277972,-3.069720630561616,-1.03569784835009,-2.8845796731471225,-1.0689167921249032,-2.4979676968155555
1027,-0.4079005248152511,-6.7253799066634095,-1.1510203966257508,-5.703216441642235,0.6598093282024181,-6.81702966056562,-0.15362459112472918,-2.528509840946514,-0.47551036352763104,-6.398130192749759
1035,1.5427611397738379,2.8288823217256747,1.1800447839960573,3.397845470272996,0.40250708771433075,1.6829703394343798,0.77054999388856,2.6102571468179407,1.6854536839160499,3.801241653219338
1038,-0.12122313582004246,-0.2201143927840652,0.2392461256433883,0.9583834803611827,-0.688151090465485,-6.626232840539274,-0.32093939519619663,0.4977183159983035,-0.5862165885071681,0.5340534206743944
1040,0.8226733450636846,-3.9655586354093324,0.21440778637502034,-3.5545913810563814,-2.900437082073521,-4.991586122672416,-0.972654102861653,-1.344343231329919,0.21684611768339201,-3.1917665234539374
1046,-1.3495562830049224,-5.895304908105722,-1.4988411714448862,-4.373141443084547,0.04645034847774254,-5.986954662007932,-0.4039684679769472,-0.6265435490687854,-0.5214716082481505,-4.40709114674839
1050,1.2354062177162337,1.620201045613131,0.6039332841416305,0.8244247761083601,-0.2961606610583616,-2.4983147002579744,0.5182554517599921,1.9492930993742594,1.0194628041404075,2.6671550886529545
1065,-2.8495562830049224,-1.1493783599408847,-2.782361467806833,-0.8347336445591318,-1.4749366633674035,0.473221765699608,-1.2294500061114397,-0.3431881509863187,-1.0604728642487873,-2.1906114431103365
1069,0.5124368083791757,3.015935429508275,0.2720113947026333,2.8015646806156065,1.4796293235434235,3.8772215571858277,0.5417888221010588,1.5652929595064522,-0.7190750656673206,2.365213642749894
107,-0.972112531923188,-2.7253799066634095,0.09508228327490112,-2.2032164416422346,-0.11781390453434233,-2.024548410205042,-1.4369687557508617,-1.3431881509863188,1.977934934276628,-1.898130192749759
113,-1.2940406268105504,-0.2934106814514239,-1.2268458116124614,-0.6680217776965358,-0.5043835078941877,-2.7352802944241805,-0.29748078089945384,-0.5317229755262305,1.0244896364723688,-0.912703365579517
119,-0.9721125319231881,-0.16073839819092645,-0.8289161700025738,-0.2497711438379755,0.40250708771433075,-2.6095109109261982,-1.0684859586677584,-0.5507069006257406,0.816970886832947,-0.6056489423891807
124,0.7389198511632179,2.4363410175716247,-0.4676831577670285,2.2572390913194917,-2.367777102967021,-4.044869402453715,0.14986981240084826,1.8364807357752906,-1.0980666124458969,1.5439550668044588
128,-1.3184568178860387,-7.773869224848679,-0.6130075176238772,-8.120188556910605,-2.831303920431133,-9.818964276555148,-0.9796580755942338,-4.56400155486531,-1.5512777635239439,-7.8151023080181306
132,-0.23828646920205548,-8.854662923608377,-0.3918449029901041,-7.040018208226623,-2.9210585731894625,-7.946312677510587,0.35799449685712104,-1.2022557735907964,-0.45863256407157815,-7.866449162251044
133,0.896370265159915,-1.7253799066634097,0.5747612910262283,-1.2032164416422348,0.3175445869931746,-2.1095109109261982,-0.06848595866775856,-0.3431881509863188,2.7542054457910177,-1.398130192749759
136,0.39637026515991497,-2.2253799066634095,-0.32891617000257406,-2.203216441642235,-0.5214913655631443,-3.1095109109261982,-0.2760047083071804,-0.6822241035426375,0.8169708868329469,-1.3131676920286024
14,0.5957941249149658,0.6616044701181192,0.14645687044338063,0.9094936153747735,-2.3436968484640937,-5.759739193218467,0.21768148752894492,1.604493352744182,0.6551512168593896,1.6692379028409126
146,0.20715002326825005,-1.1276332873650063,0.5069284849570304,-0.34199301436586904,0.2623718421029727,-6.7730878414509785,0.37664256874878643,0.4090790549978414,-0.1772766788132156,-0.6556789660920387
15,-1.8465816498393293,-2.5998490245795507,-1.4898802174462549,-0.9971896212222235,-2.81995893675676,-4.407978482119814,-0.9154343948049184,-1.6064610582342356,0.053697979585029976,-2.857561811387056
151,-0.5213511028608242,-7.151644661365507,-0.7329838650254451,-6.129481196344333,-6.108720167708924,-6.4508131649071405,-1.9725536536906298,-3.3342705458967146,-1.4246769630362917,-6.824394947451857
153,1.0424606409065704,-5.532734828721013,-0.10754595596822791,-5.010571363699839,-0.6123665839826951,-5.916865832983802,-0.19970879409620187,-0.9806180716016102,-0.20799172583289416,-4.913003864446784
17,0.23540621771623388,-0.9328986563028314,-0.40491771672509896,-0.20321644164223474,0.11002583735375265,1.086647800463182,0.0630312442491383,1.7214533574861646,1.316970886832947,-0.39813019274975886
171,-2.0278666895316833,-3.5998490245795507,-2.6568305857229744,-2.1626480602795315,-3.0569245309229665,-4.568942529563495,-2.866953529861375,-1.6599186601924916,-0.3499794814437721,-1.2929203029145724
175,-0.7592701601840119,-7.217233002993084,-0.2972073102752356,-6.034105490528228,-0.35463815501038426,-8.101364007255873,-1.349096397162287,-5.042559996955415,-0.23152585266128384,-7.389983289079433
180,-1.1961612870634983,-7.151644661365507,-0.7234159715543691,-6.629481196344333,-4.316238917348345,-7.535775665628297,-1.6670747990635795,-4.976971655327839,-0.8436031376109953,-6.824394947451857
180_2,-0.7423967226045397,-6.047308001550772,-0.3811194410267003,-4.525144536529597,-1.1672873738213463,-4.701723196494912,-1.079022070477059,0.08828547302414214,0.5521308542229636,-5.266612989832861
185,0.3000477261887169,-1.0644158592197284,-0.29372150605687497,0.11871165324512768,-0.8899741626462473,-1.2320671598444637,0.44047499533087253,0.7417743497348375,0.8169708868329468,0.681805475639436
187,-0.1946286517115285,-4.895304908105722,-1.256127757859765,-4.873141443084547,-1.8989351166448785,-5.779435912368511,-0.18414873172098614,-1.4281506517074747,0.3080099328343161,-4.0680551941920715
188,-0.37338949982007985,-5.132270502271928,-0.22102510839476341,-4.449142989807072,-4.393187297225964,-2.9504730262303207,-0.6857185854862702,-0.2319919403180951,-0.5133548293259045,-4.761289367733108
192,-0.15339757161554235,-1.0178611570239877,-0.2823614678068331,-0.5792526849204421,1.7563144729312288,0.3055265883526455,0.616130946165101,-0.011705644625104025,1.5244896364723688,-0.5479103336792127
20,-1.07194870434137,-4.532734828721013,-0.49172274085018286,-3.7180901133392608,0.06445189332465528,-4.916865832983802,-0.8321094601001928,-2.0655805723227667,-0.28286528558523494,-3.4130038644467846
209,-0.9843172014578216,-6.7489418627204225,-1.3885521158086622,-6.93429714733867,-2.252572071259579,-7.633072866983211,-1.7294500061114397,-2.523937687180154,-1.1995808340665985,-6.8367296480856155
210,-1.6885922355612415,-3.310342407384566,-1.0748427181674112,-1.9956976920028129,-1.6824554130068252,-3.6944734116473548,-1.118253795443216,-0.2671866042637937,0.10049118319489381,-1.6906114431103367
226,-3.1158038234184326,-4.526822111022619,-2.077072542262761,-4.165622693445124,-1.1538402300467774,-6.364398413089667,-2.6481248372891604,-2.85214910498495,-2.1866664450659297,-3.956858983523847
235,-0.7645937822837661,-1.7253799066634097,-0.4898802174462552,-1.7032164416422346,-0.18245541300682544,-2.6095109109261982,-0.9369687557508617,-0.3431881509863188,1.3169708868329468,-1.398130192749759
240,0.23540621771623393,-1.9328986563028319,0.12452912780168562,-1.7032164416422346,-0.8899741626462473,-3.1095109109261982,0.2239952916928194,-1.3431881509863188,1.4281670975011709,-2.105648942389181
248,0.32036871843738984,-0.9328986563028318,0.595082283274901,-0.7032164416422347,-0.6824554130068254,-2.6095109109261982,1.292747053567787,-0.05070690062574079,1.3169708868329468,-1.398130192749759
250,-1.3903631657817486,-3.047308001550772,-0.24716680386113415,-4.025144536529597,-1.2119022575336096,-3.2017231964949118,-0.744023178941198,-1.261438784844879,0.4484880897498438,-4.220058287637121
252,-0.18859223556124124,3.0403108235947465,-1.2823614678068331,0.8262304028845494,1.2709898847974337,-3.1944734116473548,0.03580735223795012,0.8177758964573625,0.5244896364723688,1.4703526043333444
253,1.4258171096866992,-1.0178611570239877,0.5371581189316413,-0.15478567201594035,1.5472603963118232,-2.241028113843095,1.4142779327036719,1.9383570091355062,2.109452137193525,-0.39813019274975875
254,-1.779992040262632,-5.769774026021863,-2.1797324305295365,-6.247610561000688,-0.8104045252829082,-5.568942529563495,-1.4394016333367696,-1.701149740288478,-0.13746868751803926,-5.942524312108212
257,-3.0133436120191748,-5.0178611570239875,-3.6274338365134398,-3.973500632323586,2.7851731616223825,-7.033509364203674,-3.367003625178624,-4.405953592028248,-1.7568077073739823,-4.898130192749759
258,-0.3746517372365596,-0.3351317147875186,0.6643073046208258,0.5677410691790288,0.5381628674371864,-4.317330159432888,-0.02166842261214324,-0.334527695854955,0.41083568059708697,0.23758090291349793
27,-0.972112531923188,-2.2253799066634095,-0.536434919641996,-1.4107351912816566,-0.3050116619250912,-3.6095109109261982,0.46670870527794034,0.03425560009541556,1.024489636472369,-1.1056489423891807
270,-1.4721125319231883,-2.7253799066634095,-1.697398967085677,-2.703216441642235,3.0359003580617814,-3.6095109109261982,-1.5684859586677584,-0.8431881509863188,-0.18302911316705317,-2.898130192749759
271,-2.57194870434137,-6.11769732944217,-0.7618019741440368,-5.303052614060417,-3.4898103350644294,-6.5018283337049585,-1.1203599210866728,-1.128346013364696,0.41710001785908263,-5.790447615528519
272,-1.8495562830049224,-3.310342407384566,-1.6711652571386093,-2.288178942363391,-2.4749366633674033,-3.6944734116473548,-1.3144125068325958,-1.928150651707475,0.23200838611179075,-2.483092693470915
277,-2.2940406268105504,-4.047308001550772,-3.3118083123336177,-3.5251445365295973,-1.9194210071730315,-4.93143900581356,-3.258896850638224,-2.665116245873681,-2.2974384584149936,-3.720058287637121
286,-1.879003127531707,-0.4092457989136533,-1.371846538329493,-1.7633635585010907,-3.185668547586542,-5.7239202561741385,0.39248606826200994,0.6568118490136812,-0.6526851498175013,-1.898130192749759
289,-0.48312568508818743,-7.184811525300707,-0.8445851532690773,-5.6626480602795315,-0.5735516504732003,-7.276461279202917,-0.2042783132666196,-3.5566932214587785,-0.09872931117918027,-6.857561811387056
29,-1.764593782283766,-2.2253799066634095,0.4453021423454472,-1.9107351912816566,-0.5974929122856693,-1.948546863482517,-0.6444875053902837,0.3529705604030613,1.3464177313597312,-1.398130192749759
291,-1.264593782283766,-1.2253799066634097,-1.989880217446255,-2.2032164416422346,-0.8899741626462474,-3.6095109109261982,-1.7294500061114397,-1.8431881509863188,0.31697088683294694,-0.9446848949454996
294,-0.017309572595341244,-6.651878700470068,0.4810319754126978,-6.998198032531995,-1.703989773952768,-8.196973752176538,-0.8058590032069708,-4.977205694432398,-0.48556415025191857,-6.324628986556417
296,-0.4721125319231881,-2.4328986563028314,0.13408353927553776,-2.410735191281657,0.9415083437149673,-4.609510910926199,0.7886368001653028,-1.8431881509863188,1.1578829068198195,-2.7371661453060776
299,0.5928276093502668,-7.2489418627204225,-0.0916779061977233,-7.226778397699247,0.15174916269945316,-8.13307286698321,0.4433144537576243,-0.9926536822486014,0.19493632308792352,-5.6292108984461935
307,0.527887468076812,-1.2253799066634097,0.8174747046113491,0.45774760580144647,0.40250708771433075,-2.6095109109261982,0.22399529169281956,1.1102571468179405,2.7542054457910177,-0.10564894238918063
308,-1.6796312815626102,-2.7253799066634095,-2.828916170002574,-2.7032164416422346,-1.729010115202566,-3.8170296605656198,-2.9369687557508617,-0.6822241035426375,-0.07183290249882907,-1.9446848949454996
31,-1.264593782283766,-1.2253799066634097,-0.036434919641995966,0.0892648087183433,-1.1824554130068254,-2.6095109109261982,-0.5684859586677585,1.6568118490136812,1.024489636472369,-0.7371661453060777
311,-0.26459378228376607,1.7632600550865485,0.7560463307185823,0.9577476058014465,-0.3899741626462473,-2.1095109109261982,0.7239952916928194,1.0342556000954155,2.1854536839160503,0.9793135583319754
312,1.4315649291056138,2.3130278918620055,1.510119782553745,2.2319659181494678,-0.6824554130068254,0.990325261491984,1.5924780887759227,3.1102571468179407,2.720648347861749,1.7628338546939222
32,-1.764593782283766,-2.7253799066634095,-2.197398967085677,-2.2032164416422346,-2.682455413006825,-3.6095109109261982,-2.7294500061114397,-1.5507069006257406,0.024489636472368792,-2.898130192749759
320,1.6464145206280107,1.586565089626963,1.3795517730727789,1.5207508814684405,-1.264775678595211,-2.3186265698771718,1.427059257001109,2.4804436897492828,0.7439398219618065,1.2428383770564944
323,-1.764593782283766,-0.6404174059422535,-2.489880217446255,-1.7032164416422348,1.7634364386023296,-3.1095109109261982,-1.22945000611144,-1.3431881509863188,0.024489636472369014,-0.9446848949454996
325,0.7472426322084178,-5.5203614975531705,0.6598584845907307,-4.629715235448893,-1.7315104557317493,-6.293296291147735,0.3784403390746085,0.12099291196935291,-0.9983316963054872,-4.532147736195839
33,-2.410984656897689,-4.032734828721014,-0.15107432310283958,-4.510571363699839,-3.9898103350644294,-4.916865832983802,-0.27502395014053727,-2.1970977752396634,0.6208121754435669,-3.7054851148073626
335,0.300047726188717,1.5124868088197894,1.6053407919451577,3.3978071974240445,-2.0397543035757013,-3.609510910926198,1.0094291271105043,2.238636687021594,1.6316491968727518,2.3020427055175885
336,-0.3495562830049225,-1.517861157023988,-0.8289161700025739,-0.9107351912816568,-1.4749366633674035,-3.1944734116473548,-0.6182537954432159,-0.47470535390321567,0.8929724335554718,-1.822128646027234
337,-0.0037668681504522076,-7.369236096438135,0.005379414586201503,-5.262110130695803,-2.270091849390774,-7.460885850340345,-0.41536650646827766,-0.8460793272833217,0.19531175673744916,-5.541986382524483
339,-1.0865218771711285,-1.1698642504690377,-1.5044533902760133,-1.2326632861690192,-1.3082247965048075,-3.7704749583698796,-1.4664156002776458,0.27006611391802127,0.6062390026138085,-1.3293784308747916
347,-1.8609163212549642,-3.7253799066634095,-2.197398967085677,-2.910735191281657,-1.8899741626462472,-4.609510910926199,-1.0332912947220596,-1.8431881509863188,-0.9755103635276312,-3.898130192749759
348,-2.882157986915721,-3.647970852137358,-3.3289161700025742,-3.240810189839344,-3.2534649154430397,-5.81702966056562,-3.7294500061114397,-3.4395106899575167,-2.229583815362794,-3.9009534743203296
350,0.34367102199486305,-2.7587328130323243,1.5007583336063894,-2.8935022594228443,-0.3768706267929743,-4.990393750860333,-0.5711498217384589,-1.379692034373725,0.20658429615184026,-3.0471849304343817
354,-1.3495562830049224,-3.310342407384566,-0.7529146232800489,-1.9956976920028129,-1.4749366633674035,-3.1944734116473548,-1.4107350458037937,0.07184934829252512,1.4395271357512127,-2.190611443110337
358,0.9315649291056138,0.504335902655239,0.706278493943125,1.0892648087183434,1.1100258373537528,-0.8170296605656201,0.792747053567787,2.910709169113029,1.1854536839160503,1.0905097690001995
359,0.02788746807681186,0.9355841407802716,0.17108382999742616,1.526499367676414,0.9785086344368559,-2.6095109109261982,-0.43696875575086175,2.0732568560960525,1.3169708868329468,1.5553151050545004
36,-0.2645937822837661,-0.5644158592197284,-0.9898802174462552,-1.2032164416422348,0.31754458699317456,-2.6095109109261982,-1.2294500061114397,-0.3431881509863188,1.024489636472369,0.8943510576108193
364,0.8963702651599149,-0.43289865630283164,0.1710838299974259,0.0892648087183433,0.8175445869931746,-1.448546863482517,-0.06848595866775856,0.1568118490136812,0.816970886832947,-0.8981301927497589
375,-0.6251058074323588,0.13079570054227635,0.8281581623642885,0.6671873885880651,-3.078162102101117,-6.7239202561741385,0.35729140431631096,0.9188018829834984,0.3645267654842615,1.036558769265905
383,-1.0570750326443443,-1.7253799066634095,-0.9898802174462552,-2.12721489491971,-1.1824554130068254,-2.6095109109261982,-0.11825379544321585,0.8792042703501293,0.5244896364723688,-2.690611443110337
385,-0.7645937822837661,0.06710134369716833,-0.4898802174462552,0.8614250668302486,0.6100258373537527,1.343934386878061,-1.22945000611144,1.2417743497348375,0.524489636472369,1.1868323079713974
392,-0.20593859464432082,-2.1961715635507484,-0.6568305857229741,-3.1626480602795315,-2.1418870316441225,-2.6215336479095237,-1.6612404069981417,-2.0729039603049673,-0.7052261728462796,-3.1614030999976754
397,-0.6796312815626101,-2.2253799066634095,-0.6973989670856771,-1.7032164416422346,-1.6824554130068254,-2.31702966056562,-0.16480849763895655,0.5342556000954154,0.9779349342766279,-2.398130192749759
399,1.4404672221485977,-5.61769732944217,2.2897942360872507,-3.4345698169773136,0.9398707776985369,-3.840864286261277,1.5971736140323758,1.7995968360635564,1.4982559265253013,-3.028666637500012
40,-1.7645937822837663,1.1248399524071364,-0.6973989670856771,-0.042252394198553554,-2.182455413006825,-3.6095109109261982,-2.2294500061114397,-1.0507069006257406,0.5244896364723689,0.1018698072502412
400,0.5244852134665527,2.556021999911374,-0.15657263838253796,2.035851401289019,-1.6921908735351645,-6.009872474535971,-0.28307523193031864,1.3046706069117815,-0.2495004402519584,2.5665064092416365
406,2.197018847688749,-7.454198597159291,1.163116388721555,-6.6395538817775375,1.4152603847872585,-6.714365844700286,1.989863502150489,-0.043264782082750995,0.46203889660046166,-7.626948883245639
408,-0.972112531923188,-2.7253799066634095,-0.828916170002574,-2.203216441642235,-0.8899741626462474,-3.6095109109261982,-1.1444875053902837,-1.3431881509863188,0.31697088683294694,-2.398130192749759
409,0.3170678280916572,-2.6055001300101415,0.7373352513432105,-1.0232846771524404,-1.3706823537063555,-4.451047204011701,-1.3595334278908502,0.15478098296930567,1.775762747660596,-1.6214201766446097
40_2,-2.0570750326443443,0.14310289041969343,-2.282361467806833,-3.288178942363391,-2.7674179137279813,-3.6944734116473548,-1.5219312564720178,-2.928150651707475,-1.0604728642487873,-1.0296473956666556
412,0.39637026515991497,1.957781200459498,-0.4898802174462552,1.7004610193865672,1.1248995090507785,-2.1095109109261982,-0.43696875575086175,1.1102571468179407,1.5244896364723688,1.9589925660833023
418,0.02788746807681185,-1.2253799066634097,-0.6973989670856771,-0.9107351912816566,-0.09749291228566925,-1.8170296605656202,-0.1444875053902836,-0.05070690062574079,1.8169708868329468,-0.8981301927497589
419,1.7413692508696377,-3.2253799066634095,1.5282065888304874,-2.7995389806134328,-2.2290101152025663,-5.109510910926199,-0.27001838747414253,1.6162434676509785,0.7206483478617491,-3.2371661453060776
420,-0.47211253192318814,-2.7253799066634095,-0.2439536692814176,-1.9107351912816566,1.7339895940755454,-2.6095109109261982,0.22399529169281956,-1.0507069006257406,1.1854536839160499,-2.105648942389181
421,1.8012275380233382,0.6720987517992814,1.7902032585047254,0.7519487708653869,-1.148514176866414,-2.85561359082685,1.1952525443624396,1.1624254767253084,-0.05450983109538354,1.0976602543859317
426,0.639083678745036,0.08197501539419433,0.38756353363547924,0.5892648087183433,2.0137032983825547,-1.948546863482517,0.7057323536802624,0.4492930993742594,-0.18302911316705311,0.9520896663207873
43,-0.7645937822837661,-1.7253799066634097,-1.989880217446255,-1.7032164416422346,0.11002583735375265,-2.6095109109261982,-1.7294500061114397,-0.8431881509863188,0.5244896364723689,-1.398130192749759
431,0.44801416936592586,-5.2253799066634095,-0.7354876364139988,-5.203216441642235,-1.0740824839091725,-6.609510910926199,-0.9835234579466026,-0.43629755537780024,0.046686696151595514,-5.398130192749759
433,-1.9959471576188457,-6.702659830163326,-0.5181901563991005,-4.289816508379822,-1.1019696344233574,-6.736570975355569,-2.039034752264394,-3.5907522651675867,-0.3422988614866594,-4.99796636516794
434,0.7755929259482437,-2.017861157023988,-0.8289161700025738,-0.8347336445591316,-1.9749366633674035,-4.194473411647355,-0.676350304195477,1.047491705776011,1.0682210570975386,-0.5572181727628862
437,-2.199952273811283,-2.3347000499010795,-2.67520190740645,-2.020055334519327,-3.0214913655631443,-3.1324127557327603,-2.999734196792791,-1.4204431255141312,-2.183029113167053,-1.440190503331872
438,-1.9723345874953417,-7.058269920828151,-0.7261230624530766,-7.036106455806976,-0.4698757191793784,-6.94240092509094,-2.861900302135089,-4.591115664429903,-1.237346849041098,-6.938538956553922
439,-0.44587882197612044,-3.310342407384566,-0.563658811653184,-2.788178942363391,-0.6824554130068254,-1.2907959506185525,-0.42373265007026606,-0.7671866042637937,2.024489636472369,-2.983092693470915
43_ref1,-9.184447262448412,-10.513716183911157,-6.845092189138418,-10.284033969250562,0.24226133073639894,-12.190328438534525,-9.310267533719767,-9.020328217565844,-5.616536266329566,-10.978947720358086
43_ref2,-3.769380285175199,-10.542792520428279,-2.574374133799175,-10.228147805046525,-4.914905526050539,-12.134442274330489,-5.1599839338064095,-7.548599927652136,-3.6917845257708057,-9.554578759070946
442,-0.26459378228376634,0.14310289041969343,-0.32094539806806316,0.7967835583577652,-0.5712592023386015,-2.033509364203673,-0.9107350458037938,1.6102571468179403,1.4281670975011709,1.3388354014164474
444,0.688851515520493,-1.7253799066634097,-0.9898802174462552,-1.2032164416422348,-1.1824554130068254,-2.6095109109261982,-0.06848595866775856,0.4492930993742592,1.1854536839160503,-1.398130192749759
446,-0.47211253192318814,-2.7253799066634095,-0.7601644081276066,-0.7032164416422347,0.11002583735375265,-2.205833449897396,-1.2294500061114397,-1.1822241035426375,0.31697088683294694,-0.8981301927497588
45,1.4315649291056138,2.2632600550865485,1.5900554509429394,0.7967835583577653,0.5137032983825547,-0.5245484102050421,1.7591899556385184,1.1568118490136812,3.6044253048615635,1.8557671273495893
450,1.396370265159915,0.8595825940577465,0.706278493943125,-0.2032164416422348,3.6832041025057065,-0.9485468634825169,1.1742274549173624,0.4492930993742594,2.770416184637206,0.7628338546939224
452,-0.6533975716155422,-2.810342407384566,-1.1213974203631518,-2.288178942363391,1.5165601239797515,-4.194473411647355,-0.15344845938891463,-1.1356694013468966,-0.7679916138882092,-1.5296473956666556
458,-0.5828847945801233,-6.910178579802748,-0.08550207882914701,-6.680496365142151,-3.3235226655209944,-6.683113373397313,-0.9160707843657752,-2.168007239695399,-0.921092746383293,-5.790447615528519
459,0.5978525986490494,-1.1141836959951856,0.2288224387073941,-0.4956976920028129,-0.9749366633674035,-1.0705096549255617,0.3510459322247125,0.8792042703501293,1.761455230638575,-0.6906114431103368
460,1.3429188475674705,1.4631055666702442,1.6645487223180275,1.5286872888674057,2.215949404455413,1.4133754727338657,1.0494538545199268,1.6709240600579995,0.09553440840879884,1.1244261281261496
466,-0.8961109852006633,-2.810342407384566,-0.7823614678068334,-0.9956976920028129,-0.47493666336740353,-3.6944734116473548,-2.314412506832596,-0.23199194031809475,-0.1567954032199853,-1.0794152324421127
468,0.8075927702522935,0.8432186795788557,1.430560681876054,1.6862089017002142,0.13391073325666236,-6.249031670906848,1.0419162248931944,0.8116484068241631,0.4410736282847314,1.6064703896003047
470,0.6390836787450359,0.46310482255925267,0.5101197825537449,2.069802052764181,0.5472603963118231,0.8358745541964225,0.4315140413322416,1.7933210962168893,1.5822282451823368,0.8205724634038905
473,0.04765165017013068,-5.395304908105722,-0.2347118000656801,-3.4694639820557445,-1.7379710692011971,-4.214794403896027,-0.40787822020659675,-0.9231586074211635,-0.16833720977650568,-4.40709114674839
475,1.2470334672386694,-8.26699507589187,0.9392743914134898,-7.8656089500823665,1.0417542609508854,-8.10739465952949,1.6834758664814606,-0.28677928419226206,-0.02135593688915427,-7.723265658340166
476,-1.032706213956214,-9.415204465543427,-0.9246766895688773,-7.5783626904824475,-1.3910126901312068,-11.299335469806216,-0.7412355953083343,-2.4202771782337895,0.5642818181014322,-8.295473501269198
48,0.08200337886046911,-5.3457755727443885,-0.14575766428788617,-4.788417443777514,0.6890732579234209,-6.487193163422056,-1.3168010769635317,-1.0647530541404169,-0.8645526542735302,-5.6794899062744175
485,-0.17963128156261016,-1.7253799066634097,-0.6679521225588927,0.8817460590789215,-1.5214913655631443,0.06041409051611418,-0.6444875053902837,1.2855057703600072,0.02448963647236896,-0.007450335987428974
486,2.612849968797968,0.9707788047259703,1.152820891984869,1.5427101065226028,2.931953932241115,-0.4485468634825169,2.6774405894970785,3.2855057703600075,3.657882906819819,0.9793135583319756
491,-2.65938389244858,-0.5767417470881395,-1.2483387740952836,-0.3500219494060953,-2.9719620302018104,-0.42235041418374086,-0.8669535298613744,0.3791738536386727,-0.9875331005109563,0.05432082850777381
493,-3.431544150560485,-3.8923302749401287,-2.7446163680147015,-3.5016840128358506,-2.499185922212998,-4.7470144346761325,-1.5744722795007964,-2.4806916747362533,-0.7694835431076197,-3.0073419523165095
495,0.5708528307564914,-7.215467550398657,0.6530776791895728,-6.900822835016904,-2.9176555545786043,-9.760562602105127,0.7000703964981506,-0.062261666351270145,0.2359879130438507,-7.7567006335681095
50,-1.194504953259636,-1.5327348287210136,0.13717613788364041,0.6904016982884298,-1.6973290847038514,-1.3319033322626461,0.001602870356371855,2.9674640229061198,1.1883919670843848,-0.16707731628194714
503,-1.1420375333655002,-5.395304908105722,-0.7386300471816634,-4.580660192723968,-2.1064538662843004,-6.779435912368511,-2.399375007553752,-3.5131131524286308,0.24851591472577272,-5.068055194192071
507,-2.0126941744768314,-7.80575332312743,-0.48228180312445834,-8.868552358827412,-1.5229386974562955,-10.274846828111375,-1.1143806889326455,-4.622779333421196,-1.8311948030049638,-8.402502062491253
508,-0.03693017213148585,-3.5644158592197286,-0.9759272191613128,-3.9107351912816566,-1.6938154512568673,-2.913352199536818,-0.207252946432213,0.47693431712485423,0.013129598222326955,-3.898130192749759
52,0.5278874680768119,-1.2253799066634097,-0.19739896708567706,-0.9107351912816566,0.27098988479743386,-2.6095109109261982,-0.4369687557508617,0.4492930993742592,1.024489636472369,-0.3981301927497588
520,-1.5570750326443443,-2.810342407384566,-0.878684006778031,-1.6272148949197098,-3.2674179137279813,-3.6944734116473548,-1.4107350458037937,-0.47470535390321567,0.39297243355547185,-1.8981301927497587
521,0.04164799945876407,-1.2925304525192052,0.09472597429238122,-2.0879099775715266,-1.6986661518530144,-5.5164015065347165,1.140713974567043,-1.4354004365550326,2.816770484686792,-1.5897945125255117
522,0.3729933808100441,-3.740253578360435,0.7680501418988543,-3.119891506937509,-3.112366583982695,-6.416865832983802,0.5776044170788968,-0.41775987063922315,0.4749846335567862,-3.53556011336505
523,1.5511070466786017,1.5121646325661868,0.7046569912211088,1.4114362552421746,0.724811471816798,-2.039798360567385,0.7648488212877458,2.3149636104986566,0.23496908653013787,1.463475268094411
524,0.2077574613193009,0.6999337180347985,0.8521782387371791,2.2592604014345543,-1.304598800938375,-0.22495462420446377,1.0214342764859392,0.0041890206882436165,0.9124351895096342,0.3018983087852159
525,0.36844043588493175,1.2539447607967942,0.6824391959199928,1.91240677092605,-1.071889857646288,-3.8720527694502467,0.6454355055417805,1.2560509894280036,-0.7339029737627705,1.2309933914058586
531,0.32036871843738984,0.22806539114084964,0.413797243582547,0.9577476058014465,0.31754458699317456,-1.1095109109261982,-0.06848595866775856,1.2214533574861646,1.316970886832947,0.7628338546939223
532,-0.311148484479507,-0.5644158592197286,-1.697398967085677,-0.24977114383797538,0.931953932241115,-1.156065613121939,-0.3257725450826377,0.7417743497348375,0.8169708868329468,0.3315856165688898
535,0.6001992496165383,-0.17905526268057215,0.3523688696897805,1.4964388714576287,-0.8288462876207482,-0.3084929038861492,-0.17114541265651156,0.8911965906219981,1.3848298917617274,0.5679621151364556
538,1.313785587339214,2.524927555776973,1.722544218224424,2.989491801620963,1.9290042236279474,2.0857487969633492,1.8829793328415545,2.546347853041359,0.36242537643324524,2.5021184178016576
539,1.9725357358737021,4.166623148231645,1.695121200999358,3.1122743492648937,1.1477709371458844,2.699795601265721,1.5292138729919718,3.667278866994769,2.4450021094459897,3.3736573722407357
540,-0.384678387361657,0.37203604771942084,-0.0540699320220924,0.6495174041760072,-0.45609580303404057,-1.8420557166134202,-0.18998315432852228,-1.286480556820638,-1.2582509280374807,0.04932165976632505
541,0.8781073271473578,-1.2253799066634097,-0.32891617000257406,-1.7032164416422346,0.11002583735375265,-2.81702966056562,0.5164765420533974,-0.7582256502651625,1.6094521371935249,-0.20197148136037862
543,-2.3495562830049224,-2.017861157023988,-3.074842718167411,-1.4956976920028129,2.4157431933949263,-4.194473411647355,-2.5219312564720178,-1.4281506517074747,0.39297243355547185,-2.3221286460272337
545,0.1931072654482518,0.6894908417604315,-0.31790301683757427,1.337243556049549,-0.22418882426548276,4.153957156107006,-1.5796698651819856,-0.44256595721218034,-0.03324897223759904,0.7050952459839546
546,0.2138897006440952,-6.243466712940152,0.9119875172742494,-6.8324994585872005,-0.511936954089292,-6.473536569521775,0.7930305206985536,-1.0193599046411888,0.2636894166105054,-6.612375710415881
557,0.6616276235093047,-1.1493783599408847,0.3875635336354794,-0.12721489491970983,-0.10645386628430045,-1.741028113843095,0.042710252000465354,0.3177758964573625,1.7542054457910174,-0.32212864602723384
559,0.20342468835025135,-2.4301776137687074,-0.9781177537908279,-0.20587937744104606,-3.1710953747567836,-3.979631274025732,-0.03259061713375333,2.304403468841098,1.6699117884376171,-0.19708097096408572
564,-1.392469291425206,0.5751287340941269,-1.660104308875335,-0.28810533922874776,-2.596512154119026,-1.151955359719455,-1.501610264223345,0.3921267616347618,-1.6161534187226394,0.9551745499408906
567,0.39637026515991486,-1.2253799066634097,0.14613137708426915,0.24443486902441852,0.2003119601746632,-2.8464765050924044,0.43151404133224136,1.5048087555686314,1.4836827536955428,-0.5773571782059969
57,1.1377944066941477,-5.047308001550772,2.1408616839426005,-3.025144536529597,-2.5509382100899285,-5.93143900581356,-0.2817986954447862,-2.711670948069422,1.1708805110862919,-3.720058287637121
571,1.427882210018028,-0.8094412860675733,0.907343630556444,0.307305831939041,0.2979214709777743,-6.738793927871165,1.4529648319683786,1.6412427938552643,0.7676235382771751,0.1812163800407953
574,-0.5623777827219781,-6.0178611570239875,-0.41380823006936573,-5.995697692002813,-3.0459461658036178,-8.194473411647355,-1.3053124174259831,-4.231991940318094,0.5611141274876882,-5.822128646027234
576,-0.4721125319231881,-0.7719346088591504,-0.2439536692814176,-0.9107351912816567,0.20822444375550428,0.13641563723863936,0.7299816125258575,0.1568118490136812,0.524489636472369,-1.2371661453060776
578,0.163764651207138,2.2071967607545524,-0.35453947494276306,0.7122467318480874,1.381702809570215,2.579742235859171,-0.3568687637379634,0.5945709009857545,-0.13479180855115147,1.4997924963723708
58,-2.7645937822837663,-4.0178611570239875,-4.282361467806833,-3.495697692002813,-3.3637404526991794,-5.694473411647355,-3.6534484593889145,-2.7671866042637934,-2.399508816805106,-3.1056489423891804
581,2.0278874680768117,-0.14041740594225346,1.1800447839960573,0.29678355835776526,1.4785086344368557,0.12020489839245044,0.8555124946097163,0.4492930993742592,3.220648347861749,-0.2371661453060776
586,0.45831143046570405,-4.886818368803865,1.1188218279101663,-4.682901304463309,0.02264352707941228,-4.8949131297884465,0.3329069298249208,0.17675545803718082,0.08853619427646392,-4.391051161251429
588,-0.6036297348400851,-0.1869721081379943,-0.015696601653916342,-0.6385749331697516,-1.1178139045343423,-3.31702966056562,0.3326106498031542,0.6679957555279086,1.1854536839160499,-0.9944527317209568
589,1.0544746584643554,-6.430146091610945,1.0635750168715377,-6.165269213004649,1.6956100861755852,-5.8640449326491915,0.5697179306076947,-0.8746974693510365,0.1802730458784263,-6.763860425140976
590,0.8329000389906497,-4.932898656302831,1.100598823876132,-3.7497711438379753,-0.5645978656258777,-5.81702966056562,0.18990575304521673,-1.1139848443680522,0.628911631839676,-3.7647369224023084
596,0.05008452775603853,-2.4328986563028314,0.09005545094293965,-3.703216441642235,-0.09749291228566931,-4.109510910926198,0.2534421362196038,-1.6822241035426375,2.22918510454122,-1.6056489423891807
598,0.16843465676620423,2.4252142251326108,-0.35281289889765677,2.3371328818591595,-2.490713071758881,-1.1598990399086282,-0.5094101494313892,1.3081044369500794,-0.1726999942009504,2.788637075755845
599,0.24650986153041232,1.6644508310798152,0.6188282117590338,1.5169471386033948,-1.4181397501391209,-6.932594086157161,0.2202460998234046,0.5849820315558236,-0.6445990867938498,1.525350708433983
599_ref1,-3.7592808741146273,-11.286075838350964,-1.6999940003819038,-8.456557451272186,-5.564512807372974,-10.670206842613752,-4.729541079594352,-5.78797349334517,-4.317070267152769,-9.797862076993631
599_ref2,-3.809012906174568,-11.689720774455829,-1.5384715853230286,-8.831344638448906,-6.396375341020779,-12.573851778718616,-4.649396754545404,-6.435112100028965,-4.232508613416442,-8.555116138484573
6,-0.583308742591412,-1.8365761173316333,-0.893557678475057,-1.488374304020612,0.06445189332465528,-3.2559017855401207,0.09541637194425737,0.17138502184343982,0.859835823845889,-2.0093264034179827
60,0.6175871963227992,-0.35723373306282796,0.39676205923925123,1.4671343991870383,1.667098364927404,-9.904131659817825,1.3043302012454951,0.421144523293828,0.19269246512303911,0.9550029371870339
61,-0.7645937822837661,-1.2253799066634097,-1.489880217446255,-0.9107351912816566,0.6100258373537527,-2.6095109109261982,-0.22945000611143984,-0.18222410354263752,2.1854536839160503,-1.1056489423891807
611,-0.28313586482584463,-5.480267408826879,-1.1801262111372404,-4.797139896362022,-0.20099749554890373,-4.118471864924829,0.3954505657036407,-1.3501481397062016,-0.6657563572186165,-5.653017694913228
616,1.068405754122265,2.2363135510889474,0.2608039680733764,1.321889281334649,-0.4606520872690183,-4.062956208730458,0.3306890957304388,0.6942928778542922,0.9874893457504803,1.7635548417808755
619,-0.47211253192318814,-0.7253799066634097,-0.0012402556962969324,0.43017682870521584,-1.2787779519780234,-3.6095109109261982,0.7239952916928194,0.7417743497348375,1.477934934276628,-1.2371661453060776
622,0.20093254085748768,-4.178825204467669,0.7822456899658436,-3.1749246774590514,-1.9618317237059792,-7.5164015065347165,0.16128813900455924,-0.8726349955131032,0.3987202529743865,-3.34558916972098
627,-0.36091632125496415,-0.14041740594225346,-0.2439536692814176,-0.4107351912816567,-1.0974929122856691,-2.6095109109261982,0.5554777980540341,0.1102571468179405,1.8169708868329468,-0.10564894238918077
631,1.427853147628035,-1.0707471075981219,1.7083099972795899,0.4685973293189393,-0.9915663640493535,-5.090599062577407,1.0468523341755405,1.6446485866981617,1.239093757448446,-0.8933815501181347
632,0.7379065582454168,-0.9066649463557639,0.3488817338238047,0.2209211470432219,-0.40175839821544945,-2.9019921612867763,0.5070646049075701,1.28838123085356,1.1874546491947984,0.65482406153582
636,2.092528976549295,-1.4328986563028319,2.2580472959973306,-1.2995389806134328,-0.38997416264624735,-3.1095109109261982,1.877709554288943,1.0342556000954155,3.667190745903493,-1.1056489423891809
638,-2.0865218771711285,-2.254826751190194,-1.5193270619730392,-1.0029474768503706,-2.4194210071730318,-3.9314390058135604,-2.258896850638224,-0.46895753448430083,-0.5049572080544154,-1.9275770372765428
639,-2.8152198553537344,-3.0187193933184986,-2.444183751545025,-1.4920615366836962,-3.2479551577738195,-4.514046608249512,-2.613247385446673,-1.2075371400776216,-1.7485288579340472,-1.7284699701267359
64,0.34449630274100074,-1.8112630807966497,-1.1828257942559186,-0.5893961919929347,-1.4648860603391487,-3.6709392848189646,-0.8091413180167634,0.12723081277960954,0.9478744380578428,-0.6205226140862066
640,-0.620161022376069,-0.7330489441608115,-0.13162344489031266,-0.19143708889570604,-2.4538647788088004,-3.302800233562413,-0.473111815617563,-1.1633557697454249,-0.9273393249824025,-0.7910488587804914
642,0.03558920238436031,1.1445220834652843,0.28070832117192457,1.6549664828519735,0.21116125006159003,-0.10085221603607131,0.26052085550027576,1.02284269767084,0.28496626687206034,0.7703873008890265
648,-1.3166333882481736,-2.5392004906563237,-0.19461507829098268,-0.07320271779964835,-1.0449554356961588,-1.3526535702963411,-1.527855894216028,-0.06086232774384906,-0.29599163676946194,-2.6757465289786477
649,-0.11551777898006438,2.0426665292182817,0.8364064859916618,1.3339980604647417,-1.08878732972816,-0.7492721752373794,-0.320774627372203,1.8645867135219198,1.1045040467531666,2.0812240503556705
65,0.9315649291056138,-0.5644158592197286,0.5323168422329716,0.818980618036992,2.674667345826236,2.760801111318509,1.2239952916928196,1.1102571468179405,1.977934934276628,0.39435105761081934
651,-1.7353176911062098,-3.0221421637756998,-1.424629205329191,-1.5499765937428855,-3.0904138807873394,-5.30995062906729,-1.057472805502759,-0.0812216173245201,0.06997646649611433,-1.9841605656429104
652,-2.2101945368304956,-1.7202644046042677,-1.825758403349929,-0.49378322635031346,-2.43459423601859,-3.997122777160456,-2.090637531446029,-0.7295221647686987,-1.262392343102972,-0.5268099625904539
653,-0.4939244963781546,-0.31910246444832946,-0.14774527209145316,-0.3642446916154802,-1.7393385335704554,0.3212528582669945,-0.673036113984386,0.03041242223171156,0.5733838288673518,-0.5946902637304357
657,-0.14248851651269714,-1.936111790882548,-0.873208856997761,-1.3483260592222472,-0.5476063449494233,-3.2704749583698796,-0.2104660810119296,0.288329051930578,1.1147757592932792,-1.8135240010111222
658,-0.8941265340991904,-4.892330274940129,-0.24327687258616998,-4.08215212194338,-2.719142006171935,-7.653905030284651,-1.4018476949398058,-1.1522528333144963,-1.6162270218572825,-5.196597763943375
66,-2.1885922355612415,-3.8103424073845664,-2.010201209694928,-4.288178942363391,-2.4749366633674033,-4.694473411647355,-1.9107350458037937,-3.1356694013468966,-1.560472864248787,-3.983092693470915
660,-1.1796312815626102,-0.6607383981909264,-1.001240255696297,0.5506808784571133,2.718398766451406,-1.1743285511344959,-0.5684859586677585,0.2367475174028761,0.31697088683294694,-0.15220364458492147
666,-0.22890579160051655,-0.40849840236057666,-0.01588013212532265,0.15944075174782585,-0.3914848005176994,1.264208679686758,-0.06817512350330215,-0.8040692038674417,-0.38053905917873476,0.06649682979599034
667,0.8214810509946469,0.7452254277327878,1.0493619912594696,0.9531935299170639,2.64084894155131,0.9714923964439295,1.4133795369567093,1.316522468652075,1.3597194111070456,1.5105393125653543
668,-0.6999522738112831,-4.0292211952740296,-1.3694845513652767,-1.4483289394787662,-1.4461099933854353,-4.863584362761361,-1.6830714356515135,-1.3292351527013764,0.22546269846063738,-2.8106673514994194
673,-1.36251573781296,-2.3659230358673122,-0.08404888748765241,-0.46073765342716694,-3.850840267764676,-7.353887868645547,-0.8831266870597936,-0.1968502681786865,-0.7965250241468347,-0.6323868070147729
674,0.11121240278153754,-1.0733032100837163,-0.049307626060273446,-0.3451129246425303,1.7138235470579364,-1.2100518684717159,0.32970273267393757,2.6120949758896397,1.7352215206915074,0.7366001447468548
676,0.8821121130315834,1.3424455920218727,0.7765329135096466,1.6534949152796086,-1.1725791414498863,-6.188121432211846,0.6367274777560872,1.6966238485593195,-0.05594237043504513,1.5541341527803232
677,-0.45887642624259267,-3.8103424073845664,-0.8659164607244623,-3.788178942363391,-0.9600629916703777,-3.9019921612867767,-0.3885379861245671,-1.9281506517074747,-0.06047286424878723,-3.1906114431103365
683,-1.5570750326443443,-3.310342407384566,-1.1213974203631518,-2.995697692002813,-1.8139726159237224,-4.194473411647355,-0.7706810862074263,-1.5244731906786728,1.3869360174051844,-3.983092693470915
685,-0.7597093676703999,-7.9906806139218265,-0.13332987407570066,-6.629481196344333,0.04735127278500779,-9.24329441526772,-0.5640327619185946,-2.982156142019611,-1.5149994450154771,-7.824394947451857
689,0.7524547705215147,3.1170938956712004,0.3942119449422083,2.9104564589062685,-2.720230929510414,2.736378649380514,0.18738230166235317,1.6118195998525318,-0.39218542882290525,2.1010139071081193
690,-0.23538543917110522,0.1371165695866556,0.039328125666406116,2.4838003174250547,1.2388885845781172,-1.243416683974031,0.7322935469581673,2.725190917767238,1.2042827469453123,0.6503199322978835
692,-1.2279207074987402,-8.11769732944217,-1.5441089018087135,-6.803052614060417,-3.7245529767150396,-7.7093470833443805,-1.0073580836422595,-3.831828112736277,-0.8168399508317757,-7.290447615528519
693,-0.9233348772118513,-1.3103424073845655,-0.8130617401389045,-0.7304403336534226,-3.3523804144491374,-1.58327720097913,-1.7032162961643718,1.0515283560438524,0.7582420960588588,-0.2407371799280872
695,1.2175766516124427,1.1200555979827471,0.6358609878638509,2.079334597537922,3.4585639167632634,-3.109510910926198,1.5068954135099504,2.8583844518485795,2.4756771937153816,1.7233079908334412
697,-0.9763935386749002,-3.7648555773608208,-1.2220009660860618,-2.673940350464678,-0.12111415311941102,-6.30995062906729,-0.37562749586344724,-0.9149339477810847,0.32122663676070595,-2.018634242501656
7,1.7023547374864754,1.1965472399869541,2.4083805223738812,2.203408038584652,-2.1974527831557444,-3.4903019882949367,1.4300437507593393,2.356862101476665,0.5879144445807247,1.8115248037713494
701,1.128704398661637,-6.462345500829615,1.394666779884616,-5.23266328616902,1.7286367940737015,-6.1855124576487235,0.8272973695291996,0.6754686380811494,1.104450526361905,-4.427577037276543
702,0.530803690727889,-7.8103424073845655,0.8185282002944114,-6.995697692002813,-1.749331107451239,-6.183289505133127,0.802107071574442,-0.24951211438607052,0.40954625944632067,-6.2869339820815355
703,-2.3495562830049224,-3.0046250513433916,-1.706359921084308,-2.2491776863627537,-2.324739196698543,-4.61847186492483,-2.1696591982351032,-1.5216163650814758,0.43952713575121277,-3.2755739438314926
705,0.13841316920591018,-7.679576217050284,0.9939271026522689,-6.496448704585428,-0.5377362243876019,-8.563707221313074,0.8135966992079815,-2.808744499623235,0.48673833316786463,-7.352326503136634
709,-1.4625581204493359,-0.355283098153192,-1.4451311420267037,-0.2195583465075945,2.147392719897671,1.7910839409318111,-1.645642585733884,0.9067029090873373,0.014026717045094894,0.20955379335198104
711,-1.1036297348400852,-1.2253799066634097,-1.197398967085677,-2.703216441642235,-1.6824554130068252,-2.6095109109261982,0.06303124424913825,-1.8431881509863188,1.024489636472369,-2.398130192749759
713,-1.4478878848869523,0.6126353454326479,-2.034299354211221,0.43821669853914685,-1.5086122133335595,-5.839903851168918,-1.5199374155780425,-0.8791276939209844,-0.4244352065747725,1.1790142624048845
715,-0.21410495842135582,-5.047308001550772,-0.6049943478215314,-5.025144536529597,-0.1897051978543829,-4.638957755452982,-1.4714424326096074,-3.50415219843,0.5932413983473361,-4.720058287637121
717,-1.1794105795576693,-1.8359523840282277,-1.6140891598861251,-2.165675126729047,-2.428027067163423,-5.079235255411254,-1.9910940985014363,-1.6280435298628553,-1.2788206263941966,-1.3883151010104302
721,0.18678484838431197,-7.340540264493967,-0.2536701442987567,-5.914699338443989,-0.07009667586547963,-7.189476604811055,-0.12951804641796483,-1.7221046230855033,-0.8055531138708859,-5.317131839190935
724,1.057334312603596,-0.5644158592197285,0.8875635336354792,0.3817460590789214,0.13947268188053688,-1.948546863482517,1.5516712059990965,1.3865276583323298,2.707650743595277,0.12406686692946797
727,-0.21829410286133935,-0.3235603006023128,-0.4545626592675651,0.20074641900273127,-3.1433489966414796,-2.640819585323749,0.10515448344433079,1.563828739071785,-0.4693203989209928,-0.0632726891057637
729,0.6727829709265257,2.383554305070853,0.7882659543167034,2.0358488947145847,-1.261303749117315,2.251540013954786,0.5334461595427276,1.5964487462709718,0.382980774965607,2.194576122532887
731,0.35558847316799,-4.388454701832433,-0.14267869663247093,-2.7025580975968624,-1.1726265462988783,-8.026483026194569,0.4827872849196047,-0.7451715929599008,1.0895224618366794,-3.2079427476177473
732,0.4036936531421157,-4.032734828721013,-0.32891617000257384,-2.0571260658955794,-0.4786264285502022,-4.916865832983802,0.9052803313851739,0.9394114719635446,1.4630612625796022,-3.5445210673636813
734,-0.3463431484252058,0.5541037394306965,-0.4935699826290538,0.626908872370462,-0.3778094979653771,-3.1243845826232244,0.6641681338192249,0.49331311673080214,0.7393317740939918,0.3642905613920341
735,0.36728400425495766,-4.673077385048754,-0.19010229617307106,-5.262110130695803,-1.7835753731909088,-7.460885850340345,-0.16437993844321533,-2.1299215819279818,0.26761513091442324,-5.16454263144275
738,-0.5978819154211703,-2.8863439541070908,-0.5044533902760133,-0.6680217776965358,0.6452205012994516,-1.1167606957737557,0.144780610390578,-0.3504379358338763,1.2672030500574898,-2.5590942401934402
739,-1.5355756030351615,-5.670413541243703,-1.4983855537067086,-4.674034094865609,-2.9819198941688727,-10.456379483131366,-1.3703113205398352,-3.48183387635566,-1.2504064493820128,-4.976528272025819
740,-0.18284441614232644,1.5568091776191222,-0.11564960094423721,0.7267683324682782,-0.8756895865478618,-5.93143900581356,-0.04576447328717488,-0.6187376754137549,1.7931376700177895,1.860901295076503
741,-0.2090781260893944,0.2728144665604009,-0.3643994306796457,1.9254774797040912,-0.6681708369084398,-2.2887378963824365,0.08201516934864866,2.322449482586989,1.224758601264233,1.8023095253913333
742,0.6706414215444744,-3.849049295896749,-1.0155797936995774,-3.1172731827544355,2.7837556229602147,-6.316048902398977,0.11810091840337314,0.020383104853963413,0.6166297836820598,-2.0716235889936514
748,-2.6576785783672543,-5.925819624804502,-2.0569266652398968,-5.903656159783327,-2.749501860800467,-4.7249881283461335,-2.4947073644608295,-3.5901825713231514,-0.9797913702793429,-5.194892449862049
749,1.3918476953584111,-4.3103424073845655,-0.3209453980680631,-3.288178942363391,-0.4637527568531763,-3.4019921612867767,-0.021931256472017713,1.5926789241111323,1.6356858471405928,-4.483092693470915
754,0.7173359215850311,-4.0178611570239875,0.17258507407818768,-3.495697692002813,-2.389974162646247,-5.194473411647355,-0.010747349957790586,-1.7671866042637938,0.42816709750117077,-4.1906114431103365
755,-0.38715003120203195,-2.7253799066634095,-1.5364349196419957,-2.4107351912816566,-0.4777599449379746,-1.948546863482517,-1.2294500061114397,-2.1822241035426373,1.0356735429865962,-2.898130192749759
756,-2.3638612687265903,-0.9384714665002054,-1.696746163855201,-1.4963306590002399,-2.271306147741067,-3.406003523664152,-1.6771829587362406,-0.9627391580526318,-0.9751838880658714,-0.34855422923529294
760,0.08833477117405941,0.3363605205096452,-0.23146857618343797,1.1894123964087742,-1.2558761071714608,-0.7111070322815152,0.3271907049308702,2.4174333272633994,0.2284340919586041,0.540323096469724
77,2.0541211780238795,-2.1493783599408847,1.0395666270805293,-0.9956976920028129,2.110025837353753,-0.4897779435785034,2.428250587787666,0.8643305986531032,2.2721950943438007,-0.8221286460272339
772,-0.021880368698645486,-1.3013814533859347,-1.4343645612518834,-1.2954287272109486,-0.14726074906112652,0.44055742471652687,-0.5513781009988021,0.5808103022911562,-0.004957208054415574,-0.9275770372765432
775,-1.7874151150616222,-6.0203614975531705,-1.8955494354343059,-6.129715235448893,-2.3015992847558797,-6.536009704732857,-1.679141569318418,-2.1471483071131416,-0.2697878572209881,-5.900630533278942
778,0.20015974585436758,1.9410573563999125,0.1406087662267448,1.4535755377250947,0.6091273063348974,-4.877744615040099,0.10821177790093005,0.4704952155779169,0.9261809338007805,0.8966656611716805
78,0.6309472891951853,-6.184811525300707,1.1692931442939587,-5.6626480602795315,-1.9764285925868141,-7.068942529563495,-0.6342927730710994,-1.6326947681813033,0.7248940783085691,-5.857561811387056
782,0.13908367874503585,-2.7253799066634095,0.46356508035800426,-2.703216441642235,1.3231582147048015,-4.109510910926198,0.9438068604713779,-0.1822241035426375,1.220648347861749,-2.398130192749759
783,0.643542299179414,3.5015416700415907,1.1759350751812696,3.8779635050738266,-0.3934132514986476,4.284884558762246,1.1381745546771525,1.5127818838892546,0.5027213123305447,3.246178048469037
784,0.2509032739345597,-4.707373813061771,1.4529587396131673,-5.138655645844856,-1.287005568323453,-4.237595193071215,-0.32900811714175615,-2.3434449953972374,-0.12982835561971595,-5.041088146591802
789,0.11817359089772228,-3.547308001550772,-0.03068710022308105,-1.864180489085916,-1.9194210071730315,-3.1389577554529824,0.6669776700698049,-0.6429191861944545,2.517239851624811,-3.427577037276543
790,-0.722584799828446,-4.607719408950068,-0.5068705279594949,-4.31994068553721,-0.6603422284829816,-6.493403368646767,-0.7930719510778446,-0.7470796426728472,0.03948383626012239,-3.911986897953314
791,-0.647064365697462,-0.7418943068571449,-1.229779046314934,-0.989784974304418,-2.330183354769911,-1.419266274579112,-0.6827561685077173,0.07434968882170845,-0.17613563730201504,-0.039510598088660684
795,0.4278895742313382,-5.641879460043999,-0.0651498287622023,-4.539992956707518,0.10975306460690432,-7.878999415148049,0.4881197582107304,0.1602882293345648,0.32361679610616456,-4.168323482098945
796,-0.2583107787441167,-9.59276999308122,-1.9311030878708513,-9.863087778420624,1.548125703818363,-6.230974449179172,-1.6545163315609104,-2.1943831529708686,-0.9401628555257519,-9.654324068499346
797,-0.2791669551135245,-3.047308001550772,-1.2896112526543908,-1.4605030280571139,-0.11043222819847204,-3.2704749583698796,-0.855219389609422,-1.100474737401198,1.1619931602223037,-0.7314183258871628
798,0.4806480110112619,-9.08395034748176,0.07030992794346419,-8.769305632100007,-1.5108749121019875,-10.260562602105127,-0.10192224994610463,-2.2520801303431135,0.004990002518847625,-8.388217836485005
800,-0.2645937822837661,-2.2253799066634095,-0.904917716725099,-1.7032164416422348,1.485239764340137,-3.6095109109261982,-0.20725294643221315,-0.18222410354263754,2.270416184637206,-1.2371661453060776
801,-1.6185034065371111,-2.6290573676922118,-1.9753070446164966,-1.9459298552273554,-1.0011703733144712,0.08699822433232499,-2.2443236778084654,-1.017149802696472,0.1705800122190242,-2.5445210673636813
803,1.027887468076812,-1.7253799066634097,1.6755782216110533,-1.7032164416422346,1.0137032983825547,-2.6095109109261982,1.3351915023610434,0.4492930993742594,2.609452137193525,-0.7371661453060777
804,-0.06462847883944867,-2.310342407384566,-0.328916170002574,-1.7032164416422348,-0.3139726159237224,-0.05177230221623014,-0.30045950854765374,0.679008908692908,1.720648347861749,-0.9944527317209566
805,-0.47211253192318814,-2.1404174059422534,-0.1327574586131938,-1.2032164416422348,-0.8050116619250912,-3.024548410205042,-0.83877014934911,-0.2582256502651626,0.47793493427662803,-1.1056489423891807
807,-1.4204686277171772,-6.2253799066634095,-0.8116542323353779,-6.203216441642235,-2.097492912285669,-6.609510910926199,-1.4745625039479713,-2.709794880638868,-1.540328003735929,-5.237166145306078
808,-0.21826913830092898,-1.2868082805561762,0.06927252133912232,-0.48837430402061216,0.12219050203462317,-3.9168658329838024,-0.21668246005787067,0.23520166170637638,1.0742574732478263,-0.3518055487669213
809,0.7025661204112017,1.3289384282120216,-0.39411988917110696,0.8066135724428254,-1.995007924777354,-4.96023049119473,0.2224116521534782,0.8218606043319587,0.013414997838491025,0.6939984136514066
81,-2.1095999866268778,-7.2914690971211815,-0.31593721775652533,-6.815860334295747,-2.3944337384454215,-7.01463605394029,-1.2488304143752318,-4.559057482373545,-1.328729341827298,-7.8032553357638506
811,-0.3171734418477089,1.5519544107981167,-0.9994891752183257,0.2890506680162485,0.865833669365127,-0.008256869609044537,-1.135902623049217,0.20350502914077867,1.025511616601441,2.2434468146178106
812,0.7354062177162339,-1.2253799066634097,1.074761291026228,1.0427101065226028,1.7082244437555043,-1.1095109109261982,1.7817339004027875,1.2214533574861646,2.477934934276628,-0.10564894238918063
813,0.28841283652729355,-1.545900493747245,0.21566339595304507,-1.5777356548756254,-0.5214913655631443,-2.4557966483300744,0.2505509599226008,0.6639894955022163,1.660501231002893,-0.3945324420476567
819,1.554768758552021,-4.840857124083345,1.1875932899791948,-4.611174909422749,-1.8828951311479174,-6.30995062906729,1.5001566615511803,-0.9815672132128168,2.230740111793641,-4.806088660530273
821,0.6390836787450361,-4.895304908105722,0.23240996485374613,-3.7121773956408655,-1.137154138616372,-6.279435912368511,-0.8556435869285823,-0.9549411718098967,-0.44927665358056323,-5.275573943831493
823,2.3963702651599146,0.3595825940577465,1.0538512031789145,1.1408115552003952,3.158456606980047,-1.8442535525768085,1.755363169366801,2.6221805177951243,3.1442226038200634,1.200068413651993
830,-0.2849147745324393,-3.310342407384566,-0.37868400677803116,-2.288178942363391,-1.6824554130068252,-3.6944734116473548,-0.4641926477620498,-1.928150651707475,1.4395271357512127,-2.190611443110337
833,0.18983227368713632,-0.28680828055617635,0.059887619329202224,0.0965881967005443,-0.0363650372601701,-1.7207071215944219,-0.26143153547742204,1.0282329292651191,1.1240253100232835,0.523205324728905
835,-2.8319696542964525,-4.328749005372934,-1.8331971767542858,-2.141171084558416,-5.268485785899977,-2.5223878436501357,-1.6085042529266977,-2.7256554697330504,-3.1243061774627123,-3.3067934456576085
837,-0.4165968757288164,-0.17741769666414184,0.8907624192345546,0.7086582385119017,-1.5157435461442295,-2.3464765050924044,1.0504488417659965,1.404979105722237,1.8987202529743865,0.28695194752034614
838,-0.3685366423815578,1.8315101454324725,0.08642671968411525,1.5617289242547292,-1.3007520931219974,1.107269012369276,-0.0898823107865067,1.098216924204173,0.20438666819279702,2.174020394994363
839,0.6293574974119495,-0.9794533584985723,1.0721804384683387,-0.26803408185053257,-0.37510049094922143,-2.0657794903010283,0.49615554980472476,1.211074077402766,2.5159864238195238,0.7695649845972035
841,-2.004362309675055,-2.7785980606162597,-1.9865714329411828,-1.942041907688004,-2.459999456901703,2.4037936371274693,-2.966957254157381,-0.46471737797063395,-0.7816564953448059,-1.032172940878151
842,-0.2111361803255103,2.173095874201597,-0.6681228759081204,1.6071808616458583,0.6227184965637095,1.0649840846311316,-0.13086347417173183,1.5155182473860842,1.375693822537288,1.9506928997988815
843,0.0037595193915848646,-5.8877916360923805,-0.6352363738269291,-4.52337908393517,0.9844298786125295,-1.995107993396986,-0.24644088930560765,-1.8401414413579804,1.2243348336033733,-4.029037023415829
848,-1.103629734840085,-1.9328986563028316,-1.489880217446255,-1.0070577302528547,0.2244351826016931,-1.7058334498973962,-1.2294500061114397,-0.43951068995751674,-0.3145463160839501,-2.898130192749759
850,0.7333631058919997,-7.99274556854521,0.6265286145873517,-6.309618056080353,0.15492555321076518,-6.464662355099725,0.6732875958556929,-0.9034628863559149,0.5458383886084432,-7.156959097952088
853,-2.42106343811382,-2.6404174059422534,-1.5613873725551528,-2.0555385951963987,-0.40110523802483994,-3.3480436304544705,-1.5515542327346168,-0.5045045049182946,-0.7583630545476685,-1.8115664760094308
854,-0.4455677229179779,-6.340089750778618,-0.41125463174265386,-5.8179262857574425,1.7691398312375948,-6.063256707597725,-0.01349347382905454,-2.0913903342585454,0.009615964775342982,-5.927877536143811
857,0.7306864250582928,-9.198842179440655,0.01713671468431016,-8.223233416615221,0.20022229580164103,-7.798045379537969,0.48235437882362436,-2.64276362278638,0.31181531563769427,-8.71787820293088
859,-0.6185034065371109,-0.6290573676922118,-0.7972351395038592,0.7546318048496952,-0.12076420525418419,-0.5666459739132561,-0.4747442722544498,0.8675437332328199,1.281776222887248,0.39066129242802083
860,2.0250641865062406,1.7717968117660194,2.099452208056981,2.348427462563776,1.8242059237058983,0.7385381745517334,1.9224403679771116,2.55035501128949,3.578751864861453,2.8579931286648304
862,0.422603975106983,-0.9124127657746782,0.34790230730477645,1.2026839719021636,-0.8301833547699107,-2.9869546620079324,0.5427102520004656,2.468967017121537,1.789746994821759,1.226302123599061
868,-0.860916321254964,-0.5644158592197286,0.413797243582547,-0.6182539409210784,0.5137032983825547,-2.81702966056562,0.9794762513315092,1.1454518107636393,1.220648347861749,-0.9944527317209568
869,-0.05888065942053383,-1.047308001550772,-0.7680768917084477,-0.38244342709847284,-0.3996568250797129,-4.93143900581356,-0.3054515528339648,1.0887810742256672,1.316970886832947,-1.208874381122894
87,1.8203687184373898,-1.4328986563028314,1.3247980925935496,-0.9107351912816567,-1.0214913655631441,0.12429186411530069,1.6964245145965888,1.4107091691130291,3.6531835578186946,-0.6056489423891807
870,-0.26459378228376607,-0.7253799066634097,0.7560463307185823,0.2502288561620246,0.11002583735375265,-0.04486940245371507,0.7705499938885603,0.8865276583323298,1.8169708868329468,1.5055472682790434
871,1.188851515520493,0.0671013436971683,0.8026010329143229,0.5892648087183434,2.0007056941160823,-0.6560656131219389,-0.14448750539028365,0.4492930993742592,1.4281670975011709,0.2980285186396214
879,-1.3273592233256957,-3.8103424073845664,-2.621397420363152,-3.288178942363391,-3.1064538662843004,-5.194473411647355,-1.9107350458037937,-2.928150651707475,-0.7679916138882092,-3.1906114431103365
880,-1.7940406268105507,-2.754826751190194,-2.3118083123336177,-3.5251445365295973,-2.71190225753361,-2.3464765050924044,-2.758896850638224,-1.7116709480694219,-0.004957208054415352,-2.427577037276543
882,1.431564929105614,0.6782975543653924,1.3247980925935496,0.45774760580144647,2.079325565021681,-1.3170296605656202,1.66122985065089,1.1102571468179405,3.415169493234699,-0.6056489423891808
887,-0.11984047368627385,-5.61769732944217,-0.6680175538728697,-6.095533864420995,1.2234094095150243,-6.5018283337049585,-1.2776422743236107,-2.030810105696228,1.4415943645769345,-5.290447615528519
888,-0.2849147745324393,-2.310342407384566,-0.04720150041681634,0.11549851866541112,-1.9749366633674035,-2.9019921612867763,-0.7867712890820011,0.46252920505485484,1.9310239230983677,-0.39813019274975875
89,-0.6890730938544876,1.843199425145416,-0.8247222772562142,0.18211774045761836,0.593642668441422,2.9429761799984067,-1.924164314956705,0.36964372749746255,-0.6428113259888675,0.15713714350032726
892,0.8963702651599149,-1.9328986563028314,-0.29372150605687497,-2.703216441642235,3.5092617379045623,-3.1095109109261982,0.5630312442491383,-1.5507069006257406,0.928167097501171,-2.398130192749759
897,0.5278874680768119,-1.7253799066634097,-0.4898802174462552,-0.04225239419855348,0.11002583735375265,-2.1095109109261982,-1.2294500061114397,-0.8431881509863188,0.816970886832947,-0.6056489423891807
904,0.6888515155204928,-1.7253799066634097,-1.489880217446255,-0.9107351912816567,0.47850863443685576,-0.5245484102050421,-0.4369687557508617,-0.3431881509863188,2.024489636472369,-0.3131676920286025
91,1.9707230509371274,4.283891908972827,0.2583609935541093,2.2190100018374928,2.3967085933425665,2.024017836465588,1.2826504793322648,2.9010141124987503,1.1449936862242664,3.911642552318084
911,-0.042790456545958866,-0.5361240950365447,0.33204787744110725,-0.27921798836475975,-1.5509382100899285,-2.0407591490512305,0.2522870558760033,1.8032027236276043,1.4760087715288248,-0.22005828763712112
916,0.6172055566707921,0.34835155688369224,0.7585149774350441,0.5892130008021761,0.47557390367502617,-3.4865403325764124,-0.05397071884710173,1.0149686717243278,-0.22557380870139154,-0.06176719828603408
923,-0.7870209001758963,-1.9477723279998576,-0.4086074819078974,-1.8818774423535127,-0.9048478343432731,-4.2207071215944225,-1.1900614494193813,-1.8431881509863186,-0.5369387374203979,-1.9595585666425255
924,-0.8903631657817486,-2.754826751190194,-0.6973989670856768,-0.9605030280571139,-1.7119022575336098,-3.4314390058135604,-1.5979328031945426,-1.7116709480694219,-1.5049572080544154,-2.635095786915965
930,-0.09196919772277556,-6.0562689555494025,-0.7215467456060676,-4.965353728653261,1.4528644271980253,-4.986954662007932,-0.6474621385558766,-1.1518801401930854,-1.2036249568271078,-4.9365379912751735
931,0.23333304762115004,2.3118819861080113,-0.6427812374718894,1.6826630299789573,1.1648212519009324,-2.5512063174712702,0.46635811109342334,1.3242107148700795,0.08109494169636466,2.106851936747261
933,-1.3495562830049224,-0.4328986563028315,-0.7823614678068331,0.0337491525239714,-0.10645386628430045,-0.11453774325815975,-0.5684859586677586,0.7680080596819052,0.2320083861117907,0.10186980725024128
936,0.8331992444465737,0.4508046975623399,0.2512168000879077,0.3716996179083462,0.2442193357096939,-4.596166421574684,0.7472277979137165,1.2824895954635847,0.058558403120963234,0.8318598893805872
937,-0.5186672341189288,-2.2253799066634095,-0.6124364663645208,-2.410735191281657,-0.9365288648419879,-1.8170296605656202,-0.5867488966803155,-0.02850984094651399,1.770416184637206,-1.9944527317209568
939,-1.1362646231616846,0.40748625549804035,-0.5149591072550268,0.4140046588044143,-0.8238404346427606,-4.965668303993803,-1.0732438562278575,0.17525040419580806,-0.16519954706326212,0.8369333650845581
94,0.1978071717453908,2.8604246935964923,0.7347069970862466,2.6207096467857833,1.9855120634337955,5.410851544944412,0.4600987016672229,1.2532684749269993,0.43506123969834953,2.4070451981498944
941,0.39637026515991486,-0.7253799066634097,-0.9898802174462552,-1.2032164416422346,-0.09749291228566925,-2.6095109109261982,-0.5684859586677585,0.8177758964573624,1.5244896364723688,-0.8981301927497589
942,0.32036871843738984,0.3595825940577465,-0.1973989670856771,0.9577476058014465,-0.18245541300682544,-2.6095109109261982,-0.14448750539028365,0.2417743497348374,1.9779349342766281,-0.23716614530607774
943,0.18885151552049284,-0.8751600475928634,-0.6973989670856771,0.11871165324512772,6.063236283285372,0.6639363190176202,-0.9369687557508617,0.40273839717851867,0.42816709750117093,0.3557671273495894
945,0.6390836787450358,-0.9328986563028314,0.09508228327490098,-0.04225239419855348,0.4785086344368557,-0.20583344989739605,0.06303124424913831,-0.5507069006257408,1.6094521371935249,-1.398130192749759
946,-0.10362973484008511,-1.4328986563028319,-0.7601644081276066,-1.2995389806134328,2.8090413743403295,0.5238823594212525,-1.4369687557508617,-1.8431881509863188,0.02448963647236896,-2.398130192749759
953,1.1888515155204928,0.8595825940577465,1.2398355918723936,1.1187116532451278,0.7212220480219766,1.8528953408766924,0.3555124946097164,1.8865276583323298,2.609452137193525,0.0055472682790431715
957,-1.103629734840085,-0.2719346088591504,-1.293721506056875,-0.6385749331697516,-1.7787779519780236,-1.3797951016075496,-0.7760047083071804,-0.3897428531820595,0.831844558529973,-0.44468489494549945
959,1.2733373443678015,-4.290879651430403,0.9584002789111392,-3.9184963273386826,2.1307007780698637,-3.8020334669964617,0.8559412301471188,-1.5017973001447942,3.219299231983515,-3.8786674367955962
960,0.2171432797036767,-0.09386270374651268,0.4538824179245387,0.5892648087183432,-2.004383507894188,-4.138957755452982,0.04845807141938019,1.8611677795283956,1.6094521371935253,0.976100423752259
962,-0.6036297348400851,-0.9328986563028314,0.5213036890679722,-0.7497711438379755,-0.02149136556314432,-1.448546863482517,-0.6444875053902837,-0.34318815098631883,1.6094521371935249,-0.9446848949454996
966,-0.9721125319231881,-2.9328986563028314,-2.036434919641996,-3.203216441642235,-1.8899741626462472,-3.8170296605656198,-1.5684859586677584,-1.1470294395969387,0.10945213719352487,-2.898130192749759
967,0.7576032773954604,-0.43289865630283164,-0.13966035837570911,0.3817460590789214,-1.5214913655631443,-0.07110311240078271,-0.06848595866775853,2.1679957555279086,1.401933387554103,-0.23716614530607774
972,0.6605723881964807,4.456581236275548,1.5341288522618415,4.452742601373533,0.30971490766808574,5.590992666511599,0.7750795617875315,2.6050516655744413,-0.2992901456706937,3.5364043204153948
973,0.32409937517772025,-5.83978925191135,-0.5247743825246863,-5.317625786890176,0.16844231743263416,-4.373700397103593,0.5822753487997808,0.8479149024194168,-0.5409036672953084,-5.0125395379977
976,0.23540621771623393,0.5965481882239527,-0.0364349196419957,0.08926480871834336,-0.38997416264624735,1.5736501961967098,0.6742274549173621,1.1568118490136812,1.024489636472369,0.2628338546939224
980,-0.2645937822837661,0.3595825940577465,0.3875635336354791,0.3817460590789214,1.0634711351580117,2.156179819331958,-0.4369687557508617,1.1790089086929079,2.089131144944852,0.39435105761081934
983,1.1390836787450358,4.344715444932508,0.20627849394312509,3.609637979889998,1.2082244437555043,5.705053541087888,1.3555124946097163,4.081514399487561,2.928167097501171,4.311981516924564
984,1.408084231719556,-3.36146547749355,0.5133344582257006,-2.7635796790378127,-0.28187227092852063,-4.522611802340971,0.6854908673333466,1.8020601517108426,0.030245711704140366,-1.3046014738617904
985,1.32036871843739,-0.9328986563028314,-0.19739896708567709,-0.7032164416422347,0.2212220480219766,-1.8170296605656202,0.7705499938885603,0.4492930993742592,2.401933387554103,0.05531510505450052
987,-1.320109438478138,0.7160925433283338,-1.4943467798312586,0.8705273645190441,-3.0450254923915336,-4.655472155646717,-0.8792301470408932,1.2040706484058266,-1.4492766535805632,-0.3176342544136062
99,-2.390787363100909,-3.6877861584662996,-2.2913224218054644,-2.9196961452802874,-1.4944947285005963,-3.9869546620079324,-1.5774469126663897,-0.9484716439561479,-0.5604728642487874,-2.1643777331632688
991,0.274926348798906,-5.5178611570239875,-0.23962523821619175,-6.12721489491971,-1.3665637342697505,-7.401992161286777,-0.18384251805571633,-1.7417181216511808,0.2564788404254723,-5.483092693470915
992,1.3801595263137263,-3.8103424073845655,0.5945254731195468,-4.288178942363391,-0.2932342979356428,-4.401992161286777,0.1869950009709312,-2.267186604263794,2.278386956571717,-3.690611443110337
996,-0.7831539776931767,-1.6945979646431168,-0.6505859717402249,-0.48903833440151045,3.2524373409304266,-3.9620355329836414,-1.7226639963246755,-0.6152409976205183,-0.3403660127022092,-1.0331158710691204
998,-0.2645937822837661,0.2746200933365903,0.574761291026228,0.45774760580144647,1.3061845487431327,-0.44854686348251693,-0.32577254508263764,0.3177758964573625,2.428167097501171,-0.3131676920286025
999,-0.2645937822837661,1.1520638444183247,-0.6973989670856771,0.9929422697471454,0.27098988479743386,0.3069340961561726,-0.43696875575086175,0.4492930993742594,0.5244896364723689,2.2628338546939224
1052,-0.7645937822837661,-1.2253799066634097,-0.9898802174462552,-0.20321644164223474,-0.38997416264624735,2.019183010420128,-0.43696875575086175,0.2417743497348374,0.5244896364723689,-0.8981301927497589
17_2,-0.7645937822837661,-0.7253799066634097,-0.9898802174462552,-1.7032164416422346,0.40250708771433075,-2.6095109109261982,-0.9369687557508618,0.1568118490136812,0.024489636472369014,-1.1056489423891807
217,-0.47211253192318814,-1.7253799066634097,-1.489880217446255,-1.7032164416422346,-0.8899741626462473,-2.6095109109261982,-0.9369687557508617,-1.3431881509863188,1.024489636472369,-1.898130192749759
22,-0.7645937822837661,-0.9328986563028318,-1.489880217446255,-0.4107351912816567,-0.8899741626462473,0.34393438687806116,-1.2294500061114397,-0.8431881509863188,1.8169708868329468,0.47931355833197553
292,-1.7645937822837663,-1.3217024456346078,-1.697398967085677,-0.6182539409210785,1.983003026050483,-3.1095109109261982,0.16122985065089007,0.11025714681794065,0.8169708868329468,-0.5762020978623965
387,-2.4721125319231883,-2.4328986563028314,-2.197398967085677,-2.9107351912816566,-0.6178139045343423,-1.948546863482517,-2.4369687557508617,-1.6822241035426375,-0.39054786280647513,-2.6056489423891804
411,-1.264593782283766,-0.7253799066634097,-0.828916170002574,-0.11825394092107859,-0.5214913655631441,-2.6095109109261982,-0.9369687557508617,-0.05070690062574079,0.024489636472369014,-0.6056489423891807
44,-0.7645937822837661,-1.7253799066634097,-1.489880217446255,-1.7032164416422346,-0.6824554130068254,-2.6095109109261982,-0.7294500061114398,-1.3431881509863188,0.024489636472369014,-1.898130192749759
501,-0.7645937822837661,-0.9328986563028318,-1.197398967085677,-1.7032164416422346,0.8821860954656577,-2.6095109109261982,-0.72945000611144,-1.3431881509863188,0.524489636472369,-0.10564894238918063
506,-1.264593782283766,0.8392616018090735,-0.9898802174462552,-0.4107351912816567,-0.6824554130068254,-1.8170296605656202,-1.7294500061114397,0.2417743497348374,0.024489636472369014,0.7628338546939223
59,-0.7645937822837661,-0.14041740594225346,-0.6973989670856771,-1.7032164416422346,-1.1824554130068254,-2.6095109109261982,-1.2294500061114397,-1.3431881509863188,2.024489636472369,-0.23716614530607774
607,-0.4721125319231881,0.2280653911408496,-0.1973989670856771,-0.41073519128165664,1.0137032983825547,-1.8170296605656202,-0.4369687557508617,-0.8431881509863188,1.316970886832947,-0.2371661453060776
643,-0.2645937822837661,-1.7253799066634097,-0.6973989670856771,-0.9107351912816566,-0.6824554130068254,-1.3170296605656202,0.06303124424913825,-0.05070690062574079,0.816970886832947,-0.6056489423891807
753,-0.9721125319231881,-2.2253799066634095,-1.0364349196419957,-1.0422523941985533,-0.5974929122856693,-1.3170296605656202,-0.3257725450826377,-1.1822241035426375,1.4281670975011709,-1.7371661453060778
79,-1.5570750326443443,-1.7253799066634095,-2.074842718167411,-2.788178942363391,-2.2674179137279813,-3.1944734116473548,-2.1534484593889145,-1.6356694013468966,-0.5604728642487873,-2.983092693470915
917,-0.9721125319231881,-2.2253799066634095,-1.989880217446255,-2.2032164416422346,-1.8899741626462474,-3.1095109109261982,-1.7294500061114397,-1.5507069006257408,1.316970886832947,-2.898130192749759
956,0.4451116428433873,-5.6423520219317815,0.7702034715157894,-5.912669807271184,-2.687213310566924,-5.52648302619457,-0.4298902388187768,-0.9977261894758714,-0.47183135180553193,-6.107583558378709
454,-3.8495562830049224,-3.8103424073845655,-2.782361467806833,-4.288178942363391,-3.7674179137279817,-5.194473411647355,-2.6534484593889145,-3.4281506517074747,-1.2679916138882092,-4.483092693470915
932,-2.2645937822837663,-0.5644158592197286,-1.197398967085677,-0.29953898061343265,-1.3899741626462472,-1.448546863482517,-1.0684859586677584,-0.8431881509863188,-0.18302911316705311,-0.8131676920286025
