strain_id,HUG1_PGM2_noMTX_noDrug_avg_logratio_Fitness,HUG1_PGM2_MTX_noDrug_avg_logratio_Fitness,HUG1_PGM2_noMTX_5-FC_avg_logratio_Fitness,HUG1_PGM2_MTX_5-FC_avg_logratio_Fitness,HUG1_PGM2_noMTX_Fluconazole_avg_logratio_Fitness,HUG1_PGM2_MTX_Fluconazole_avg_logratio_Fitness,HUG1_PGM2_noMTX_Metformin_avg_logratio_Fitness,HUG1_PGM2_MTX_Metformin_avg_logratio_Fitness,HUG1_PGM2_noMTX_Trifluoperazine_avg_logratio_Fitness,HUG1_PGM2_MTX_Trifluoperazine_avg_logratio_Fitness
1005,0.6112346058668364,-5.344830034818759,0.057375851400604236,-4.636633448838635,0.040021525113309364,-6.213427901660358,-0.5996750833974579,-4.757772130952141,-0.2677299875462426,-4.607715679425896
1007,-0.0871497503394228,-5.815383190291975,1.141084924316473,-6.183188151034376,0.8390477751941093,-5.391499806772996,0.9541917733241492,-5.228325286425358,1.871504611896286,-5.578268834899111
1013,0.9086701022342087,1.5255288296948977,1.5437443740525314,2.992704089667934,-0.38397692816416573,1.015034479853003,-0.12895702964476197,-1.3132877871465136,0.5485844796294925,4.013342077128773
1016,-0.9316807649003711,-8.233235705177872,-2.3645052471995567,-7.893521916280852,-2.47094039416407,-8.809352321658894,-1.7511151595903653,-5.479227433034536,-1.7377914743077485,-6.5426760519807505
1018,-0.3026115538017145,5.033486463268707,-0.7064095670158057,3.593305078080003,-0.26457077607992663,4.2150442403006565,-1.024424549257549,0.4864287046182311,-0.8972076869141059,2.5287466523911
1020,0.6870761673830641,1.876250012149622,1.4927590917506235,2.3987456811041454,-1.006910180164189,-3.069325464825299,1.066495031519354,3.23015545584402,1.0971700359928425,3.3157961521650714
1025,0.4209662796098422,-3.7698963602682296,-0.22094409821024058,-4.052145362814253,-0.0022774271546727176,-1.737397618638916,-0.4328854322607345,-4.136283754205872,-0.6969086966265786,-3.2787085530402034
1027,0.5708061199120394,-2.900345691013131,1.7784870157031414,-2.192149105033007,2.3235418214752563,-3.4764623074941516,1.628329556770117,-1.5208065367859354,1.2132382922559728,-1.0782688348991114
1035,1.475820648090004,4.756627244341471,0.4100042186200384,3.9280080596338482,4.49845886720388,1.591392335558048,1.0057733078518516,2.2089092725327135,1.151809918363206,5.715619923264994
1038,-1.1116984919899577,-4.07342078928947,-1.8090321243768204,-2.6806072984764864,-3.0456919881904634,-5.845696117159871,-0.948423002535024,-2.27884413578343,-0.5672264246336527,-2.5790198474817276
1040,0.010751806089231583,-5.232355305560347,-0.4167830731008595,-5.024158719580223,-0.4818442301157459,-4.2061863499167655,-0.8139024494381424,-4.719075995900658,-0.26386406348897135,-4.765525140848834
1046,0.12943775296216858,-3.7222737859004935,0.030151959389415964,-4.514077199920369,0.35183358565844,-3.844945104577255,-1.0043427264903801,-3.2667330849507725,0.5862995982078206,-3.48515943050763
1050,0.3030221476995069,-1.0329307661020235,-1.0742032140025397,0.2312488646798472,-2.376897896665836,-4.7234567278309845,0.6030279531673607,1.4395025145540732,1.209833026197526,-1.5065482949282982
1065,1.0500165680363398,-1.154419142848294,0.7024854689806164,0.5645173068370564,0.20098557255699048,0.30465890461638445,0.13729051076874843,2.1468886405610275,-0.3016353794410535,-0.4173047874554301
1069,-0.2049147786010178,3.4169126552765237,0.12157466835045914,3.4896011101441697,0.33666507227457193,3.610670972141631,0.28436338706525716,0.8904436700815584,0.3146386170052686,3.0442902202763706
107,0.8157510955811916,-6.637611784046605,1.0786913831675011,-7.590379245510162,-2.7527602241145366,-5.921247150167048,1.0069740530653453,-3.646876419151185,1.2127077351758013,-6.692978679014319
113,0.926052811314547,0.07529666647035506,1.9100042186200383,-0.05922439431258275,1.2009855725569905,-1.8914998067729956,-0.15519073959182975,-0.4358440360647791,-0.4514155203705074,0.4217311651008887
119,-0.47762464971425506,-0.6544191428482938,-0.38247703174053965,-0.6071866043118506,2.2009855725569905,-0.8914998067729957,0.6372905107687484,-1.228325286425357,0.8223283772807394,0.21421241546146674
124,-0.0565148849118136,4.384265933768114,-0.2920395613958142,2.9165896703200125,0.335451131234314,-2.934802491860763,-0.6664282559697394,2.1210528505279536,-0.32340370358287773,2.0091198047888
128,0.26355855200245004,-8.30406787706414,1.4737144486364993,-7.96435408816712,1.428147619470119,-7.880184493545162,0.4906026597829042,-6.132047472476367,0.6283460681103722,-7.566953521671277
132,1.1240935810723416,-6.4536392774942835,2.030450688439145,-6.795210528289616,-0.5335930536165157,-5.737274643614726,1.6990046704389976,-3.889483218434228,2.038578286084998,-5.21652492210142
133,0.1557686206331956,-3.815383190291975,-0.041565011753667336,-4.268150651755532,0.6382201315150611,-3.8914998067729956,-0.6551907395918297,-2.8598424893422543,0.2420960411841162,-2.285787584538533
136,0.8357030747963031,-5.485308191734287,-0.9542034267811005,-5.645594402837266,1.2009855725569905,-6.061424808215309,0.4208108071306952,-4.690731538228247,1.7408672113403474,-4.748193836341423
14,0.3840454104113304,1.7327688230291205,0.09693812066682048,1.759065225238679,-2.574387820134631,-4.450393495826564,0.8872042436754732,0.7720112638952151,0.9528071050331769,2.039303646866376
146,0.14764347616690085,-2.2349215618095926,1.1100002189713607,-0.8171408279014728,0.4875529286394134,-4.403713719440968,0.6229254183014875,0.4560934841740857,1.031605802394433,-1.4728942804780436
15,-0.02209151392439937,0.992302508139586,-0.47791269007409615,1.685526926688456,-1.3175843392137114,-6.000024263551165,-0.14034489712342735,1.014543229673214,-0.5313606583072663,0.5187470105936779
151,-0.4776246497142549,-4.400345691013131,-2.098956735378593,-3.692149105033007,0.11602307183583438,-4.476462307494152,-2.2401532403129862,-3.1057690375070917,-1.3016353794410533,-3.1632313356202673
153,-0.3593177269179235,-7.781167474954062,-0.8799423469013414,-8.072970888973938,0.4379049990045054,-7.857284091435083,-1.946426577164098,-5.732693501348674,-2.2076248537325793,-7.544053119561198
17,-1.0241793519099958,-1.522901939931397,-0.6749582821011179,-2.1831881510343756,0.7009855725569905,-0.4380545089687364,-1.9476719899524078,-2.020806536785935,-0.42419162835931923,-1.0782688348991112
171,-2.618078474184032,-1.8532228123295265,-3.2585837156731117,-0.3439207355277356,-0.5247264474609752,-6.997322300024216,-3.6707271100221397,-3.2861855696773095,-2.7482994520247814,-2.684091328150332
175,-0.522738097643435,-6.344830034818759,-0.851588932947195,-8.297597496282316,-3.3284612719697932,-8.213427901660358,-1.249112785431117,-6.146575920283917,-1.4233905760610683,-7.400196929786473
180,-0.8982341488938569,-5.270829453374983,-1.3582442870722202,-5.355114117755436,0.6855010834781077,-6.139427320216582,-2.449672955231156,-5.76873405022952,-2.1958833268441973,-5.326196348342696
180_2,-0.4691996846560642,-6.543303644855174,-1.1602156420440553,-5.931429597846248,-0.6732553159657673,-5.958456213892514,-0.9207049423521387,-4.19446476296005,-1.3112000629356457,-5.80618928946231
185,1.6073378510069012,1.8935430671509739,1.6175229682594603,1.148294355326839,2.4934668229175685,-0.3914998067729957,1.456005471076394,1.6125867335615154,1.7833271212801027,2.006693665822045
187,0.6612127787045636,-6.607864440652553,1.186196454672309,-5.56063190211611,0.9239911239944784,-6.476462307494152,0.7881656172436144,-2.6845938658001876,0.26629050429269596,-4.370750085259689
188,0.5272902301190577,-6.652184956876363,2.081809649369485,-6.736469621256816,-3.1770472741233844,-4.935820322996806,1.1063768535747611,-4.190657935093604,1.4648792772578438,-6.046587804400397
192,1.426052811314547,0.7068138693872519,1.2784870157031414,0.024330598605046397,2.2009855725569905,2.0374906907907904,2.0745250697268185,-0.5208065367859351,1.7260058383095416,0.875176462905148
20,-2.316660602270574,-3.0229019399313968,-1.8824770317405397,-3.9756694013949536,-1.0914956778035876,-3.8914998067729956,-1.9476719899524078,-4.020806536785935,-1.4241916283593192,-2.578268834899111
209,-0.6612033241544351,-5.903558825592848,-0.724726118876575,-6.467522497724628,0.4603826464919074,-5.4299076052984105,-0.8029186813549156,-6.012659633115609,0.19635808930563484,-5.070121931228787
210,-0.627404790643709,-2.2304206895708187,-1.5139942346574369,-2.4756694013949536,0.7009855725569905,-3.8914998067729956,0.11696951852007534,-2.6171290757571333,-0.34819008163679405,-2.078268834899111
226,-0.5670033973654062,0.0942462142547296,-1.2743286466199355,0.8450951671669399,-3.3839769281641656,-6.57278484646535,-1.3337971741994303,-0.18393116706690374,-0.6674618520997945,-0.24205616391336365
235,-0.1414119787285072,-4.400345691013131,-1.467439532461696,-5.353113152476688,-0.5914956778035875,-3.4764623074941516,-1.2401532403129862,-2.605769037507091,-0.6054766680516734,-3.6632313356202673
240,-0.9549666764135971,-7.241647944994073,-3.467829766455765,-8.19441540645763,-3.0177604325056855,-7.3177645614750935,-2.8355289461290907,-6.654590041127456,-2.935418883782573,-6.504533589601209
248,-0.35579010923082377,2.1099665231754114,-1.9685946128052965,2.7812622849179056,-0.8579081164965778,-5.03535599654772,-1.3953694683377524,-0.9628903874596528,-1.6235634743284155,0.7513281125543626
250,-0.024179351909995817,-3.315383190291975,0.2157215746612119,-3.9756694013949536,-0.29901442744300955,-2.2305357593293142,0.45600547107639416,-2.3598424893422543,0.30552418095932943,-3.078268834899111
252,-0.6851433993536771,3.3339345130751457,-0.08999578137996161,-1.6831881510343756,0.7009855725569905,-0.16178399745434702,-1.1551907395918297,-1.3598424893422538,-0.8016353794410536,1.2719510241714347
253,-0.24065905554804895,-2.900345691013131,-1.098956735378593,-2.449435691447886,1.4085043221964124,-3.4764623074941516,-0.2401532403129861,-3.105769037507091,-0.864400820482983,-2.6632313356202673
254,0.6664484887671694,-8.9592393800667,0.7052453480804911,-8.327044340809099,0.17901389876319196,-7.081910698743461,1.1912906367946294,-4.3835415144501235,1.4744889777933892,-7.561160977230155
257,-1.7863126364267967,-0.8840645115125781,-3.4702628140322673,-2.020348036160141,-1.244752199053925,-4.420242554103376,-2.6665507778418718,-4.8968427800641425,-2.848190081636794,-3.2315253561494486
258,-0.30885472861554325,-5.137311285179337,-0.15588068158813334,-2.4164230884602516,-1.6113881108565196,-4.631678535518918,-0.022392279641021945,-1.4437093742895404,-1.2594671565793916,-3.3314451679115065
27,-1.073947188685453,-1.8153831902919748,-1.6749582821011177,-2.107186604311851,-0.5914956778035876,-2.0990185564124175,-0.04399452892360578,-1.435844036064779,-0.21667287871989735,-1.5782688348991112
270,0.814856600646323,-1.8153831902919748,-0.17495828210111788,-2.7681506517555317,1.4085043221964124,-1.8914998067729956,0.6372905107687484,-2.020806536785935,0.5485844796294926,-1.0782688348991114
271,0.2025867381020769,-7.741647944994073,-0.7142413525864371,-8.69441540645763,-0.446387794129921,-8.317764561475094,-0.20178879069659758,-4.993625993683774,-0.5036806386386589,-7.004533589601209
272,-0.9776246497142551,-1.3153831902919748,-1.174958282101118,-0.7681506517555319,1.2009855725569905,-1.8914998067729956,-0.44767198995240787,-1.228325286425357,0.1518099183632058,-1.0782688348991114
277,-0.9776246497142551,-1.3153831902919748,-0.17495828210111786,-1.9756694013949536,0.4085043221964124,-1.3914998067729956,-0.9476719899524079,-2.020806536785935,-0.5091541290804753,-1.0782688348991114
286,0.1252106816493725,-0.11744381268006561,-0.43175474695386384,0.23305734210556714,0.004202588068980995,1.8682298996293052,-0.09000269269219235,1.4132656303734754,-0.6164953069785899,-0.8086089173163894
289,0.5901645620239674,-6.1227381123495785,1.3837705086729704,-5.99054307309198,1.9963236485147653,-6.1988547288306,0.7068225296375241,-5.167197411399858,1.5674796996638765,-5.385623756956715
29,-1.3831077375192466,-4.1373112851793366,-1.4968863769884804,-4.590078746642894,-1.4134237726909498,-3.42094665129978,-1.4771188344791921,-2.8427346316732973,-0.5386009736072596,-2.900196929786474
291,-1.212367291364865,-5.7222737859004935,-3.2893676273490584,-5.17504124736405,-2.7059050230515282,-5.298390402381514,-2.4508851245321246,-5.427697132394454,-1.9546286549502239,-4.98515943050763
294,0.6987306595210493,-5.76957950067885,-0.4394654089523622,-5.929865711781829,1.1640247871622262,-6.845696117159871,-0.09820314346447784,-4.571325386144009,-0.10151996726235918,-4.739983894925409
296,0.295721825210736,-7.619163938469078,0.05285316571152812,-8.279450149572057,1.1514323562132898,-8.195280554950099,-0.012257515546019795,-3.8711419871587793,-0.04693958819378166,-7.382049583076215
299,0.9554400378801879,-5.774814808929272,1.6319402545602109,-5.823904809364027,-1.8547685850515045,-6.350931425410293,1.9001650502361245,-4.687756905062654,2.1793525172715604,-4.376736406092728
307,-0.6395359112979535,-5.154419142848294,-1.99179717497821,-4.703509143283049,-3.4305316303599063,-5.391499806772996,-1.9942266921481486,-5.359842489342254,-0.6938688795682256,-4.285787584538533
308,-1.3926621489930988,-1.654419142848294,-1.174958282101118,-1.7681506517555317,-0.09149567780358758,-1.5990185564124175,-0.9476719899524079,-2.228325286425357,-0.5719195701224048,-0.7857875845385333
31,-0.9776246497142551,-1.8153831902919748,-0.674958282101118,-0.8147053539512725,2.2009855725569905,-1.3914998067729956,0.05232801004759213,-0.359842489342254,-0.3016353794410535,-0.5782688348991113
311,1.9031509665079844,-1.0229019399313968,0.11752296825946018,-1.1071866043118506,1.9934668229175687,-1.8914998067729956,2.2222530114899044,-0.859842489342254,2.5485844796294925,-0.28578758453853326
312,1.0344257404121997,0.6635305901248971,0.6004151105905038,0.5262066660356002,-0.9305316303599063,-0.5768214967331909,-0.3049708805212835,1.0235875825725183,-0.00354050136884837,1.8113856520808373
32,-1.685143399353677,-2.315383190291975,-0.674958282101118,-3.2681506517555317,-0.09149567780358758,-2.8914998067729956,-0.6551907395918297,-2.020806536785935,-0.5091541290804753,-2.078268834899111
320,1.3214660646485488,1.8847531016252024,1.0873052596100932,1.5460929528098006,0.6812334847827589,-4.184307680422127,1.4183493283292237,2.400955331377517,0.9236435531865583,0.4984833846043336
323,-0.20757051724580747,-1.2190606513207771,-0.6676348941189173,1.465028066217505,0.6123333066530355,-1.9370737508020932,-0.4403486019702073,-0.9244839978147374,-0.5215274602483184,-1.0931425065961373
325,0.5428744455324925,-8.454934542690768,0.4911036488955074,-8.115220753793748,-0.4490914079115357,-8.738569908811211,0.43526584105847155,-5.353002967127125,-0.4083840001626823,-8.425338936937326
33,-0.8166606022705739,-2.815383190291975,-0.013994234657436738,-1.6071866043118506,-0.09149567780358758,-2.8914998067729956,-0.9476719899524079,-2.020806536785935,-0.8016353794410535,-1.2857875845385331
335,-0.7064956248307961,-3.720866278096967,-0.9975911621158158,-0.3101213595152899,-2.391226713011723,-7.213427901660358,-1.810168466202473,-0.4323958339317717,-1.182624120528193,-3.230271928344161
336,-0.9252323428019591,-1.102026835935998,0.3487517348852205,-0.8289855681730776,-1.1879999850812644,-6.868779730272912,0.17281108887077368,-0.8812017350623889,-0.18624527602647023,-0.8696604362300661
337,0.4397744290008746,-7.522901939931397,0.5247140627352465,-8.975669401394953,-1.1664022589807004,-7.8914998067729965,0.7401362341851236,-5.085624176994233,-0.041963146549374136,-8.078268834899111
339,0.522375350285745,-0.02290193993139672,0.7784870157031414,-0.9756694013949537,4.400001109543568,-1.3914998067729956,0.8448092604081702,0.5641559639352209,2.020292715446309,-0.07826883489911135
347,-1.8976472933705626,-6.774814808929272,-2.230712439709613,-6.27413697258857,-2.597481998636625,-5.850931425410293,-1.4765601555920078,-5.284079444033852,-2.968585747717772,-6.5377004535364085
348,-2.7701059000748334,-2.23938164356945,-1.4674395324616962,-1.2197198821292374,-0.6764581785247439,-2.476462307494152,-2.032634490673564,-3.105769037507091,-0.00915412908047547,-1.8707500852596894
350,-0.12627326488942464,2.401590464513368,-1.0288679063544626,3.966992020575217,-0.4951731388323898,-0.7636723690388977,-0.447671989952408,0.016837526866183117,-0.6555450036943985,1.7820714203902468
354,-0.2732559969088599,-5.76957950067885,-1.5171537553889407,-6.561382914698726,-2.753210737829885,-6.053214866799293,-0.8456485469485071,-4.814038799729129,-0.9249426409419353,-5.532465145285986
358,-0.35548596811326144,-1.049441116636836,-1.2964525139171357,0.32231552354534987,-1.8929378821627965,-6.146387308936464,-0.7813843204089723,0.7153571145289761,-1.3026255615051738,-0.3597031998343811
359,-0.6431112669594399,5.2354897717815785,-0.00824641523852205,1.7544834558137348,0.3790574776696282,-2.552463854216677,-2.0679285754443555e-05,-0.21404071032697158,-1.9625994268847344,4.6984882171434394
36,-0.6851433993536771,-1.8153831902919748,-1.174958282101118,-1.9756694013949536,1.4085043221964124,-1.8914998067729956,0.05232801004759216,-1.5208065367859351,-0.1406713319973722,-0.5782688348991113
364,0.218534061675125,-0.022901939931396886,0.6175229682594602,0.23184934824446818,6.294249056946712,-1.3914998067729956,0.9560054710763942,-1.0208065367859351,0.8410657299900706,0.21421241546146674
375,-0.027302323684714754,0.24899446283654159,1.4375557595259065,1.087817026733929,-0.6281923071779294,0.4833102312144133,0.9061124917336908,1.6266177740021304,0.7374645805196322,0.5758533472977452
383,0.21251443686366786,-5.770829453374983,0.8742181803598396,-5.612400704170315,-1.0174950963598106,-5.346946069856003,1.3917073202219772,-3.585572943106613,0.5572930061681973,-5.826196348342696
385,-0.573947188685453,-0.31538319029197487,-0.6749582821011179,-0.10718660431185069,2.0694683696400937,2.188435861616199,-0.15519073959182977,-1.5208065367859351,0.5485844796294926,-0.07826883489911132
392,0.5033947554995094,-5.270829453374983,-0.07223256456539123,-5.855114117755436,-2.6097073819285246,-3.1117861024659863,-0.10813666214565397,-6.476252799868943,0.9375995852978813,-4.6652323008990155
397,-2.4250836266854763,-7.807236286621649,-3.7761315216684626,-8.760003748085207,-4.6796713131044605,-6.590871652742092,-3.411883868531488,-4.974251834590195,-2.123981041645688,-7.570121931228787
399,0.2632315984249314,-6.207700613070735,0.8921559137574191,-4.867986824173714,2.6301452615183964,-4.283817229551755,0.7698973627152688,-2.066380480815033,1.382981525391806,-3.6781050073172934
40,-0.47762464971425506,0.7492583181805083,0.9860057653425633,-0.5719919403661515,0.4085043221964124,-0.09901855641241764,0.3448092604081703,-0.7283252864253572,-1.0091541290804753,1.8254086261296907
400,0.26818839136850486,0.979048257318806,1.2029860224115994,2.9343657954029876,-1.815525665156466,-4.984012591208977,0.3295265455924748,1.8036647693026615,1.1739590280315686,1.662774151702421
406,1.1586659625012228,-7.024836555920924,1.1162924494663367,-7.477604017384481,-0.16288684079541832,-5.557221751776775,1.1428673759868637,-3.4843333542500474,1.2387135382753216,-6.78772220052806
408,0.30502750129693046,-7.172935194910059,-0.17388628380537868,-8.125702656373615,0.13779088573003861,-7.249051811391079,-0.0724407921657923,-6.878358541404019,-0.9010911451194538,-5.935820839517195
409,-1.8328713411167628,-0.09873858837444177,-0.40970092375172806,0.6036640104680767,0.8235418214752562,-2.900460760771627,-2.213919530365918,-2.868803443340885,-0.4576073825984236,0.09854964240823877
40_2,-2.1851433993536773,-2.315383190291975,-1.3824770317405397,-3.2681506517555317,-0.5914956778035876,-2.3914998067729956,-1.4476719899524078,-2.520806536785935,-2.0091541290804753,-1.5782688348991112
412,0.5661067709109147,-0.49666822998432913,-0.4379926879349116,-0.26315860746922093,5.173761680545803,-1.0990185564124175,-1.032634490673564,-1.0411275290346083,-0.5941166298016316,3.248651304274562
418,-0.573947188685453,-1.315383190291975,-1.174958282101118,-2.2681506517555317,0.9085043221964124,-1.3914998067729956,0.3448092604081703,-0.728325286425357,0.8223283772807394,-1.0782688348991114
419,1.197030384366081,-7.207700613070735,0.23765993870953536,-6.075505573813135,0.5238944256109961,-6.491335979191177,0.8125070608788965,-1.7862002170709939,0.9962946409366659,-6.470586257677871
420,-0.3283442299827876,-6.06331070373556,-1.6304045451841251,-6.22359691483854,-1.678459143803492,-6.139427320216582,-1.6156638350067987,-4.76873405022952,-1.0481553850811118,-4.826196348342696
421,-0.0836733700185392,0.7844529821262073,-0.4210609620017698,1.9932626982073716,1.4731458306688956,-1.4380545089687364,-0.43648808343818046,0.31540613419981256,-0.020514167330517225,1.0209536858270698
426,0.22989409992516688,-0.9003456910131311,0.13075907394005581,-0.4994335864362466,5.369920391935182,-2.4764623074941516,0.6970813186450846,-0.04112752903460827,0.35932866800262775,0.45117800962767274
43,1.1367846955336853,-2.815383190291975,-1.3824770317405397,-3.2681506517555317,-0.09149567780358758,-2.8914998067729956,-0.44767198995240787,-3.020806536785935,1.889136096151239,-2.078268834899111
431,0.029056563111973407,-8.97359467304377,-1.2827770075150193,-8.841399633786171,-2.108162984043381,-9.54971128952479,-0.8038095774242279,-5.614376511065247,-1.0964849932423164,-7.443999067290328
433,-0.44242998576855613,-0.8226329751395324,-0.32696137554616783,-1.136633448838635,2.3384890963069256,-2.6284654009392017,0.4265586265496101,-0.4652908805915631,-0.14067133199737217,-0.6077156794258955
434,0.7462971724667877,-0.36479044344560496,1.2853027072940517,0.018148685929484328,-0.7467119058283539,-0.64303857376896,-0.23397617510904883,2.374308404691898,0.02576568345384174,0.42100945666605427
437,0.49947350547918246,0.6440484283453223,0.2287191789276841,1.2499361545212107,2.8121817832252147,0.09714015497696252,0.37425610493495437,1.0255720336739909,0.8945233319483268,1.299174916182623
438,-2.325786454548685,-6.444666207236941,-3.058314750881247,-5.201274957311118,-2.635816194027398,-6.520782823717962,-3.3310284587325367,-5.1500895537309015,-3.448026254054976,-5.4150706014834995
439,-0.6043461816087231,-8.385238798622924,-2.8582442870722202,-6.434328799057678,-1.2064047442495145,-7.461355415103943,-1.9737961776581863,-6.137216847312624,-1.5600075153767463,-7.64812444323006
43_ref1,-7.403889404416352,-6.873165147910969,-7.186185537524372,-6.825932609374527,-1.771833884340848,-7.6102458118356715,-7.458899245375662,-6.947071291488033,-6.52038138450373,-7.297014839961788
43_ref2,-5.7429253569726715,-7.3674173284920546,-6.032471274928248,-6.887649579998666,-5.754726026671891,-7.236015195333653,-5.70722487779191,-6.815554088571137,-5.152620295855461,-6.241499183767416
442,-1.2300874214492632,-4.311127440364216,-2.170702532173359,-3.8675284579813933,-0.8629448983808936,-4.188262063885285,-2.3261836132061378,-3.9287650045664493,-2.350184723493594,-3.0825498416508235
444,-0.12740479064370897,-1.3153831902919748,-0.674958282101118,-1.1071866043118506,0.4085043221964124,-1.3914998067729956,0.7132920574912733,-1.228325286425357,-0.30163537944105345,-0.5782688348991114
446,0.07086466847101348,-5.6373112851793366,-1.485702470474253,-5.136633448838635,-0.9022398661767226,-5.420946651299779,-1.6846375841186139,-2.8205375719940706,-0.8180510756747397,-4.107715679425896
45,-0.27010590007483315,-1.315383190291975,-0.17495828210111802,-2.399667854672429,0.11602307183583438,-1.8154982600504708,0.6372905107687483,-3.6057690375070917,0.09050027503122804,-0.3707500852596896
450,1.8248063793651754,-3.192826941373709,0.9480674413019553,-2.984630355393585,1.7769871192795157,-4.061424808215308,1.0320070177989191,-2.2870540771994454,1.0753134505094686,-3.748193836341424
452,-0.46334007361586965,-3.6373112851793374,-1.7044051266279021,-3.136633448838635,0.63030764793422,-4.213427901660358,-0.9771188344791919,-4.342734631673297,-0.4581050352711073,-2.900196929786474
458,-0.22239683888337308,-6.666758129706121,-1.3216377534464137,-6.458561543725997,-1.650389366857156,-6.742874746187143,-0.44695100286545475,-5.434946917242011,-0.21696147545126998,-6.722125024673836
459,-1.2669389332138077,-0.648671323429379,-1.8301745101258844,-1.0200984618701656,-0.5097463116621478,-3.657912245465986,-1.5943514612977037,-1.1051921901989061,-1.3737999622208679,-3.9924092153551873
460,0.9085784999899031,1.7753230895780976,1.1488301168940236,2.2786110657820253,-0.2161357330992172,4.222896018715422,0.6039861165563577,1.1735042725247444,0.10459128034253501,0.7622021502872416
466,0.3443034451731073,-2.0229019399313968,0.7024854689806164,-0.8147053539512725,1.2009855725569905,0.06194549103126362,0.1372905107687484,-0.9358440360647791,0.6696218732285663,-0.7857875845385331
468,0.5943273122956076,0.9337375218541364,0.514153869549936,0.489384321948445,0.8729627731656713,-3.4585462545666372,0.8175340645470821,1.4589629767181242,0.05430754336051252,1.4926864777372462
470,-0.6610158150500666,-0.9987743556277864,-0.6676348941189172,-1.023861669607125,0.8936306504993864,2.5002833092211345,-0.5940628645663311,-1.1234659907746884,-0.2639913157889351,-0.4949439001943858
473,0.27808753714719836,-5.206687320152934,-0.256021571261619,-6.770650992284715,-1.3864772686933486,-6.025517350219076,-0.09807640398049114,-3.938344376593962,-0.6386772809129281,-4.580769175428294
475,0.17694054914949153,-7.954173842481017,-0.424193565944436,-7.639480394833795,0.29459927798447305,-8.382562517198952,0.3665668089340784,-4.70615189117072,-0.4174841628806265,-7.276850294964491
476,-0.8447632555397018,-11.706251353691012,-3.2200855346956807,-10.979070842611378,-2.5243121499957635,-13.235813267976292,-2.0614780805586634,-7.526260177168727,-2.0534864324809012,-9.857940787629925
48,-0.8166606022705738,-2.0229019399313968,-1.1863183203511598,-2.5222241035906947,0.5229136674443527,-2.0695717118856334,-0.4882403713151107,-3.3598424893422543,-0.4109555226787235,-2.493306334177955
485,-0.46528784462916506,-4.435267685320186,0.5583435598180878,-3.1490114983814204,-3.6150576338606006,-2.4676528811760368,-1.2990859920515123,-1.043664395646544,-2.1965034141517403,-3.1483854931518653
486,0.37771131426890436,-3.1761584611817337,-0.37610657269635867,-1.8341252248829527,-1.4083345706806796,-5.730535759329314,0.019311619422041862,0.4683028994488305,-0.8392291276381629,-2.6400103616166115
491,-0.1498805840998403,1.9323166020022633,-1.238504825028189,1.4762578619812774,-1.9191715921098647,-4.491335979191177,-0.7007646836209274,2.42723435865919,-0.2626341234404168,1.0199297715026403
493,-1.9133097645303245,-3.3943296844861264,-3.4836205856139175,-3.0889367283916704,-0.5188654553475969,-5.8814471499781495,-2.5136208798800865,-3.218272629630511,-2.555338836914836,-4.971893639133067
495,0.21863656781325602,-6.06729605928985,0.20842251912476223,-6.812544771113985,-1.5311631143475664,-6.274929878687768,0.12380698696861375,-4.543003596465162,0.21893396795568978,-6.1226629542575655
50,-2.316660602270574,-2.0229019399313968,-2.8824770317405397,-2.8147053539512727,-1.5914956778035876,-4.391499806772996,-2.3627094892312517,-3.020806536785935,-1.6406713319973723,-2.578268834899111
503,0.27385609351712115,-6.338945146348988,-0.5766357221772047,-6.338267310008286,-1.7788449628748526,-6.622580512469431,-0.31535978850694124,-4.75188724248237,0.662793801615841,-6.601830790956125
507,-0.783384041099425,-8.056324941468848,-0.7510018641676394,-8.009092402932405,-0.5214115192522716,-7.263958760866766,-2.0750063387326345,-7.054229538323385,-0.4525837209505292,-8.111691836436561
508,-0.46180922109524636,-5.902846031542314,-1.8555305277429386,-5.69464944556219,-2.5939960183327706,-4.186481397662757,-0.8696763921454385,-6.108269378036274,-0.8328784673006167,-5.66573167614945
52,0.050859756350283204,-5.80723628662165,-0.5092365973026424,-5.8065584502809475,1.1715387280302063,-5.7223888556589895,-0.5953999317154935,-5.135215882033876,-0.816481221909456,-4.777640680868208
520,0.05182219481252916,-2.23938164356945,0.8047207256502091,-2.192149105033007,0.11602307183583438,-2.9764623074941516,-0.24015324031298596,-1.4096103261177113,0.536147145309978,-2.1632313356202677
521,-0.8647341399219562,-4.777789442094866,-1.8524367297385345,-3.435575312668661,-0.5614553758015821,-5.646387308936464,-1.0633347630056358,-2.840511679157701,-0.37459239323975574,-3.7481938363414233
522,0.6798885113933684,-6.494269145732918,0.30164672647847424,-5.386528906715792,-0.38101451118561297,-6.242709847907662,0.6827122363090992,-4.814277969210634,0.2321587479132423,-5.540675086702002
523,1.1056941177030648,1.6524163340197418,0.7709982254734509,2.230550090870987,1.6988609088263495,-3.1568914868680578,0.9267145532964216,2.380756864067882,0.6911600920204546,1.5635176752517077
524,0.7598697387660511,1.998117550354316,0.45044766443920203,4.034872707921289,-0.09901537753565809,2.6245506148105164,-0.02367353667493298,0.4216190314356958,0.2691778964616333,1.6858315905311554
525,0.9133077559044789,2.554204158978779,1.822538265840601,4.760397538871832,0.6512177357815335,-3.609905673158852,1.692439591327401,3.9074306284446045,1.599678248601941,2.2981847341185024
531,-0.6950250267643922,-1.9617740649058981,-1.5288679063544626,-1.7718404169383308,-0.8138880991400356,-1.2159625864995562,-1.301581614205753,-3.5356802084829613,-0.8630637533338205,-2.5931425065961378
532,-1.281465938324875,-1.0229019399313968,-1.2712808210723159,-1.431937980769784,-0.09149567780358758,-2.8914998067729956,-1.4476719899524078,-2.6171290757571333,-0.3726448818772674,-0.8821101235097313
535,-0.3098787248803605,2.078355025898574,-1.6188474773012513,2.29055874694743,-0.02168592512540035,3.1721753438410696,-1.7065619894163255,-0.9526680058958857,-1.4756383763805911,0.14247002189583147
538,-0.49588758772681196,-2.1602131299858995,-1.2879601195455312,-1.189830996409488,0.3121817832252145,-1.510325398950931,-0.7484283949429245,-2.1568463095043358,-1.3761356820828166,-1.7170358226635658
539,1.513943413510676,1.7840161156511054,0.23066419264436996,2.1752540388243617,-1.5521907604554044,-1.0817228722821879,1.0668512278318463,3.6369690499578176,0.3132508592916708,1.9688481441864643
540,0.29392025729109794,1.2213975419898166,1.6898053757244351,1.911345490418008,0.37975481057366256,0.41073815443353,0.41754300056953,0.2623777922105489,0.7445389706405091,2.2485998329456827
541,0.8120715659499064,-2.5739527676471106,0.811057478181924,-2.141133936235188,-1.5643151347014261,-3.274033140849924,0.5383437703306342,-3.201144743323196,0.5099665813400475,-2.919571088880053
543,-3.128729991921996,-5.8376713234541135,-4.517298442720065,-5.26970046692959,-0.6160415515269726,-7.867233237739393,-4.616050498861202,-5.750613419587496,-3.941156139421704,-6.261521015504931
545,-0.737032191369368,1.158732505202734,-2.017513963887347,2.1084568187118053,0.26716737165978827,4.642780622034799,-1.2470130021608044,-0.36946452625211135,-1.8916874631574037,1.3286061554022548
546,0.19596455851021402,-7.1373112851793366,-0.16867394534959,-5.768150651755532,-1.4392401568986113,-5.628465400939202,0.12669339963418672,-4.073155226119281,0.24196342834792242,-7.400196929786473
557,-0.336668542127178,-4.796509880028591,2.2094640346710666,-5.0268849201557,-1.014883758830236,-6.4575889972307685,1.8690340331902369,-3.0854882194401805,2.125275591757472,-4.351876774996305
559,1.093990417674191,-1.2336338241505351,-0.8007276655991,-1.636633448838635,0.040021525113309475,-0.8227480448980282,-0.20495857636728698,-1.3892893338690382,0.4148443241969997,-1.6077156794258955
564,-0.36223454629967167,-0.38322693885198983,-0.4936732424087639,0.7681822679055974,-0.48240559277882095,1.1673879937053504,-1.1310631552882193,0.08322352837860648,-0.541937601297753,0.045694921822681256
567,0.031088886164836932,-2.8708988464863467,-0.25742044229309086,-1.1997025512281112,0.07124727934668826,-3.2689435578547297,0.1283295567701171,0.20728826618663726,-0.44629592811808827,-1.3707500852596894
57,-0.9016231029917301,-5.031862893930028,-2.571436053599612,-5.984630355393585,1.5931212270292718,-6.561424808215309,-1.3102420693371162,-5.237286240423988,-2.0874682184949025,-5.748193836341423
571,0.47477662172288837,0.6768907716900032,-0.4330503934689896,1.803247364288108,-1.7254014508514204,-0.9173161909806566,-0.07891911071349371,0.5755640306502716,0.48852894849206474,1.0072316606128118
574,-0.5320706196992899,-5.874276879345543,-0.0957897685175676,-5.619525591169678,-1.1113881108565196,-6.03535599654772,-0.37291222920739336,-5.4685040151712805,-1.0589219658559326,-5.722125024673836
576,-0.5026389651136595,-6.337751003320429,-0.23533741064395428,-5.33108684614669,-1.160418193027783,-3.9544360011641526,-0.9476719899524082,-6.250693099453812,-1.452217098001691,-5.439672600483885
578,0.6213732338002351,-0.07675025518245449,0.6627169551476043,0.6564576959121511,0.7533900450859331,2.508470352783787,0.09403721952831554,0.6491661428691868,0.6914658469201751,1.1685630608686957
58,-3.8572913533115853,-6.837751003320429,-5.243880797325313,-6.70555596406283,-2.321382240471464,-7.413867619801451,-4.385077302259706,-7.250693099453812,-3.4772597137198455,-5.196959186898765
581,0.8681380708687645,-5.815383190291975,0.8665735902568863,-4.703509143283048,-1.9487945683724635,-3.462509309209209,0.06731668334238186,-6.228325286425358,0.5913717780711601,-4.91730478745543
586,0.36354273143593174,-5.511571927177018,0.07563103838585532,-5.0428675492262425,-2.914174785273566,-4.471465500657853,0.438614706497941,-4.569267331907893,-0.22817013361818184,-4.6844682387310375
588,-0.8571205999623575,-3.274814808929272,-0.49168879130729093,-2.4816557222279916,-2.258446046080307,-4.558450175049715,-0.7831398518679122,-2.491598193673274,-0.6874645356072362,-1.7452192031758305
589,0.29381983275026513,-8.49871505076411,0.2353820274454456,-7.951482512227668,0.5363871512228037,-6.6508332139676565,0.10860366056761288,-4.800460936229269,-0.16258140368004073,-7.018887281786126
590,0.0821661581620812,-5.248342597568081,-1.0149844167215571,-4.749590923975182,-1.6207776240508913,-5.192942011132205,-0.4557568385873162,-4.190731538228247,-0.3179599763129611,-4.879711039258321
596,1.323743951510311,-4.774814808929272,0.9033496740055933,-3.935101020032251,3.07658698846848,-4.058450175049715,0.8546773694388013,-3.9802381554232324,0.8515367203934006,-3.2452192031758305
598,-0.23433896515866348,-0.7620146490808466,0.48877895159588475,0.9056340604609903,-0.24802064957404224,-0.37826370109240004,0.8475647037356766,0.7961960548073568,1.1715336634261018,-0.18768613586074084
599,0.6996764220562088,-0.042265178186353225,2.0767639819014843,2.055683512792494,1.25125665350599,-5.746638114504584,1.4544452655686309,1.9287533081745942,1.3859957375824261,0.24015650628752339
599_ref1,-6.059454728530799,-9.0581773165522,-6.171825860196506,-5.652963782888185,-5.96580700698071,-8.426775183393799,-5.971763460058984,-5.922688643059288,-6.061537363370235,-8.321062961159337
599_ref2,-5.4150618565185855,-8.799198967556231,-5.35141913730777,-5.861286572257459,-4.621866157263584,-9.375315584037253,-5.527810306187862,-6.712141063689614,-5.555735347386661,-8.062084612163368
6,-0.7054073026449821,-5.06331070373556,-2.545442044462969,-4.855114117755436,0.2749861540007673,-4.478463272772901,-1.706959541646035,-4.8650565892007185,-0.9746893331322979,-5.326196348342696
60,1.9447574075122618,0.3273179191391494,1.9226642628326702,0.890761196521781,0.08246597390656607,-6.350931425410293,1.900883595489726,2.4542816052450402,2.75051507859322,0.6798742156470566
61,-1.316660602270574,-1.8153831902919748,-1.174958282101118,-2.2681506517555317,0.5694683696400937,-2.8914998067729956,-1.4476719899524078,-2.520806536785935,-0.6054766680516733,-2.078268834899111
611,-0.3557167074840818,-7.8357848952157525,0.17386209408032796,-7.884874895650507,-0.25793025538335657,-6.204382762057351,-0.23797374734639337,-5.371283240267401,-0.496623397295447,-7.891151790183467
616,0.4184254997865865,1.0325867315904216,-0.10715097083211247,2.202775681023831,-2.1057826824811663,-1.1595300515516827,0.0555387160481156,1.3159928012192599,-0.23100805190742285,0.8291545012517657
619,-0.08694479295192528,-1.654419142848294,0.3472387775781089,-1.5982256503132195,0.36194962000067166,-3.0990185564124175,0.21329205749127336,-2.020806536785935,0.460145598587453,-2.078268834899111
622,0.2145555380238594,-6.26957950067885,-0.46734571084220455,-5.733707000392449,-2.1388013925819447,-8.053214866799294,-0.08368343787713288,-4.109343331660279,-0.35205360139846903,-5.371501097842305
627,0.9609469763929781,-0.12273811234957903,0.7930601885328994,0.06509722649079647,0.5724066528084282,-2.269864231266814,1.1114807488329692,0.6187736935490082,0.47314891765192735,0.8751764629051477
631,1.5340023701735248,-1.0623776106288076,1.5703989309746185,-0.15084466677076838,0.011729760930125566,-1.9343647437859375,1.7400791040106873,1.4461522547125067,1.5748394429597454,-2.456780458152841
632,0.6508697602853046,-3.3818303255406477,-0.16616358372586623,-3.0538352658149326,-0.3917126325453858,-4.105674883784754,-0.35700407832056225,-2.93699911640838,0.14017502870178203,-2.324375742489928
636,1.461247475260246,-2.344830034818759,1.1282628319646861,-1.7681506517555317,0.5400215251133095,-3.42094665129978,0.5666125861459776,-1.2577721309521412,1.1460159312256,-0.9001969297864736
638,-1.1113239135892163,-1.8858446565423952,-1.8156013372961262,-3.1636308936589996,-2.249521442078934,-7.228301573357384,-2.311264276639218,-1.1162043250069897,-2.7032547862337397,-2.2785613542802916
639,0.27511573746596973,-0.6544191428482937,-1.0200306508077244,0.06446795187001948,0.28594807327814664,-2.104045388744379,0.017696678829035195,0.23791880421164224,-1.435410322919197,0.47337506930689943
64,1.101528714442733,-0.28126275963556435,2.238728949808578,0.13886817201445567,2.2978714442553305,-5.213427901660358,0.6713392689604524,0.9790807438575664,1.683302486293869,-0.9837519227041029
640,-0.48566694874566896,-0.41983256946320907,-0.6150921124365698,0.6618178668193708,-0.6710169537560228,-4.364319263670835,-0.42899465950309157,-1.221465735571869,-1.9091348583804963,-0.776869979448929
642,0.13181636379386436,3.311966105900921,-0.522823736115701,3.861668646777895,-0.10241952993041231,-1.6660650042060592,-0.6727025511359099,0.9232559728441944,-0.8751040938999031,1.4341459261759835
648,-0.5477134787383852,-1.0946283349719574,-0.38545166490613314,-0.5204451938840999,-0.3079753814416406,-0.15694272075567745,-1.0326344906735643,-2.605769037507091,-0.5941166298016315,-1.0520351249520439
649,1.0767290163195617,0.8238902949811951,1.8285891297463635,1.537985857605042,-1.5030941326234877,-2.6003513982889093,1.0620048855490065,3.115626115502005,1.2614262007001205,2.1795437483809703
65,-0.573947188685453,-0.8153831902919748,1.11752296825946,0.23184934824446823,1.5694683696400937,-0.8914998067729957,1.0523280100475922,-0.728325286425357,0.8593286680026277,-1.0782688348991114
651,0.3465770800904997,-1.3769100535563155,0.7017275120752751,-0.33100132320111036,-2.2376138827788665,0.5283104685561222,0.8905965261955708,1.1114701923317996,1.0401107026846017,-0.2725018948930815
652,-0.25204012464461895,0.25609361661134133,-0.49694568185215615,0.7988791226871216,-0.5102229422652301,-3.2951772678017974,-0.7151178694038349,1.1064908703491922,-0.1848622231682091,-0.8278174167211307
653,-0.3603312610557986,1.3276416192823746,-0.3038127004496798,2.202838575667941,0.598926596286474,2.83479174297937,-0.10349682438123632,-1.4287128256434676,0.17247334950767357,0.43547153331194244
657,-0.30533224371692574,-1.2871324688967993,-0.9448545472445131,-1.650164791583357,-0.048517885163154584,-1.0272980164416046,-0.8863307300649936,-0.9835061916292903,-0.5872137300391164,-1.8987644614292862
658,-0.9432821388746806,2.987781634367314,-2.249504031113691,0.9357757172140404,-4.211891343884566,-4.350931425410293,-3.7403917417271098,-0.44102930459956635,-3.940293983534589,1.3471358349635472
66,-0.8473518649100833,-6.405544989293238,-0.8606379936427504,-5.247116240088571,0.12200768006995472,-4.189180355413681,-0.5766654772528661,-6.110968335787199,-1.201025702850024,-6.460911884260952
660,0.27020054901363677,1.7391163119493345,-0.6441997783352995,1.7271008257481855,-3.0306563995094615,-1.6960559269979907,-0.015598731734865492,1.4357602412371877,-0.5606985378660175,0.8883286250811021
666,0.30913710893129775,0.9125299560506638,1.5137874538321836,1.106390663526772,-0.8278724475380697,3.3717135987003743,0.49410453329428705,0.03269329817530298,0.6307646012811419,0.5658974853042862
667,1.3733346738192478,-1.2480901701081546,2.163325875160007,0.1625452324012808,-0.33742222596842475,-1.8550340455460699,1.2311648280120548,2.2195883144820154,2.2708384815684886,-0.38696082410587807
668,-1.8615521697537405,-0.4276120161814125,-2.340680227104898,0.2815074025733313,-0.19378948303215432,-0.351279355963646,-1.810381876831695,-3.7768146046106255,-1.6102345656117723,-1.7696353942513185
673,-0.096969451449128,-2.1909772897309074,0.4583836988694965,-1.5096420003964353,-1.7429837287272454,-3.7224213480587354,0.8379685854457473,0.7051575119785359,0.631743746431989,-0.9292941395926975
674,0.2694887360358151,-0.9285281873159654,0.9259780957585327,-0.8579373993260071,0.5176995675858883,0.4523322199990617,1.1278204624925179,2.22236725080496,1.7100632622350387,-0.1349518801201736
676,0.23920183732415587,1.3886570639821778,0.5615215350544092,2.0366871282479897,-1.108063370100787,-1.4091764116951044,0.7613278820132883,1.3173043515408387,0.7757750999535096,1.3882915934627404
677,-0.5874899605207218,-5.56331070373556,-0.9399936532136599,-6.016078165199117,1.7049709281112804,-5.639427320216582,-0.9803732275632278,-5.26873405022952,-1.1572454701058787,-5.326196348342696
683,-0.8104535170837259,-4.824344144290606,-0.23288244644437783,-5.438075653197844,-1.6764581785247437,-6.061424808215309,-1.2604742325616587,-4.39825028786767,0.7443189936997122,-3.2947485385371644
685,-1.0533378729086609,-5.8376713234541135,-0.7211670098897306,-5.539188614653079,0.8387592384151591,-7.367233237739393,-1.1105509993865734,-5.0371083491150355,-1.5229762293751952,-5.55400226586551
689,0.3703108451173679,3.433543537578273,0.47961847609748465,3.3227489990402086,-0.14534351375591276,5.417522072299995,-0.6613287930048135,2.6066381473811076,-0.6227927729091368,2.9539877946846254
690,-0.41988604100428706,0.7893434925225,0.07511225172651256,0.23580422841184978,-0.9540657571882959,0.8853681647108397,-1.2401532403129862,0.801121558101427,-0.9251818104234396,1.6261122520270668
692,0.5317931070212814,-8.199087482766027,1.2484622892695303,-8.859373693869006,-0.07293276878002719,-9.275204099247048,0.7367488152388348,-5.500833368231186,0.9460272025018289,-8.461973127373163
693,-0.30133343402473567,-3.3192556288696173,-0.788841479115611,-4.303774561486253,-1.279122680979359,-4.184410302918597,-1.1980644341701088,-3.2884039963965517,-1.0581254721439068,-2.681923519417847
695,0.2892685270974578,0.28451356138473094,-0.9020350968737328,0.43434126555192865,-0.9577555223710946,-3.5727848464653498,-0.6489100812986459,0.05794490851027711,-0.8171064788513964,-0.10404916525093867
697,0.6354002883655674,-5.435778856372954,0.06493919744433763,-5.9645478645590355,0.22820652058698326,-7.172859520297655,-0.01321761216662051,-3.1877569050626544,-0.6581459420400653,-4.774666047702615
7,-0.6894244061053891,-2.430860407711911,-1.0942767881316737,-1.8031319308393157,-0.8882579349158777,-0.468569225667516,-1.340756786035896,-1.8815062051743043,-0.6658624265963975,-2.6937460523190477
701,0.9206896080180178,-6.2222737859004935,1.4639353895457083,-5.748819841570979,1.1966982046879857,-6.38335290310267,1.5686614368033835,-3.4480181246431267,1.7846567762824603,-5.71990207215824
702,-0.10327698599643936,-7.9549345426907685,-0.11533819067696964,-8.246737956710644,0.6209858386894783,-5.614606152089419,0.31853926628713314,-5.149173982670502,0.33266346136099245,-6.814142726269102
703,-2.073947188685453,-1.1866892689456487,-2.221512984296859,-3.8147053539512727,-0.6380503799993282,-4.891499806772996,-2.3627094892312517,-2.935844036064779,-0.8979579184122513,-0.7635905248593066
705,0.09909378961261683,-7.774814808929271,-0.24077019885614256,-7.227582270392829,-0.8933525153127344,-8.350931425410293,-0.3342569212511942,-5.5267928576189735,-0.4349245921556979,-6.7452192031758305
709,-0.6024805159184283,-1.6085692257798887,-0.9841868065088254,-0.9250098241833155,-2.0065331770824315,-4.248798697341871,-0.7799768126054454,-0.13217887918997373,-1.1650289745138862,-2.155523809426924
711,0.6417687800793033,-3.6373112851793374,-0.47468931730925346,-4.090078746642894,-1.4134237726909498,-4.213427901660358,-0.8161547870355108,-2.8427346316732973,0.7205616802381734,-2.900196929786474
713,0.6945695154815199,2.4573316429817353,-0.6962976157334537,3.161086384734425,-2.8640851817005153,-4.820061313827294,-0.9743349456844981,1.6671628371960097,0.3406364842050483,3.0645945509423136
715,0.4212553901016615,-5.9592393800667,0.2827065559053869,-6.912006841530257,-1.539193156188932,-5.53535599654772,-0.8847142152150462,-5.16466272656066,0.35399991630226735,-5.222125024673836
717,-0.19926617874077301,-0.09360196145934971,-0.1369949692279104,-0.11880904316976351,-2.4066364642307327,-1.4879379370464914,-0.8013967066407828,1.039087121923851,0.6564873514755071,1.4394275286639515
721,0.2986031671464894,-4.9297925355399155,0.11728916034209756,-6.014077199920369,0.6977724379772741,-6.298390402381514,-0.05856770175336406,-4.257772130952141,-0.45605442716451283,-4.48515943050763
724,0.5921510264851417,-2.815383190291975,0.9656847730938902,-2.192149105033007,2.557344596516755,-3.1839810571335736,0.15052661644934365,-1.0208065367859354,0.3868493497816086,-1.5782688348991116
727,0.0653687209357115,1.5901482856046583,1.0727109153073187,0.5536193072955018,-2.174824321607788,-4.045950514068558,1.1044931699699654,2.3630544467543872,0.7095317503789746,1.7703187127069646
729,-0.10042525511639185,0.7860822101241121,0.330637570943827,0.674979608716915,-1.9954906876982874,0.19251355233695383,0.6484565079899278,1.6676386715403726,0.41236031924260513,1.673762678101816
731,0.5701657243264924,-8.031245535025702,0.6445225661439987,-7.588940180476569,-1.302463072242782,-10.8063776884933,1.3943981519480326,-4.362625503809724,0.8657957430595751,-6.924224201395221
732,0.46750034978288363,-5.721560991849961,-0.12511913421686427,-6.855613493005872,-1.8926374045112833,-8.28631757008094,0.8542096654327469,-5.4561926814565815,-0.2576313367393552,-6.180605347846477
734,0.5782349594429128,5.16388656644812,-0.3782360000368448,3.5250346958014505,-1.0922466903862036,-3.2458599447416887,0.17459098772902787,-0.6915001620492938,0.08346837972180071,3.0132008913287107
735,-0.27010590007483326,-5.2222737859004935,-0.6606737060027326,-5.090078746642894,0.879057477669628,-4.505909152020936,-0.497439826727865,-4.524019671365652,-0.34541689538347276,-3.98515943050763
738,0.16516137707961043,-1.147169358000736,-0.9585521815977078,-0.3455611617395355,0.08558195076232311,1.6805554105383071,-0.4503264456449405,-1.6716574938685802,-1.3703871413160207,-1.002863689633003
739,-0.38776155060513084,-9.340919670031512,-1.4842890594888611,-7.995219560301453,-2.524594486088983,-9.078000333956215,-1.429112489424508,-6.874639105376565,-0.4803412664255756,-7.679806861361174
740,0.422016161046706,-1.465163331221429,-0.22151298429685867,-1.7405094340049367,0.8619496200006717,-4.391499806772996,0.7779335659637566,-0.9561650283134522,0.8217349198055182,-0.6492783373353254
741,1.3260405071605503,1.9454170295698887,0.8136816796488402,1.8279957554798516,2.629976070120777,0.3382160025456531,0.943007866809922,1.836316222047126,1.187004582308905,2.594988031683706
742,1.3780198949091451,-3.63348864695504,2.376528809319792,-3.9362052422015052,2.8530269928317917,-6.606813196611114,2.364221390189105,-2.3425767643482454,2.827459955964615,-2.8126162451539893
748,-1.0764906593251724,-4.764972305200121,-1.9242453800274033,-5.651106501231945,-2.335021840782263,-7.110668327235157,-1.7557542796764805,-5.056813950125189,-1.6545081819207108,-6.3937598943324705
749,0.7869453779272653,-4.817883530821158,-0.055078505447849785,-4.770650992284715,-0.7135898502724838,-6.478962648023335,0.7007027759932754,-3.3993431205933256,0.39345281848876396,-5.66573167614945
754,-0.1592601433193812,-4.374276879345543,-0.11571196916641574,-5.912006841530257,-1.120942522330372,-4.742874746187143,-0.133588490309246,-4.260985265531858,-0.2187276353748856,-3.7221250246738364
755,-1.1001808986325208,-2.315383190291975,-1.38247703174054,-3.607186604311851,-0.5914956778035876,-2.8914998067729956,-1.3627094892312517,-3.520806536785935,-0.444512620607992,-1.7857875845385331
756,-0.5406837452824779,-0.4204019956026802,-1.5565885456016655,-0.07429993481474953,-0.8561910400394959,-0.7400122826626303,-0.9427248890250602,-0.8944660283519721,-1.1704249045060056,-0.20032267260003472
760,0.4783198586897458,1.7313019285172946,0.9109832020597544,1.35299757426748,-0.774041365931754,0.1501348117109969,0.07812132708644778,2.9270769582217486,-0.3134880015280495,1.10500902890645
77,0.799698788432587,-1.4122903686471506,0.6665025132814696,-1.960823558926551,-1.6616123360563413,-0.7991511735013065,0.36762587481108333,1.4652965583520872,-0.436569677902105,-0.8322513854021087
772,-0.24438359421868816,-1.3525944321837962,-0.6542199641130385,-0.2533137844423218,-0.8900133443144531,-3.0831641265487484,-0.9476719899524079,0.3539382501250908,-1.6209071499040537,-2.397696589257291
775,-0.40091969238460734,-8.99486328979742,-0.380300399059247,-8.286666703817296,-1.8541354029816626,-7.117534608474182,-0.6106126863925444,-5.265104276499679,-0.12304402620754695,-6.672786433683401
778,-0.19899752178007557,-0.6918941604846144,-1.1861769766609955,0.8220990970541318,-2.43978118108991,-3.2371920867016506,-0.7782969218449909,-0.5380918143287391,-0.7424647461095332,-0.8376337177288242
78,0.5786203304524586,-6.732355305560347,-0.9655976811443654,-8.477604017384483,-3.9507291843619914,-8.100953172401946,-0.2925274260153104,-2.719075995900658,-0.8503712940999522,-6.78772220052806
782,0.06610677091091466,-6.985308191734287,-0.17245794157193473,-5.777111605754163,-0.21504210878597366,-6.26894355785473,0.21306938500287315,-4.313287787146513,0.06872348507260334,-4.955712585980845
783,1.5296987382679454,0.16691985644042812,2.8075215438309065,1.6979416561306824,0.7251131568606008,1.7643859331526,1.799888415129385,3.0374317532983457,2.134678506104933,1.5292376105863137
784,1.016423670967236,-5.880453944549481,1.0944134557745,-5.964738608929935,0.1052145459674132,-3.221410593640485,0.20682639555596338,-6.085877291043442,0.3879133283376086,-4.935820839517195
789,-0.41729858362326244,-8.241647944994073,-1.5609808082694316,-7.19441540645763,-2.195832337618323,-6.8177645614750935,-1.5289377589447832,-5.447071291488033,-0.20908376193887923,-6.004533589601209
790,0.4204203982666397,-2.65763227742801,0.016144771304617778,-3.002893293406142,0.6226053014350583,-4.298390402381514,0.5280804638009149,-1.7583289411074956,0.6564967763900282,-1.7392328823427927
791,0.15576862063319552,-0.898938183209604,-0.8824770317405398,-1.9994335864362465,1.8347257279894833,-0.5498075297923146,-0.010437430994337388,-1.6171290757571333,0.5724610453536766,-0.3707500852596894
795,0.9834742744839284,-4.000470460162687,1.4502901003830966,-3.353401749208061,1.2880585607981843,-5.098121437589651,1.744503370415943,-2.590918920399382,1.3611377812834067,-2.0661878095621167
796,-1.1955403580732307,-10.260827026669887,-2.9814315319912987,-10.421113237772865,0.879153186412577,-8.336943643150907,-2.3153509315337395,-6.5498053660814755,-1.8103811920618353,-9.523712671277023
797,2.1271020331002197,-0.23042068957081874,0.8250417178988823,-0.4462225568681695,3.1046630335857923,-1.3914998067729956,1.7132920574912731,-0.2283252864253572,1.6148096276413175,0.21421241546146674
798,0.3354719542875204,-8.961641870282005,-0.6206031230911151,-10.206890582106139,0.6073401390079959,-10.62272098748418,-0.8559267730144431,-5.004599925251521,-0.28707751938955056,-8.905812554581495
800,-0.14994873540797782,-3.637311285179337,-0.6062065202261504,-3.5900787466428943,0.40850432219641264,-3.7134279016603577,0.08061977423077596,-3.3427346316732973,0.3298818234758435,-3.400196929786474
801,0.3532643991717385,-1.8153831902919748,-0.29751453101938363,-2.107186604311851,1.1544308703612498,-0.7581065364255449,0.5057733078518515,-3.020806536785935,1.4213893239172215,-2.078268834899111
803,0.07202241564805975,-7.1227381123495785,0.09628130259870318,-7.283024323452558,-1.4454053020569324,-7.6988547288306,-0.26255069814382853,-4.632002747454159,-0.33795803035693645,-6.093142506596138
804,-0.7936046398434177,-1.2806629410430501,-0.7451342251306003,-0.05232115117151237,0.08104179275205076,1.3292356467928164,-1.4111461139272938,1.6412001260057882,-1.1825555108436712,-1.0265749196885179
805,0.23668629333130073,-1.2192367830565916,0.11752296825946029,0.093466498691157,-1.2990144274430095,1.0421878315097328,-0.5439945289236058,1.4327092016726883,-0.6554745630400339,-0.9355677254679873
807,1.8034965623962815,-1.8153831902919748,2.521200429288262,-2.7681506517555317,2.3619496200006718,-2.8914998067729956,2.6774772190007585,-2.020806536785935,1.810365457657999,-1.2857875845385331
808,-0.7027459203550519,-5.043046800444255,-2.294902061906058,-5.834850214464131,-3.319159287955868,-6.600900478912719,-1.7127010376430016,-5.098690006008762,-1.2004679949434562,-5.948633554482516
809,0.15950445981611122,-1.2435901005486776,-0.8180237373858423,0.13574879651011823,0.48009639549130134,-4.8741699618671905,-0.25088977370493704,0.2610414585163844,-0.776383592788437,-1.2038162311602458
81,0.01667049072798163,-1.5601476644730932,-0.8574396606413917,-0.692011742372788,-0.7142739822940067,-0.7605760613313199,-1.0374587375228832,-0.266272710944998,-1.94575065877126,-0.835145194864317
811,1.0313363042843762,-0.8913847370144998,0.8393262939972677,-1.601438784892936,0.3162920366276988,-2.213427901660358,1.6724851747144471,-1.0353797096156936,0.5086578257848853,-0.2040382183970936
812,-0.3226469231036118,-4.774814808929272,-0.5266234008655872,-4.77413697258857,0.21476343381727128,-4.558450175049715,-0.47656015559200804,-4.687756905062654,-0.9222071772578464,-5.0377004535364085
813,0.2894240355640025,-1.4333668296931021,-0.26519436520639367,-2.0857405572152397,1.786975970402125,-2.0839151391313644,0.18808624466818402,-1.0771859249194218,0.30961444507538294,-0.5286010879698597
819,1.3305911655828715,-5.772518253279033,2.5780006478070208,-4.671828112784334,-0.39533696641420735,-7.1988547288306,1.6651530686623635,-3.500843444579556,1.664153616046601,-3.9819462959279135
821,-0.5173332420334884,-6.576183410153838,-0.4030728754005948,-7.078718708392852,1.045994327566263,-8.605745324439118,-1.0224024393937063,-5.4891255062872215,-0.7665186105896957,-7.000033102204656
823,0.5018966117404684,-2.643059104598252,-0.20501877831990317,-2.932804464382012,1.1305962446655928,-5.554101420233107,0.45903683734963185,-2.5930014914535224,0.030524766726166747,-1.525454119167317
830,0.21361016869695143,-4.6227381123495785,-2.321349156715041,-4.783024323452558,-1.1063693495006135,-3.1988547288305997,-1.3015816142057526,-4.828161458843539,-1.1203503397486996,-3.885623756956716
833,-0.2613605558370487,0.12171599332170953,-0.9542944946705149,-0.02597889205014678,-0.8816794259226438,1.1239716989993314,-0.965348594874517,0.16639508809850959,-1.10954253860627,-0.17650833325806248
835,-1.1702758590354652,-1.5371624815273828,-2.2122590716902737,0.5548642034324461,-2.8559856628482496,-3.6490868920551423,-2.2870084413759946,-1.9124916775428686,-2.509454627947743,-1.5949850300000654
837,-0.24994506403955735,1.8673145837443328,-1.2521579236738698,0.6093281014136988,-0.8393306581684654,-3.7967541221883954,-0.9993144174735376,-0.731419170856771,-1.357077953205814,-0.458919189768758
838,0.6661160730437163,2.125598098940374,0.8439574196198477,1.513619619713192,1.095306356569621,0.061110502608829095,0.37523992612986456,2.142998519889108,0.5015640379151424,2.887213413138234
839,0.8781489932405719,-3.3808829350589686,2.4139958751638577,-2.827105396802304,-0.533031665848789,-6.249480801900567,0.9489870989639493,-1.7938250311923511,1.0050715810707795,-1.462066214234345
841,-1.7438721901277652,-3.192826941373709,-1.522955188656068,-1.8531131524766882,-0.06526196785651983,2.8753933700387173,-2.032634490673564,-0.7433226565742759,-0.7019809753293502,-1.5022672881765864
842,-0.7494989631126054,2.091775371779588,-0.9229274294493524,0.923657102958841,-1.462478815415874,3.515137093924457,-0.7381591892285422,1.790363797766854,-0.3891158319298232,2.2594662640614755
843,-1.4179100523076618,-10.661446409742261,-2.471766915142058,-9.971512761774694,-2.480048709200534,-6.1948931915445975,-1.9414591486715558,-7.11774432247231,-2.3673549270376384,-9.792814851432501
848,0.45136584784953093,-1.0229019399313968,0.8896832263713652,-2.2681506517555317,1.9731458306688958,-0.7305357593293145,0.7132920574912731,-1.228325286425357,1.3815257276818544,-0.9173047874554301
850,0.7750879082373463,-2.9887252872784416,1.9424990916119582,-3.4770342977727404,1.5697410392787379,-2.6935900149056446,1.709360998604788,-2.6872457340098865,1.434989232671796,-3.016868290234968
853,-0.39217200459574664,-1.7516431583708076,0.4534968614271757,-0.17394027427658804,-0.9296647878176176,-1.9014805595122892,0.1836786776941095,0.4310705733521383,0.23789607909122182,-0.020411824494884045
854,-0.18574388291829838,-6.2233416580724885,0.8624528849338515,-6.968590369896624,2.445598810112024,-4.080755618399861,-0.4173719844504222,-5.428765004566449,-0.3594823718219406,-6.278708553040204
857,0.4514574466215657,-8.70612159561328,0.5371794862997791,-8.247888208065834,-1.2565549240740839,-7.621274164650618,-0.11684148962538846,-6.5692958549712035,-0.0687530611006879,-8.469007240220416
859,0.20161972338587644,1.742412738734321,-1.154067120056858,1.8697234918254624,-0.09748199863662549,0.10209630507669426,-0.8627830923658947,0.554412131856214,-0.7813879903270236,0.4161621700072572
860,-0.23641642578938082,-3.1415822487351974,-0.5805062135538697,-3.464349537326674,-0.059591219247105795,-3.18414176728695,-0.46581544874972025,-3.222935499962108,-0.697451780242629,-2.062533187348971
862,0.17063663589600697,-1.069931056823912,0.030690652515013628,-0.5191007675853667,0.6020158837510362,-1.953877322276969,0.051260137875596606,0.018643877087522548,0.6400477773326894,0.7414363074726547
868,-0.8158423745102914,-4.236134164679719,-2.748136547253072,-1.322676569621419,-0.06860007305446902,-4.720955074521503,-2.1662914504978175,-2.616886646744452,-1.1284943125793996,-4.172981460997009
869,1.006881504043903,2.8997594461969154,-0.911923876267324,1.4524914842079872,1.2009855725569907,-4.213427901660358,1.1128357105282751,1.004008847076365,-0.5851556758030003,-1.5499770707159275
87,1.5883038305901414,-1.022901939931397,1.9927368952458444,-1.5719919403661515,0.7009855725569905,0.7739586322843128,2.005773307851851,-0.2910907274672866,1.8880538040945773,-0.07826883489911135
870,-0.6091418526311518,-0.6816430348594817,-1.259920782822274,2.130259727973078,-2.7614206792459,-0.6674735285195923,-1.5326344906735643,-1.4818052807852986,-1.0941166298016314,-1.4262657414540616
871,0.296373437469349,-5.1227381123495785,0.10452536399298791,-5.4145415263694545,1.2251131568606008,1.4586492729695788,-0.3809304872152818,-1.3366646714963843,-0.7879644550346694,-1.3634266972774889
879,-0.6502235868193598,-4.374276879345544,-2.1578504244321612,-6.412006841530257,-2.074387820134631,-6.53535599654772,-1.608636037396089,-5.8721814762000815,-1.7733436152578697,-5.722125024673836
880,-1.4776246497142551,-2.315383190291975,-1.674958282101118,-2.4756694013949536,0.9085043221964125,-0.09901855641241764,-0.9476719899524078,-1.5208065367859351,0.2833271212801028,-1.5782688348991112
882,0.7841563283142513,-0.022901939931396886,0.11752296825946018,-0.6071866043118506,2.4085043221964124,0.9859439443087386,1.5057733078518516,-0.5208065367859351,0.9280804298775952,-0.07826883489911132
887,-0.37164212477120034,-5.570270692455443,-2.0796259251940405,-7.523038153919,0.5459342428117042,-5.646387308936464,-1.1027233196976942,-2.167321109851751,-0.6629797193287135,-5.833156337062579
888,0.8999839996469592,3.9208086694522106,2.532560467538304,3.4331152523792507,1.8159883752801522,1.8661067509685039,2.7278385132514367,2.580119284661871,2.2634830530292622,2.8339846708198704
89,-1.4349082986693291,2.5237345603092574,-2.5224090494009492,1.881324347529211,-1.0270249226803323,0.8291737638364856,-1.9053982945083794,-1.930043523156638,-3.441567397101463,0.9833712910478254
892,1.9482498709937737,-2.900345691013131,0.5972019760107873,-3.3531131524766877,2.9662429309063807,-3.4764623074941516,1.4560054710763943,-3.105769037507091,0.17804362831027354,-2.1632313356202677
897,-2.4487669007861115,-5.1227381123495785,-3.028867906354463,-4.575505573813136,-3.3988505998611918,-5.6988547288306,-3.7550269120100124,-2.3929790990518374,-2.4945809562507173,-4.885623756956715
904,0.24937626170474167,-4.274814808929272,-1.049427400017259,-4.566618222949148,0.07303646028090816,-3.447253964381491,0.5187709121183238,-3.6877569050626544,-0.6612308256601683,-2.876736406092727
91,-1.4776246497142551,-0.8566142703879613,-1.0139942346574367,-0.532990684365515,2.9196882287106396,0.08946617281024455,-0.22527956861595988,-1.2486462786740302,-0.43918899850823795,-0.029838065272816967
911,-0.8768077191294299,-2.202128925387635,-1.543441079184221,-2.5101430782536998,-1.4599784748866904,-3.5172691902709783,-0.9549217747999654,-2.59680808350846,-2.2461197232466814,-1.5227531787047395
916,0.5924714325730456,0.6632985577749486,0.10774521220486075,1.442342062982102,-1.3315095082700301,0.4068941612859773,0.06185746652428063,1.3575650396907593,-0.05567218395634918,-0.6871233624909505
923,0.7616607263207209,-8.1904226216389,0.751866162523353,-7.350708832741878,0.14546572794854012,-6.181576737398764,-0.01852624936864556,-7.3958459681328605,1.2961385503269343,-6.953308266246037
924,-0.8166606022705738,-1.8619378924877157,1.2319323135074005,-2.3147053539512727,0.31218178322521445,-1.1953410953836154,0.2820438193662407,-4.020806536785935,0.03810467031166964,-3.078268834899111
930,-0.2771849315731628,-3.815383190291975,-0.5139942346574367,-5.268150651755532,1.4307013818756391,-3.3914998067729956,-0.2867079425087266,-5.020806536785935,0.3945233319483267,-4.078268834899111
931,-0.7999266264657687,1.8375210244700677,-1.6676348941189172,1.5313977807523942,-2.8228490531386665,-4.6988547288306,-1.6492179371388755,-1.1370295797861205,-1.4358565632801301,2.5659719709979987
933,-0.9979456419629281,0.4567770678199303,-2.7599207828222743,0.09429572917728374,0.3235418214752561,-1.0990185564124177,-1.2401532403129862,-2.3132877871465136,0.004081976600120177,0.9217311651008885
936,1.5661067709109147,1.4770980600686032,1.5212004292882622,1.7964908567169515,3.3619496200006718,2.799271668819297,1.7982545582124296,1.7603146753246008,1.9072908780018953,2.9654625857260584
937,0.7520911596043935,-0.6544191428482938,1.3896832263713652,-0.39070690067379754,2.3619496200006718,-1.3914998067729956,0.7132920574912733,-0.22832528642535696,1.7630061290314298,0.21421241546146677
939,-0.1457646516154279,1.324636927850025,-0.7962072108419823,0.5597626452644786,-0.626582059763052,-3.5166828571805295,-1.3915700006675877,0.05338225877562717,-0.4564414061111862,0.9823742155248234
94,0.8534057428619026,2.4506036750646842,2.234294765899925,3.054059547706305,-2.2876543891929675,4.618069390746947,0.9575810396396802,2.700299669257676,1.767130322998041,3.0551894891094236
941,-0.8015841852672737,-5.859777309650428,-2.225720395423302,-6.359099473309726,-2.0119260404402484,-6.643412675770871,-2.0538076360283615,-3.648755649062018,-1.8631373564684632,-5.0377004535364085
942,0.0870168587582282,-1.022901939931397,-0.8824770317405397,-0.8644731907267298,-0.09149567780358758,-2.3914998067729956,-0.36270948923125157,-0.8246478253965551,0.6870045823089048,-0.12482353709485222
943,-1.3258600576833284,-4.217076200219304,-3.341908650377837,-3.859099473309726,-0.8701990669038849,-2.5007115663397466,-2.480882202796634,-5.904236608700708,-3.1498707874101264,-4.6226629542575655
945,-0.3926621489930989,-2.315383190291975,-0.8824770317405399,-2.7681506517555317,0.4085043221964124,-1.3914998067729956,-0.04399452892360578,-1.435844036064779,-0.5091541290804753,-2.078268834899111
946,-0.2000170710507029,-7.207700613070735,-0.6320933450881759,-6.367986824173714,-1.3006519934594398,-5.991335979191177,-0.38654411492690893,-4.7704228501335715,-0.27563172770688915,-6.470586257677871
953,-0.4022557471092181,-1.5293506465702318,-1.414238774914359,-0.7234531068610395,-1.8138025046551596,-5.326939010975616,-1.335852394762884,0.3616133191769675,-1.377950859531865,-0.08187300559703453
957,0.040462156562487445,2.1023350028482515,-0.4655634650311424,2.9229061580944586,-0.5430649081772931,-1.5290534258401802,0.6581369849187282,1.004930119502603,-0.2782249510645568,1.1883960312538056
959,-0.025544248287782123,-5.338945146348988,0.35721063177073015,-6.999231357451967,2.318050570008126,-6.622580512469431,0.6156046221422891,-4.848209781453567,0.5520637596242512,-4.940866743512443
960,1.5484572609427494,3.52341839570168,1.4510811835526756,3.0717461442786864,-0.5974819986366255,-2.6050048772454555,1.343192864357212,3.8133539350334447,1.6766397019604165,2.857225547076929
962,-0.564455798081188,-6.6227381123495785,-1.6815438661887985,-5.698061822731402,-1.960592126578692,-5.362642057844852,-1.8445385656993918,-3.7095564784660287,-1.2173888564664632,-5.093142506596138
966,-0.7587740400126677,-4.137311285179337,0.1857888106007652,-4.7215959495597914,-1.544940975607847,-4.137426354937833,-0.401117287756667,-4.635215882033876,0.043386893948303334,-3.48515943050763
967,0.8586102208955471,-2.192494649117478,1.0393117789462294,-2.174612511826648,-0.6462555588653558,-5.825482348623092,0.15470208243046582,0.8866314233414819,0.18270315322177394,-2.233253650188765
972,-0.47580319938180704,2.9903420897614374,0.07480105643196636,3.0862526878476277,-1.4268506227424447,6.910877879081005,-0.0006346254995019396,0.9562985396339213,0.4810167715701318,3.263907834923189
973,0.1584365876441156,-6.06331070373556,-0.6417645834341671,-5.223596914838539,-1.678459143803492,-3.443268608827201,0.20888258406363724,-3.2800940884795624,-0.25520557509350705,-5.326196348342696
976,0.27083658328978033,-2.920831581541284,-0.4248631921801269,-3.3656282710703302,-1.670710359105829,-4.874391949104039,-0.7413083206565865,-4.503698679116979,-1.2178279590634977,-3.9296437743132575
980,1.1643459328257717,-4.735414500478008,0.508434343397664,-4.964452473455955,-0.9103537484222761,-3.875788487220369,0.3867792918148757,-6.58559115556946,0.44966108514019376,-5.067051906960112
983,-0.3752088691499052,4.163233513703754,-1.050769911483553,2.471287996136754,0.12213284615237374,5.5065937946294135,-1.2175682550958031,1.8786474205818182,-1.2881567958528857,2.649309646869374
984,0.6893191955006646,-7.791086264708324,0.3519279477097534,-7.4513724758113025,-0.8764272766276434,-5.302561372716861,0.6273802702677707,-4.133116704060383,0.2518617941957523,-7.846453159676038
985,-1.1693324097670645,-5.270829453374983,-0.8791543749195337,-6.016078165199117,-2.678459143803492,-3.4097115108979326,-1.260417143604291,-5.76873405022952,-0.8208724533483713,-5.326196348342696
987,-0.8751275821413256,-1.537186516029782,-1.7003604674368633,-0.6974727271327608,-2.3015147679721926,-1.5154440636631876,-1.8054190218840986,-0.08122161776090092,-1.578530164054072,-0.6374128185928501
99,0.8017164880408488,-0.10367232263312029,0.3088606647466603,0.47264172868239207,-1.0611220287600687,-0.7807702460889878,0.3973799691309158,1.0451306747317386,0.3051975576707765,-1.4832536773831095
991,0.7245682823402101,-5.232355305560347,1.1402467512336818,-5.042421657592779,-0.8940584478240187,-7.100953172401945,1.5512074443863701,-5.096866632067434,1.4529304083820895,-5.702759699806904
992,0.502911819010709,-7.11385076148559,-0.3359456172244331,-7.642619769671673,0.5523509734284633,-8.350931425410293,-0.46635541618465015,-5.91559664695075,-0.08218791421716083,-6.376736406092728
996,-1.0731425622546245,3.4267076723588694,-2.5899957813799617,2.5775353909086864,0.520505159295465,-3.7305357593293147,-2.0702282388706736,-1.5236298183565062,-2.2794383197618266,1.7060655117911416
998,-0.004894433768366914,-5.54646389598841,-0.5937935553436559,-3.0299316297840386,-1.6616123360563413,-5.415061762830009,-1.0484889205372332,-5.544368492842948,-2.2204706526835913,-3.9408667435124434
999,-4.214590243880461,2.2484398975141158,-4.4968863769884795,-0.49849368612182793,-1.7524597252472685,1.1343765624891307,-4.76960008483977,-1.6563021016170036,-2.49486955298209,1.2413472467255273
1052,0.9130552070480746,-1.8153831902919748,-1.174958282101118,-2.2681506517555317,0.9085043221964125,1.444712864212752,0.3448092604081703,-2.020806536785935,-0.6406713319973723,-1.0782688348991114
17_2,-1.316660602270574,-2.315383190291975,-2.1749582821011177,-3.2681506517555317,-0.09149567780358758,-2.8914998067729956,-1.1551907395918297,-2.520806536785935,-0.7166728787198974,-2.078268834899111
217,-0.573947188685453,-1.8153831902919748,-1.174958282101118,-1.7681506517555317,0.4085043221964124,-1.8914998067729956,-0.44767198995240787,-2.020806536785935,-0.8016353794410535,-1.0782688348991114
22,0.7185340616751251,-1.315383190291975,-0.3824770317405399,-1.7681506517555317,1.7009855725569905,-0.30653730605183954,0.3448092604081703,-2.020806536785935,-1.0091541290804755,-0.5782688348991114
292,-0.3166606022705739,-1.8153831902919748,0.6175229682594602,-0.8147053539512725,1.4085043221964124,-0.8914998067729956,0.5523280100475922,-1.0208065367859351,1.1020420815877487,0.21421241546146677
387,-1.4776246497142551,-2.2716517696668053,-2.8824770317405397,-2.1254495423244077,-1.4305316303599063,-3.2305357593293147,-2.4476719899524078,-4.020806536785935,-1.7369938709685702,-2.785787584538533
411,-0.18514339935367702,-0.8153831902919748,0.3250417178988821,-1.2681506517555319,1.8121817832252145,-0.30653730605183954,-0.1551907395918297,-1.0208065367859351,0.04858447962949264,-0.07826883489911135
44,-0.477624649714255,-1.8153831902919748,-0.6749582821011179,-1.7681506517555317,1.4085043221964124,-1.8914998067729956,-0.44767198995240787,-1.228325286425357,-0.8016353794410536,-1.0782688348991114
501,-0.9776246497142551,-0.23042068957081874,-0.17495828210111788,-0.20350914328304864,1.4085043221964124,-1.8914998067729956,-0.9476719899524079,-0.5208065367859351,-1.0091541290804753,-0.5782688348991114
506,-2.1851433993536773,-1.8153831902919748,-2.1749582821011177,-1.4756694013949538,-0.09149567780358758,-1.3914998067729956,-1.9476719899524078,-1.728325286425357,-2.301635379441054,0.006693665822044809
59,0.10733785100690113,-1.8153831902919748,0.32504171789888214,-2.7681506517555317,0.4085043221964124,-1.8914998067729956,-0.44767198995240787,-2.020806536785935,0.3593286680026278,-0.5782688348991113
607,1.139185188665596,-1.8153831902919748,0.8896832263713653,-0.7795106900055735,1.0694683696400937,-1.8914998067729956,1.596059430672762,-1.5208065367859351,-0.10547666805167333,-1.2857875845385331
643,-1.5206112612691816,-1.4898870047637982,-2.438231189349035,0.066775047398303,-1.7584460460803066,-2.654772714020913,-3.407103608589705,-2.319274107979551,-3.176104497357194,-2.876736406092727
753,-0.4392168511888397,-1.2507416818194916,-0.546264360754792,-2.188214983366337,0.6046630335857927,-1.3693027470937689,-0.2777469885100955,-2.5673612389816762,-0.5739717692887731,-1.6745913738703093
79,0.8179182075455234,1.0275360250416854,0.5245044652001443,1.8205143688527397,-1.4540935864169193,-5.122580512469431,0.8393341106278996,2.1798993984652846,0.20185042477730725,1.0980084436203463
917,-1.816660602270574,-3.315383190291975,-3.1749582821011177,-4.268150651755532,-1.0914956778035876,-2.5990185564124175,-1.7867079425087269,-3.020806536785935,-1.2166728787198973,-3.078268834899111
956,0.7040777157175058,-3.531862893930028,0.2083981866790113,-3.4906667715438724,-0.47649287508042615,-1.9118207990216685,1.019009413532447,-3.8982502878676697,-0.40691887241088254,-3.2947485385371644
454,-2.240897556962172,-6.274814808929272,-2.5697483922659314,-7.227582270392829,0.8331648659475785,-5.558450175049715,-3.322141107868549,-4.819274107979551,-2.6964254896058675,-5.0377004535364085
932,0.6911928983592868,-1.6587001496000058,-0.8107564917697269,-1.7409267597443436,-0.06221958662603122,-2.7994582745535097,-0.6710135529000625,-3.4287650045664493,-0.3343799202351832,-1.7787085530402034
