strain_id,MID2_WSC2_noMTX_noDrug_avg_logratio_Fitness,MID2_WSC2_MTX_noDrug_avg_logratio_Fitness,MID2_WSC2_noMTX_5-FC_avg_logratio_Fitness,MID2_WSC2_MTX_5-FC_avg_logratio_Fitness,MID2_WSC2_noMTX_Fluconazole_avg_logratio_Fitness,MID2_WSC2_MTX_Fluconazole_avg_logratio_Fitness,MID2_WSC2_noMTX_Metformin_avg_logratio_Fitness,MID2_WSC2_MTX_Metformin_avg_logratio_Fitness,MID2_WSC2_noMTX_Trifluoperazine_avg_logratio_Fitness,MID2_WSC2_MTX_Trifluoperazine_avg_logratio_Fitness
1005,-0.0016298723613373811,-5.2769838859141664,1.439419647687485,-6.441414131737112,-2.0627679626321904,-5.181295340503287,0.006861103115230194,-4.202545645564722,0.5703753705332664,-6.5609476893504866
1007,1.4738081036862942,-1.822787575527291,0.8833255193631342,-0.6947365709896588,2.097038264524631,-0.06613498267273132,-0.10431366089790792,-1.833311835899004,0.37265594344063263,-2.6067513789636116
1013,1.2776493922969143,-0.6152688258878694,0.954335021799348,0.5127821786497632,1.241061411445565,1.0653822202441656,0.9644381009770595,-0.3333118358990038,0.7876934427194764,-0.10675137896361177
1016,0.5865954777664272,-6.095806069933706,1.0686814644020688,-5.508986145492061,-0.007902881654124116,-7.085080025243984,0.7900336423227473,-4.702652869276617,1.3505744664740749,-5.900090865618701
1018,2.3260801619232088,3.0361140930123645,2.0074347237153107,2.979463582134618,0.6175149804631785,2.5098665640497932,1.3572785405766765,3.2724971389721325,1.834248144915217,4.69845347437718
1020,-0.296139024113301,3.34972763282789,0.04461132241697204,-1.6987387141580403,-0.11838618334255542,-5.113089360080904,0.21721811324987977,2.9779124337658107,0.6269810436214664,2.6665958893720365
1025,-1.525703152574604,-5.129483215796902,-0.05653627271159212,-5.2287151429920105,-0.4242465370124102,-4.100113554675082,-0.8130056799056065,-4.29128886117883,-0.40225713244024475,-4.433211201326541
1027,-0.5358850562220201,-5.972534695031973,0.05471838605131024,-6.636964940854919,0.6127567071253662,-4.715882102177414,-0.29796539688220475,-4.161130860516324,-0.23761550536663859,-5.464017248107716
1035,-0.3073131084242421,0.32196573307020115,0.2378553181612948,1.0977446793709194,-1.6363823396361696,1.5381583282329774,-0.18927616161906413,1.2426897108235209,0.4324467513169688,2.413012803129707
1038,1.2776493922969143,-1.1447156704146542,0.3285656383013658,0.4833353341229788,-0.7123838863586945,0.11193692243990616,-0.05775895870216738,-1.07027743006521,-0.44927215144673005,-0.47523417604671503
1040,0.13693273396726247,-4.159662945246323,0.8708613709781394,-3.8706478932650095,-2.515878289884272,-3.367815688446064,-0.48205555107065823,-1.91827433662016,-0.5115760713254348,-2.773701747240331
1046,-1.5008477808325464,-7.022459920363655,-0.6066694040821301,-7.186890166186601,-0.9682733672296158,-5.926771374952777,-0.8781114850262437,-5.74050293037479,-1.6855494197599827,-6.013942473439398
1050,1.388845602965138,0.9562101510331518,1.242349709774922,0.9164596396785651,-0.11418527995694278,-0.5195802804769908,1.8329208980601628,1.3356229834791877,1.919210645636373,1.6550295990648944
1065,1.0701306426574921,-1.6152688258878694,-0.33814622856123006,-0.32625377390655563,-0.2589385885544352,2.3375424783560708,0.23472229165841088,-0.5408305855384257,-0.2883081040030486,-0.021788878242455567
1069,-0.3728790406289391,0.8016251975997396,-0.2672080554685975,0.6266074382426191,1.1208687941713165,3.7253749525523716,0.2842799088485092,1.9066453511378212,-0.11057213565582875,2.3353903590972322
107,-0.30731310842424203,-1.9077500762484476,-0.9231087292823863,-2.072180322071393,-1.4754182921924885,-0.01958028047699073,-0.5577589587021673,-1.41827433662016,-1.958233105445361,-0.5307498322410868
113,0.5701306426574922,-0.23782507480613496,-0.19544511913010582,0.8201371007073675,-0.355261127525633,0.7263462676878467,-1.5577589587021672,-0.42963437487020184,-0.6771118933348248,0.13917516920122558
119,0.2776493922969142,1.1620255999509495,-0.2531837278400738,-0.6947365709896588,1.6945067092498238,2.4690596812729675,-0.7652777083415891,-0.8333118358990039,0.41921064563637334,0.6857298713969663
124,0.2776493922969142,-0.11526882588786935,0.8228178188824513,0.8052634290103413,0.24106141144556487,-0.22709903011641253,0.1383997526872129,1.7516506648221526,-0.5807893543636267,0.05421266848006942
128,-1.2593057563666696,-6.973249821015441,0.6464182547754713,-6.552717566117231,0.006228043076164147,-4.792598774883406,-0.1675002903443081,-6.691292831026576,0.15389967742330127,-6.464732374091184
132,0.4758661579224101,-6.437196920775232,-1.4061770033492442,-4.8091459162376,-1.0789906160112441,-4.049027125003775,1.0115561358999423,-4.862758680425788,0.6746916052750627,-5.928679473850974
133,0.19268689157575794,-2.7002313266090257,-1.130627478921808,-0.16850286104259082,-1.3439010892755916,-0.8120615308375687,-1.3502402090627452,-1.91827433662016,-0.05455564441655897,-2.191713879684768
136,1.1461321893800172,-2.7002313266090257,-0.630627478921808,-2.072180322071393,0.7410614114455647,-0.5195802804769907,-0.6427214594233235,-1.41827433662016,-0.05455564441655897,-1.6917138796847682
14,0.32420409449265464,-0.28226928948183816,-2.0840727767260674,0.02706675474814857,-1.5546329734947302,0.7057504240277919,-0.6835283422001495,0.039007925126809506,-0.8542866796246946,1.0464769640988494
146,0.21815652092961768,-2.8235531336404245,-0.07813858485333879,-1.4452948506622874,-0.39117194991216653,-4.285136103773757,0.19258341904207807,1.4359355267817702,0.5272721608594858,-1.9666091586206451
15,0.2776493922969142,-0.5506273174153862,-0.5456649782006519,0.056513599274932935,-3.051419838915013,-1.7270990301164124,-0.604313660897908,-0.8333118358990039,-1.3732706047242047,-0.042109870491128576
151,1.3626118930180702,1.3733711358620888,0.16185377143876994,0.012782178649763193,0.24106141144556487,-0.22709903011641247,0.3329208980601626,-0.040830585538425834,0.4486574901631577,1.1391751692012255
153,0.7573284000482412,-3.2002313266090257,-0.969663431478127,-1.572180322071393,-0.7589385885544354,-1.519580280476991,-0.9727964579810111,-1.0145968755913581,-1.6657518550847832,-3.1917138796847677
17,-0.5442787025904484,-1.852234420054076,-2.660074323448592,-2.3091459162375996,-2.0808666834417977,-0.8880630775600938,-2.0872058032289513,-1.3627586804257883,-2.4027174492509893,-1.6361982234903962
171,-0.8098134489534252,-2.799054206109407,-0.7579138924646068,-2.1212353647963167,-3.3464014298047746,-3.8145618713667515,-1.1480450815230774,-2.628293426788765,-1.0799578297523045,-1.6504827995887812
175,-0.7372242794001118,-3.9226237479454733,-1.6455011506188342,-2.7945727434078407,-2.8587747609726173,-2.5344539521740166,-1.3764739190098132,-2.640666757956608,-2.0196614793381276,-2.914106301021216
180,-1.0748670224238712,-7.775140162666259,0.4291366213425466,-4.401162609963789,-1.7514870563917757,-6.886970366894802,-0.31194294872558564,-6.089505711648592,-0.7254995498199985,-7.266622715742002
180_2,0.32608016192320866,-1.277486301136838,-0.28040761985126217,-1.0499832623921663,-0.6392056212067407,-0.46184167176702273,-1.369274229479505,-2.4182743366201604,-2.29726905800168,-2.030749832241087
185,2.0701306426574924,2.449372682584614,1.66185377143877,1.4662274764540224,-0.2589385885544352,0.7729009698835875,1.5566503865457733,2.2313296725734793,0.7876934427194764,2.8159936465085758
187,-1.7618262784004968,-3.2307460433078052,-2.377621899258641,-4.187657539491329,0.2367804046938528,-3.427538748257504,-0.12480540649580862,-2.2412703036795176,-1.4310092134341725,-3.5147098467441253
188,1.4443612591595096,-1.0869770617046859,1.265800197259436,-1.8091459162375993,-0.8733479338023757,2.9711177355090834,0.6174896648398994,-1.1552399307863666,0.6619240592214939,0.1359620346215088
192,0.757328400048241,3.1176985726613724,1.5149098944482962,-0.6749723888963401,0.09894709739410623,0.9794798529138982,0.0008461336200285552,-1.775573227189036,0.1543706130263899,-1.3697857847974058
20,2.2776493922969143,-1.1152688258878694,0.954335021799348,-0.4872178213502368,-1.0514198389150131,0.7729009698835875,0.5272035420189889,0.6666881641009961,0.9192106456363733,-0.6067513789636118
209,-0.5728478547872191,-7.287694167859366,-0.34420361990875203,-7.159643163321732,0.029804381174873884,-4.60704312172733,-0.2517126578865965,-6.5057371778704995,-0.691800698931289,-6.779176720935107
210,1.7330941957783152,-5.663758144073138,1.4269147763231222,-4.696671186979186,-3.506975884444615,-5.9365523957453625,1.2700465819330593,-5.750283951167376,1.1348099932578215,-5.523723494231984
226,-4.244718420731541,-6.930117889276902,-4.4482998238814115,-5.717104384018112,-7.255072691635823,-3.6512682367431153,-4.601737036030183,-6.440642149648614,-2.529601825639568,-7.714081692713222
235,-0.30731310842424203,-2.7002313266090257,-1.9231087292823863,-1.572180322071393,-1.3439010892755916,-1.3120615308375687,-1.8502402090627452,-1.91827433662016,-1.958233105445361,-2.191713879684768
240,-0.22235060770308585,-2.1152688258878696,-0.545664978200652,-1.487217821350237,-0.7589385885544352,-0.7270990301164124,1.2993638001308943,-1.333311835899004,1.0304068563045972,-1.6067513789636116
248,-1.222350607703086,-4.115268825887869,-1.5162181336738678,-2.487217821350237,-2.258938588554435,-2.7270990301164124,-0.3509449941900808,-2.0408305855384254,-1.4198253069199454,-1.4457873315199306
250,-3.837827825123022,-7.315708544028961,-2.8129803907861577,-5.395176289130751,-5.798414259251846,-5.427538748257504,-1.676059457692674,-7.033751554040096,-3.6668197272567786,-6.514709846744125
252,0.3626118930180703,-2.322787575527291,-0.545664978200652,-0.5337725235459776,0.4485801610849868,0.8578634706047437,-0.8118324105373298,-1.333311835899004,-0.46959314369540267,-0.20307391793480953
253,-1.0297055297606899,-2.018946286916672,0.10042539754600321,-1.294572743407841,-0.2738122602514614,-2.5344539521740166,-0.5079911219267098,-2.3481855075960296,0.09282170316200952,-0.7179475896318357
254,0.4779183570887784,-3.9371969207752318,-0.7826305723668583,-2.8091459162375996,-0.39916431801003704,-2.549027125003775,-0.8910470918395714,-2.862758680425788,-1.2915212385827652,-3.4286794738509743
257,-0.3833146551467672,-2.6447156704146537,-1.3675930730880144,-2.0166646658770215,-1.058669623762571,-1.7565458746431968,-0.9025888983960921,-0.7515624697575644,-1.534234652167886,-1.364037965378491
258,-0.04427870259044836,-3.361195374052707,0.2873345582053791,-0.41992480116641673,-1.5808666834417977,0.8489025166061124,-0.3709735177104376,-0.8365249704787205,0.2642329190257299,-1.283926165253482
27,-0.22235060770308585,-1.5303063251667133,-0.6771821811175489,-1.487217821350237,-0.39045579147133214,-1.7270990301164124,-0.7215462877164193,-1.040830585538426,-1.0807893543636269,-0.4457873315199306
270,0.7776493922969142,-1.1152688258878694,0.66185377143877,-0.4872178213502368,0.9485801610849868,0.2729009698835875,-0.3967949112584861,-0.3333118358990038,0.6267293952757952,-0.6067513789636118
271,0.10772439085460178,-4.285193827330182,-0.443429721531059,-3.157142822792549,-0.9066665303175208,-2.397024031558725,-1.7276839601444796,-2.503236837341316,-1.139518145137715,-3.776676380405924
272,0.26807862355097317,-8.00758624866663,-1.3738778091825883,-5.794572743407841,-6.282773214250092,-7.119416452895173,0.012613909914848604,-5.933148008317186,-0.39146539142862424,-6.706587551381794
277,0.2776493922969142,-1.6152688258878694,0.35801248282815024,-0.6947365709896587,0.826023912166721,-0.7270990301164124,-0.47279645798101094,-0.8333118358990038,-1.3732706047242047,-1.6067513789636116
286,0.7776493922969141,-2.7002313266090257,-1.6306274789218083,-1.072180322071393,-0.4754182921924883,-0.5195802804769908,-0.6892761616190641,0.5817256633798398,-0.5047878076411019,0.1007673706758101
289,-0.7790213442410584,-5.522159421496388,-1.10697462153263,-5.394108416958756,0.4178798887529147,-2.841508375364353,-1.8395003453575196,-4.240202431507523,-0.35428667962469473,-4.01364197457213
29,-0.4700667364747533,-0.9059383137761009,0.5458503795940957,-1.1218833746267005,-5.120342354139209,-3.4876858651163607,-0.029462064334674187,-2.056188163409413,0.3511642357759006,-3.8441913878265925
291,-0.22235060770308585,-2.1152688258878696,-1.045664978200652,-1.487217821350237,-0.2589385885544352,-0.7270990301164124,0.027203542018989085,-0.8333118358990038,0.4192106456363732,-1.6067513789636116
294,0.5146149864631205,-2.9077500762484476,-0.630627478921808,-2.279699071710815,0.14854546452930437,-1.519580280476991,-0.4380259913544725,-1.625793086259582,-0.8732706047242049,-3.1917138796847677
296,0.6461321893800174,-3.7002313266090257,-0.22695001789300628,-3.072180322071393,1.0912812705161108,-1.8120615308375687,-0.13153755290909608,-2.9182743366201604,-1.165751855084783,-3.1917138796847677
299,1.388845602965138,-3.2002313266090257,0.9493081894673866,-2.572180322071393,-2.3439010892755916,-1.8120615308375687,-0.4727964579810111,-0.6257930862595821,0.18446800398576302,-2.691713879684768
307,-0.06138656025940473,-2.6152688258878696,0.761689943856952,1.5014221403997214,0.6447388724743668,0.3578634706047437,-0.9727964579810111,-1.333311835899004,-0.5807893543636267,-0.6533060811593525
308,-0.014831858063664074,-0.6152688258878694,0.2378553181612948,2.0517834346503996,0.6709725824214345,-1.3120615308375687,-0.9817574119796422,-0.6257930862595821,-0.3732706047242049,-0.691713879684768
31,0.7776493922969142,-0.3227875755272912,0.954335021799348,0.30526342901034137,-0.5514198389150132,0.2729009698835875,-0.05775895870216727,0.4591694144615744,-0.37327060472420487,0.6857298713969663
311,0.07013064265749216,-1.6152688258878694,-0.33814622856123006,-1.487217821350237,-1.097974541110754,-1.7270990301164124,0.6881675894626702,-1.833311835899004,0.03040685630459722,-1.8142701286030336
312,1.7776493922969143,0.6772124244727086,2.1152990692430294,2.8274604886895682,1.033542661806143,4.456062077006496,1.9422410412978328,2.4740430861586002,1.1267293952757953,1.8932486210363881
32,0.27764939229691415,-2.1152688258878696,-1.33814622856123,-1.487217821350237,-1.5514198389150131,0.5653822202441656,-1.7652777083415891,-0.8333118358990038,-1.0807893543636267,-1.6067513789636116
320,2.7126911069481894,0.6641584542609369,0.4188183623112486,1.8144059053042132,-3.086853004274836,-3.8474946961973906,2.7137256246392742,4.865925752308215,1.56634734214253,0.5646294201886521
323,0.7776493922969142,-2.1152688258878696,-0.545664978200652,1.0977446793709196,-1.5514198389150131,0.0653822202441656,-2.057758958702167,0.16668816410099613,-1.3732706047242047,-1.1067513789636116
325,-0.5654919413228473,-8.5664799377202,-0.41644141003158086,-6.277464885738885,-1.752334477800425,-6.178310141948741,0.07476350425873599,-6.123558900287652,-0.4217861090358289,-8.05796249079594
33,-0.5442787025904483,-3.4371969207752318,-1.0751118227274363,-2.8091459162375996,-1.7123838863586944,-2.049027125003775,-2.2947245528683733,-2.655239930786366,-1.2915212385827652,-2.4286794738509743
335,0.18840588482404602,-1.5462368746442814,-1.3161935253658745,-0.8105849474198127,-4.055700845666726,-6.512501248978661,0.597694549358773,2.519768417596469,0.13173615778616993,0.6524474900935188
336,-1.0442787025904483,-0.6912703726103945,-1.3675930730880144,-0.724183415516443,-2.5808666834417977,-1.549027125003775,-2.5872058032289513,-2.155239930786366,-2.4027174492509893,-1.1361982234903962
337,-0.1796348080377732,-6.546006163450755,0.2042497539760574,-4.625473908552545,2.9564309597748735,-5.157836367679299,-0.20179104351126625,-4.103085126018209,-0.33055480505889206,-6.037488716526498
339,0.9431078313542226,0.6428274130518141,1.3948920021368965,2.4304126379635074,-1.5514198389150131,-2.7270990301164124,0.8008650442116559,1.54850183996481,0.345085166344402,-0.31427012860303366
347,0.7776493922969142,-0.6152688258878694,1.454335021799348,2.2089408900391434,0.7410614114455648,0.2729009698835875,1.3329208980601626,0.6666881641009961,1.2116918959969514,0.6857298713969664
348,2.5701306426574924,0.46969367483328694,0.45433502179934804,1.512782178649763,1.826023912166721,0.2729009698835875,0.7641691361851951,-0.3333118358990038,0.9192106456363732,1.4782111217575444
350,-0.7223506077030859,-0.22458896912553944,-1.177182181117549,1.6737462260934444,0.29880002015553275,0.27290096988358753,-0.5355618990229404,1.3276522115446774,-2.3732706047242047,1.2706923721181225
354,-0.6106184377855643,-6.2769838859141664,1.3434345684458782,-5.441414131737112,-5.005616149301888,-4.888814090142709,0.6135269975939861,-4.3340628484816195,0.7072369891353204,-4.2684664389899085
358,0.2776493922969142,0.46969367483328694,-1.045664978200652,-0.32625377390655563,-0.2589385885544352,-0.22709903011641247,-0.18031520762043288,-0.8333118358990039,-0.37327060472420487,0.5542126684800694
359,-0.8073131084242421,-0.5040726152196455,-0.6306274789218083,-0.07218032207139302,1.0245817078075117,-0.5195802804769908,-0.9817574119796423,-0.6257930862595822,-1.958233105445361,-1.1917138796847682
36,0.7776493922969142,-1.1152688258878694,-0.83814622856123,-0.4872178213502368,-1.0514198389150131,0.2729009698835875,-0.26527770834158915,-0.3333118358990038,0.12672939527579513,-0.6067513789636118
364,-0.15872967851481823,-6.258226779729913,0.01636714396181907,-7.215138275913436,-0.9165506532684125,-5.455019484679612,-0.10704087594396197,-6.061232290462202,0.2601460105809477,-5.381226535722552
375,1.0203628058820349,-1.8522344200540757,-0.5751118227274363,0.4447514038617489,-1.3733479338023757,-0.756545874643197,-0.7187230061458486,0.22220382029536795,-0.9027174492509893,1.1150519467741955
383,-0.3073131084242421,-2.0392672791653443,0.5243001523715853,-0.9112162746277119,-1.0717408311636865,-1.3120615308375687,-0.8967949112584861,-1.625793086259582,0.18446800398576307,-1.6067513789636116
385,0.7776493922969142,1.8137216716759168,0.8228178188824511,2.7089408900391434,1.9485801610849869,2.5653822202441656,0.6032050887415139,0.16668816410099618,1.7876934427194764,2.1857298713969664
392,0.38044145912186106,-4.785720935516183,-1.9315890329230674,-4.828188389896083,-5.61611989594647,-3.79179908714787,0.24687980936180695,-6.335246451888532,-0.048932096987982954,-4.60868599495314
397,0.6956114294241016,-6.437196920775232,1.3073239726406092,-4.8091459162376,-1.6967745210533345,-4.256545874643197,0.04501549688434933,-4.862758680425788,0.21389265286275255,-5.428679473850974
399,0.12465611678774358,-5.022159421496388,-0.005146692155198862,-2.1016271665981776,0.7138375194343763,0.6806886843148737,-0.8359556329643599,-2.240202431507522,-0.5797214821916314,-4.01364197457213
40,1.7776493922969143,-0.11526882588786933,0.45433502179934804,1.3052634290103413,-1.0514198389150131,1.7729009698835876,-0.26527770834158915,0.9591694144615743,-0.8732706047242048,1.1857298713969664
400,0.6664531816286902,-0.33766124722431756,-0.1568611888688759,0.9573401255900345,-0.0016520021395561857,-2.5344539521740166,-0.50799112192671,0.3127785398476512,-0.8586974318944465,1.511768219686813
406,2.1583062779583653,-7.922623747945474,-1.1954451191301059,-6.294572743407841,3.304018511632667,-6.034453952174017,1.2568426734188365,-5.84818550759603,0.9187072979636962,-6.914106301021215
408,-2.210990569453044,-7.50758624866663,-2.5089919034156263,-6.879535244128997,-4.636382339636169,-6.119416452895173,-3.00799112192671,-6.725629258677764,-1.0748165519106725,-6.9990688017423714
409,0.5488139234785685,1.3889135918639313,1.4751088038071931,4.362171499462005,-0.07393422819276546,-4.344281561617675,-0.4219648435161646,0.24473514033028773,1.0766530545779947,0.361823288497335
40_2,-0.22235060770308585,-1.1152688258878694,-1.83814622856123,-1.487217821350237,-0.2589385885544352,-0.7270990301164124,-1.2652777083415891,-0.5408305855384258,-1.0807893543636267,0.18572987139696634
412,-0.22235060770308585,-1.822787575527291,0.18405083111799658,0.8274604886895682,1.7024774811843348,-1.7270990301164124,-0.39679491125848604,1.1201334619052554,0.2876934427194765,-2.1067513789636116
418,0.7776493922969142,-0.11526882588786935,1.322817818882451,2.903462035412093,0.6782959704036355,1.2729009698835876,0.02720354201898903,0.16668816410099618,1.1267293952757953,0.39324862103638825
419,1.3536509390194391,-0.6152688258878694,0.3228178188824511,-0.7796990717108149,0.6560989107244085,0.8489025166061124,0.20749839964722255,-1.125793086259582,-0.29726905800167985,-1.0307498322410868
420,2.438613439740595,-2.7002313266090257,0.45433502179934804,-2.072180322071393,0.5597763717532105,-0.8120615308375687,-0.057758958702167296,-1.91827433662016,0.49521219235889824,-1.6917138796847682
421,-0.1365041200298889,-2.1155256702987884,1.4790722453042675,-0.6594074059845747,0.11454723308919101,-4.133091389792249,0.351850854001694,-1.0988260386593127,0.8463480433902484,-0.6976283807096038
426,1.7776493922969143,1.177212424472709,1.1618537714387698,0.8052634290103413,1.033542661806143,1.0653822202441656,1.6469365093666837,2.3964039734196447,1.7116918959969514,1.8466939188406475
43,-1.9537039830381648,-5.50758624866663,-0.29220517805749047,-4.879535244128997,-2.7827732142500925,-4.119416452895173,-0.41166858295551206,-4.725629258677764,-0.7740912401558101,-4.9990688017423714
431,0.8331650484912859,-2.9371969207752318,-0.4639156120592125,-2.8091459162375996,-1.5808666834417977,-2.049027125003775,0.28127699385415156,-1.3627586804257883,-1.6951986996115673,-2.1361982234903962
433,-1.9702781211466713,-4.070715088970877,-2.264145647117453,-2.33146787376502,-3.7993473523585988,-3.9750265435599976,-3.2207239714245963,-1.8850806379532088,-3.036235617446634,-2.401233594602938
434,-0.31073020396839635,-3.553868281223726,-0.5824978279839107,-0.3397424434076803,-2.7676268729144224,-3.7506609861734255,-1.0820256998865156,-1.6109472437911796,-1.4433872629769584,-3.4693492875769434
437,0.13125851768299146,-0.5254158147704207,0.20124232813082854,1.5380952151847473,-0.37013479922265924,-2.0344539521740166,-0.6353980714411227,-0.1294828514423809,-0.5472322564343582,1.3783749493393622
438,-3.9162802925945526,-9.631126605666697,-1.6978756835226148,-7.2955568514896445,2.3346651066120767,-8.535438060255819,-2.779610811873453,-7.556688365317255,-2.797620884061656,-8.622609158742442
439,0.037848137458843106,-7.588108311424067,0.3181684792878706,-6.571253517554658,1.7252693135318857,-6.103615976681413,0.12556955975180867,-7.209828782464004,0.7692566590276463,-6.690787075168034
43_ref1,-6.849276401527934,-9.827157120433874,-9.550034523107234,-8.406624865535662,-1.3435432212853025,-8.438987324662417,-9.365969792219367,-8.384236083001326,-9.585158899270208,-9.318639673509615
43_ref2,-3.600223604569843,-8.689300534144007,-7.412177936817367,-7.853730779966952,-6.0960047026443664,-7.669613535455653,-6.839309416597725,-8.275826341238243,-4.74686259483925,-7.938069673634628
442,-0.7559077056323542,-2.0832036571780117,-0.7166969755461899,-3.1247213451001716,-3.1889233626649482,-4.18653064875371,-0.01262618256983633,-2.781559548022074,-0.5383449055703704,-1.379750467544615
444,1.2776493922969143,0.1772124244727088,-0.04566497820065196,-0.4872178213502368,1.1095442085286678,0.2729009698835875,1.264169136185195,0.45916941446157417,1.3228881066651752,0.8932486210363882
446,0.4851681419363359,-2.2002313266090257,-0.10118063439502392,-2.072180322071393,-0.3439010892755916,-0.8120615308375687,-0.4817574119796423,-0.9182743366201602,-0.6657518550847831,-1.6917138796847682
45,0.09636435260455982,-2.1152688258878696,-0.8584672208099029,-2.572180322071393,-0.8144542447488072,-1.519580280476991,-0.32079336453596113,-2.4182743366201604,0.10640840302712212,-1.1917138796847682
450,1.1813268533257162,-3.115268825887869,-0.27350472008874666,-2.487217821350237,0.4020254588892459,-0.7270990301164124,-0.06911899695220891,-1.1723477884553228,-0.4198253069199456,-0.31427012860303366
452,2.5701306426574924,-0.6152688258878694,2.246816272159926,0.30526342901034137,0.7410614114455648,0.7729009698835875,2.696138361397181,0.8276522115446772,1.6913709037482785,0.18572987139696634
458,-1.2392918541733848,-8.318642602414462,-1.0571266186760178,-7.0793953872086055,-2.7308908384378117,-8.222954057003584,-0.7158766383566245,-7.036685612425597,-1.1487478107478926,-7.310125155490205
459,-0.45931620186929223,-2.53351945974643,-0.12166652492317714,0.04107394283294667,-0.21238388635869457,-1.549027125003775,-0.8150455451170465,-0.7645600740240365,-0.4990399882221872,-1.6989636645323256
460,-0.13488776645274625,-1.9498103868305607,-0.3654243103722742,-0.9408392508903105,-0.5123444350476882,2.07575646858903,-0.9287704294201782,-0.16338683445669155,-1.482590747961875,-0.4774683620186453
466,-0.222350607703086,-0.9077500762484475,1.030336568521873,1.5999676318865153,0.9099962308237566,-2.312061530837569,-0.12052439974409662,-0.9182743366201602,0.8636949894420014,-2.030749832241087
468,0.2667552311892551,0.8512084503369859,-0.6950253300636705,0.3923811096049068,-1.805506873592507,-3.3050351928284654,-0.027595022379452633,1.9040277713981941,-0.4682424939596669,2.02952089897457
470,0.9728470335653095,2.118788282836402,1.1689171547666173,3.421714084725381,1.3994744437160422,1.1519947579261487,0.27430394859088947,1.973998194089563,0.281873119425761,0.018753152749631297
473,0.15348144555610102,-7.830582215725987,0.29605545554386226,-6.202531211188354,-1.2995806441609643,-5.942412419954531,-0.0772659436391997,-6.048625225737123,-0.3100915157650912,-6.953581971718627
475,1.1360995721084701,-7.01537211303617,-1.76951005798856,-6.387321108498538,-0.6841478160996951,-1.2089516834061529,1.2300549134215428,-3.230201988467588,0.09859249440340945,-5.604814771099541
476,-1.0135792522537705,-11.782886118348888,-0.8345078557814205,-11.76603132447948,-1.6337295249309927,-11.213431282885077,0.12951971896467274,-10.451161291584565,-0.3051410970075843,-10.535345023022309
48,-0.551923222268464,-7.006039756133111,-1.549042378645307,-6.301987204872953,0.20563790352239283,-2.08842311583487,-0.6169732347195056,-4.809045266865402,-0.8813294141736032,-5.3863260985406285
485,-0.014831858063664074,-2.2002313266090257,-0.26214468183870504,1.2497477728159694,-1.4754182921924885,1.1413837669666904,-1.1427214594233235,-0.4182743366201602,-0.5047878076411018,-0.8992326293241899
486,0.414823700648731,-2.1547444965852804,-1.6859625474581252,-3.0850285022140325,-3.3911687075822297,-2.7725610216468612,1.123067844659844,2.875810163374242,-0.6877882640382441,-1.6868447017126174
491,0.8069254834744708,-0.761446315639877,-0.8424272353129418,-0.3803026174337248,-2.1668970563349492,0.3183877999073328,0.6911020168587096,1.7409001302166913,0.2187709274952814,0.4437274953464447
493,-1.25179745222987,-3.1447156704146537,-1.4639156120592125,-1.0632193680727622,-2.5808666834417977,-3.049027125003775,-1.6337605054246924,-1.57027743006521,-1.034234652167886,-1.636198223490396
495,0.6096575472425236,-4.070715088970877,0.2795857735077169,-3.735145334793822,-1.0259001224147801,-3.9750265435599976,0.25345964436774254,-1.6905594925802594,0.5437000509425608,-4.062197642046619
50,-0.3073131084242421,0.3109525799052015,-0.6933929199637379,0.012782178649763137,-1.1363823396361696,1.1879384691624313,-0.8888241393239753,0.25165066482215226,-0.05455564441655897,0.7434684801069343
503,-0.2993687588008828,-8.353673565212947,0.7484279401268215,-6.9331413103147375,-1.7349092511006954,-4.673022519080913,-0.06218185006110335,-7.071716575224083,0.4444629517703545,-7.345156118288691
507,-0.6509121147573835,-8.05778333122711,1.1165281600790569,-6.268768279245796,2.3445908110026132,-6.669613535455652,-0.031649780380150316,-5.775826341238243,0.678767980137525,-7.0492658843028515
508,0.22287854517278546,-8.659662945246323,-2.907626992540128,-6.578166642904431,-2.6574595674959194,-4.066797681406015,-0.4738321924731183,-4.974028494228655,-0.17493480035199757,-6.490181450878385
52,-0.2517974522298702,-2.937196920775232,-0.8675930730880145,-1.6481818687939183,-1.9696704727735739,-0.38806307756009384,-1.5872058032289518,-1.362758680425788,-2.6951986996115673,-1.928679473850974
520,1.2310946901011737,-1.954304778444188,0.4765320814785746,-0.8262537739065556,-2.551419838915013,1.1635808266459173,0.39568633910209206,-1.040830585538426,1.1153693570257535,-1.3142701286030336
521,-0.25179745222987027,-4.229678171135809,-1.0445971060286565,-3.8941084169587556,-1.5231280747318299,-3.633989625724931,1.0602747204145948,-3.740202431507522,0.32456548248175154,-3.5136419745721303
522,0.30692548347447085,-2.4937804491415987,-0.027402040188094674,-0.12301603101884565,-1.2632195953061471,-0.7313800368681245,0.7008602486726271,-0.3638265525977836,0.04069902238264361,-2.2222285963835477
523,0.7013206296375264,-0.627742004452985,-0.22930929234427083,2.36363591080191,-0.866024545820175,-0.2689192058110395,0.508982544034959,1.9592430175962174,-0.2233432650348391,0.5307521447863232
524,-1.4573058794275846,-1.2898188999673965,-0.403645973328224,0.7435109525168093,-1.6967345940392238,-3.257828308256868,0.05169928603972346,-0.6240796709161129,0.14617669008345863,-0.026587597320928746
525,2.3815958181175807,1.147765579945924,0.8915695807574184,3.0774236871222462,0.30981317332053204,0.14713158638560508,1.2466456626355946,1.8362568565607889,0.6822450514701669,1.81019965937097
531,0.27764939229691415,-2.1152688258878696,0.06553123246757209,1.5239660851639905,-0.39045579147133214,3.018827518048425,-0.03556189902294041,1.2313296725734793,-0.2883081040030486,-0.021788878242455567
532,-0.25179745222987027,-2.437196920775232,-1.4991102760049113,-0.24450440776511606,-2.2123838863586944,0.7729009698835874,-0.5225642947564683,-1.1552399307863663,-0.4990399882221872,-0.7677154264072932
535,0.18354652250420678,1.2066862419601678,0.8672275289469363,2.5968301638257434,-1.3289539233187524,3.249863127413023,0.09547190105904266,0.3702130772257692,-0.026588988460789442,0.4467062229946442
538,1.5285679847480627,1.389820376122401,-0.5037037364281065,2.5127381497474732,-0.42272591756868755,1.0036406935266655,0.8649860667700205,2.3649905546919254,0.19842100227070555,2.1061188331944938
539,1.3437219320664227,-2.6250222052000196,1.7114574754978338,-1.3950083643235667,0.7930822696286812,-0.7685006744883565,1.1929585845711874,-0.48643411664052844,0.6236290303031955,-1.8528812568433275
540,-0.7615406412458372,2.544645458955949,-1.6795869270922612,0.5628195789652483,-1.3970383925695145,-1.4428675532306485,-0.6072103680576928,1.1768002511800002,-0.7303476857182116,2.4324905619590425
541,1.040683798130708,-1.4837516229709726,0.6210468886619437,-0.22418341551644308,-0.7123838863586947,-1.256545874643197,-0.2652777083415891,-0.8627586804257883,-0.4990399882221871,-0.5250020128221722
543,-2.8221867801212683,-4.50758624866663,-3.2770183535357313,-4.379535244128997,-2.943737261693774,-3.619416452895173,-2.996631083676668,-2.640666757956608,-3.9731067771423874,-3.999068801742372
545,-0.36874148231700854,-0.5319438911831438,-1.080859642146351,0.9750066621461748,0.4914450980979288,5.6847064453254195,-2.0431857858724087,-0.9797027105129269,-1.3586974318944465,0.31560950829743284
546,-0.18374849625899775,-7.960758876832244,0.6906698088628855,-5.540226621934034,-0.42617972862968145,-4.780107830700209,0.6432379282019216,-4.517837839399698,0.8103356443304359,-5.048563968879185
557,1.3888456029651381,1.1359813443767222,0.5655312324675719,-0.2796990717108149,-0.8439010892755916,0.6879384691624313,0.5182425880203577,0.4854031244086418,0.4454443555834409,1.2853842755086697
559,-0.5148318580636639,-1.7965538655802236,-0.6771821811175489,-1.279699071710815,-1.8439010892755916,-0.22709903011641258,0.6774010086878495,-0.46482903881590093,0.48917577620861064,-0.841494020614222
564,0.30388310224398213,-0.1424927178990577,-0.46433980937837277,-0.6685028610425907,-0.7678995425530665,1.3034156865823674,0.20363471863491744,-0.5995593763125142,-0.2972690580016799,0.17676891739833522
567,1.701647845574389,-1.2762328733315507,1.0551519523841733,0.7292618822878161,-0.6771892224129957,0.4947042956213946,1.5554953062021726,1.7387113489093493,0.608466457263238,-0.19896366453232556
57,0.13743472254717062,-7.97383926670622,0.6653514933837008,-6.845788262168588,2.2588954303116457,-6.378150721295341,-0.5049070764364321,-6.1918822767173545,0.09672512015998332,-7.25780307014254
571,0.18249215925657408,1.2206172218093256,1.4906070120523283,3.5797803187086012,-2.2751196417066573,-0.7080854193229356,1.1912306408610909,2.057041397574773,1.6227693389377196,2.536753096737659
574,-0.5442787025904484,-3.4371969207752318,-1.3675930730880144,-1.1481818687939183,-1.3733479338023757,-1.049027125003775,-1.2187230061458485,-1.8627586804257883,-3.1951986996115673,-2.9286794738509743
576,-1.307313108424242,-3.2002313266090257,-2.130627478921808,-3.072180322071393,-0.9754182921924885,0.9952933912200352,-1.6892761616190641,-2.41827433662016,-2.4582331054453608,-2.191713879684768
578,0.25588106815508993,-0.12912466644885223,-0.14415550874302357,2.4444591523121986,-0.2807069126962595,3.4263422680391695,0.25223432877140933,1.097303551816946,0.7224754193075356,1.285688565687281
58,-3.6055080099792134,-8.598262400582179,-3.4399718555774483,-9.470211396044547,-4.431992007284067,-8.710092604810722,-4.075291484833842,-8.336626402841986,-2.1149967373538026,-8.478548742989698
581,0.27764939229691404,-3.7002313266090257,-0.762144681838705,-1.779699071710815,-1.6363823396361696,0.038158328232977295,-1.396794911258486,-2.9182743366201604,-1.1363050105579986,-2.691713879684768
586,0.17189733970005822,-3.5362926459997515,0.9391904765332606,-4.123120129081,-2.1364754948659037,-4.106034710417558,0.13469583363868995,-4.889065993507499,0.3136503133118604,-4.325619652732601
588,1.409166595213811,-1.0335194597464297,0.8675668943020021,-2.016664665877021,-2.8733479338023757,-0.4640646242826188,0.9349912564502751,0.2982053670178928,-0.630557191139084,-0.343716973129818
589,-0.626028068731888,-3.5911412415842587,-0.9258742822690007,-0.5648569340891922,-0.6829370418319103,-1.389700643576524,-1.461436419730969,-4.725629258677764,-1.29726905800168,-4.706587551381794
590,0.540683798130708,-1.8132331640534392,-0.2661230437528768,-1.8091459162375993,-0.21238388635869457,-1.3880630775600937,0.3662394945753078,-2.07027743006521,-0.8732706047242049,-0.2677154264072931
596,0.9936546812381929,-4.023227293668383,0.14784658335397194,-3.6876575394913287,-0.5471640889872545,-2.6350574978969266,1.1708889784444863,-4.033751554040096,0.7097923622582201,-2.8071910971047034
598,0.3659410445354131,-0.5106217224788969,-2.2041796259379134,-0.006273884808769503,-2.359902747942802,-3.660223335671999,0.14167307883437383,1.9227790282040345,0.15175810089639857,-0.5223779738410963
599,0.7025059017121991,1.9953914834471669,-1.0284482296687147,2.715394474195344,-3.356279138818377,-2.020945176854777,0.8027712476292833,3.5475810702193007,0.3906218572473992,2.512255303267697
599_ref1,-1.4236298388143163,-5.024634871390634,-5.130279647245484,-3.3045837735259838,-6.195062388720701,-8.583873957273148,-3.8331808766176954,-3.2132310368749843,-3.1841625626225403,-2.8065651766841992
599_ref2,-1.103233468941359,-5.408861772837998,-5.501917267194848,-3.8735138941564977,-5.326953072961816,-9.256529584262564,-4.219993467459369,-3.7046016241720445,-3.206441820080318,-4.003960632996462
6,0.5364027913789959,-3.637636638916324,-0.08441966181110985,-5.717104384018113,-2.689695489555005,-0.526442139786592,0.7821301548293531,-3.533751554040096,1.1831534751109216,-3.0441566912709104
60,0.4851681419363359,-1.7467860288047665,0.5243001523715853,0.8314971389574088,-0.9754182921924883,-0.5195802804769905,-0.03556189902294041,-0.22211562523078004,0.3988896533877001,-0.5307498322410868
61,0.27764939229691415,-1.6152688258878694,-1.045664978200652,-0.9872178213502367,-2.051419838915013,-0.22709903011641253,-1.2652777083415891,-0.8333118358990039,-0.08078935436362683,-1.1067513789636116
611,-0.014831858063663939,-2.7002313266090257,-1.0194312682535842,-0.08354036032143466,0.09333346968247919,-0.6510974833938876,-0.5780799509508401,-2.1257930862595824,-0.7972690580016798,-2.6917138796847677
616,1.040683798130708,-1.2410382093858519,0.5858522247162449,0.5945315447912027,1.043097073279995,0.9731699346754519,0.14251000608969722,0.04091878060301374,-0.4990399882221872,-0.5250020128221721
619,1.585004314354518,0.5808898855015107,1.3114577806324093,2.7526723106643134,-0.2589385885544352,-1.2270990301164124,-0.11035007704819529,0.45916941446157417,1.0741382769297672,0.2706923721181225
622,-0.38221968960135494,-3.474625770692861,0.3364022185285889,-3.487217821350237,-3.0743216837215757,-3.9346177797558344,-0.09246214904177108,-4.22211562523078,-0.7820734280219404,-3.788036418655966
627,0.27262255996495277,-4.539267279165345,-1.177182181117549,-2.487217821350237,0.059239455077551656,-3.0195802804769905,0.6287340135612461,-4.4182743366201604,-0.704335785346013,-3.1917138796847677
631,0.7776493922969144,-2.3647696682058936,1.3179977715779971,0.049012671452755924,-1.9779749315512936,-2.6812953405032873,0.19254127058204729,0.03035091387964503,0.2845339219879728,-1.8312318800318381
632,-0.00908403864474916,-0.31703975610837665,-0.4435946198105391,-0.3518636544906293,-1.845056169619192,-2.9672777588623354,0.553086798053285,0.04502903400549824,0.023281969305234296,0.9770560414139439
636,-0.01683282334241193,-2.667037627942075,0.2035842267851917,-2.574181287350141,-1.5454500322592506,-2.9750265435599976,0.06924824155266952,-2.788758098982011,0.06360055497154823,-1.9012335946029377
638,-0.6463490609805609,-1.3227875755272915,-0.969663431478127,0.5127821786497633,-1.5514198389150136,-2.312061530837569,-1.6427214594233235,-1.9182743366201602,-1.9582331054453612,-1.5307498322410868
639,-0.5125199236313545,1.6188141991660134,0.8344010727772679,2.5240305109873438,-0.8365605319955449,2.7267074832789926,0.14457410886532385,1.192767011977816,-0.44378588750870546,1.624740405538049
64,2.3422909007693975,2.4311097445720566,0.5655312324675721,2.646175448997214,1.4923115817101564,2.0653822202441656,0.6383997526872128,1.8366131655433084,1.517409252038125,4.381888582786346
640,-0.4541031918972079,-1.1681076307169496,-1.7628766725662268,-1.8689616538003073,-3.1276848167380336,-6.5217197790080395,-0.19195299644819497,0.9736075664783701,-0.9919731314316345,-0.6866033732304999
642,2.4738081036862942,1.7418539329451919,1.1840508311179965,2.9956743209808065,0.6447388724743668,2.938359408940896,1.845918502326635,3.273847724501379,1.7116918959969514,3.300139216644907
648,-0.9957248757082233,2.169375100021024,-0.3032952576682863,3.6710547174829893,2.049074445296158,2.122451766686578,-1.0465874719763448,-0.6278203403431734,-1.3454117485491115,1.431203004715523
649,-0.17954967384181553,2.445780191317578,-1.0289228199373706,1.0744434548521076,-4.635550815024847,-6.192005622448486,-0.4592477881993341,3.4946144218389206,-0.04760633503615522,1.6951932006528534
65,-0.959316201869292,-0.6009842497894841,-0.11634290282342297,-2.1481818687939183,-0.3847079720524177,-2.549027125003775,-0.12876846113838136,-2.655239930786366,-0.46548289029291845,-0.3142701286030336
651,1.3536509390194391,1.0789790300253064,0.3228178188824511,0.5517834346503997,-0.6477423778862114,-0.8120615308375687,0.9692793776757291,0.9854031244086419,0.7116918959969513,0.3729276287877154
652,-1.652098660710081,-2.6583585938509287,-1.8350780439079077,-1.410827924316926,-1.8976084192666969,-5.901627725534251,-1.7485201211795083,0.888224159735381,-1.2115234887544473,-1.9204456438857769
653,-1.0504950816363894,-0.5781012661749831,-0.5476142380132323,-0.07423252123776115,-0.047748851244429236,0.9790877875362487,-0.8996230594167023,-3.102921658164476,-0.8593535006258419,-2.9738971088975523
657,-1.201819979576928,-4.404498059140474,-1.3126971517740298,-2.5821644106440154,-2.9705287090680845,-2.5262325039091076,-0.6714985166074732,-3.6912928310265762,-0.3584984669171971,-3.340768617369391
658,0.6755790339068013,2.270359563618724,1.2140755338005074,3.6484760433930687,-2.1569801712395265,0.39532912725921965,0.4779943841307155,2.0620826782860955,0.5627208942666887,1.28567267993196
66,-1.014831858063664,-3.7002313266090257,-2.262144681838705,-1.779699071710815,-1.8439010892755914,-1.812061530837569,-1.4465627480339434,-1.625793086259582,-2.1657518550847827,-2.6917138796847677
660,-0.5208181788967021,-1.7527723496378045,-1.475649752311165,-0.7856853925438531,-2.1889233626649482,0.45617046067741435,-1.1600678185064033,-1.228101946063818,-1.8792569255572429,-0.870024286211529
666,-1.4318039733320358,0.5711441531871717,-0.9341045349716086,0.7332437218368737,0.6235187676373904,0.7332278763985292,-0.6073762638576198,0.33421085791111893,0.3255358851588282,1.5070161083135645
667,1.092327702336719,-1.6152688258878694,0.425592274468968,-0.13699796227969074,-0.32170402959636457,2.109113640869335,0.09184505049147226,1.124627853518883,-0.38463064297424643,0.39042533946581714
668,0.7922225651266726,-1.8376612472243172,-0.2290561435364633,0.40586697473325123,-0.6978107135289362,0.7273270258544897,0.5607606399482574,-1.3481855075960298,0.3840159816906743,-2.414106301021216
673,1.2658670669252459,0.11103569228270993,0.9000251983966265,-1.1295369333617875,-2.7583875472246877,-6.589219755604908,0.49720150740503105,1.0887333440204185,1.1106955740373587,-1.234580445948694
674,-0.9388303113411388,-2.115268825887869,-0.8746779596560919,-0.6742506804615056,-0.9814547083427758,0.8696408345941922,-1.1617554798400829,0.08422600390902318,-1.0155543884159224,-0.1867218353984569
676,0.8805284218967372,0.6831251421711036,0.5827464807410513,1.2912756426797487,0.08922321627999497,0.20444599777641284,1.0047874185183125,0.7366532946732337,0.6927548791332399,2.128743304928371
677,0.17242298828445307,-5.363196339331455,-0.3771474845618663,-3.735145334793822,-0.7609395538331832,-2.3900640428388416,1.3907740793430639,-4.081239349342589,0.7083538635690407,-3.854678892407197
683,-0.9536335423838007,-7.700231326609026,-3.308699384034446,-6.072180322071393,-3.7199373325537985,-5.8120615308375685,-1.9505993983017842,-6.91827433662016,-1.3808240509193093,-6.691713879684768
685,-1.3685746370151806,-7.636786537564886,-0.4790070545767952,-8.412412994056055,-1.314876495045619,-6.283811405739128,-0.4421543343511757,-5.805061710800563,-0.8065978387114741,-6.870982504225749
689,-0.8687414823170084,-2.1301424975848957,-1.6455011506188342,-0.3908952823790387,-0.8587747609726173,3.9209610884742707,-1.5726326303991933,-0.8481855075960297,-2.180625526781809,0.03933899678304342
690,1.7128317520886167,-3.115268825887869,0.8580124828281501,0.6414760999960891,0.060580998184039225,3.275011203042685,1.6836450196611668,3.3188638249326154,-0.12734405655936734,-0.08455431928438506
692,-1.9348749200089026,-7.382055366582771,-0.8533925933796669,-6.754004362045138,-2.572279831445077,-5.4938855708113135,-0.6235724374087996,-5.3076171262333265,-0.7889708027363321,-6.873537919658514
693,-0.9899090555227489,-4.4565710798688105,-0.1276952915363997,-4.621001325691756,-3.892722092895955,-3.923647975499862,-0.44787365544009605,-3.737379530921875,-1.3748328089524238,-3.7870895855008726
695,0.5573303400923068,-2.8674485147594893,0.8805113821596149,-3.477164156686314,-2.8715511259406794,-3.983292905866,0.06970342152041795,-1.1463308030647499,-0.4707581735913574,-1.1717104363019923
697,0.7148839512549847,-2.7467860288047663,0.12984552500319238,-1.5075388135989098,-0.11282038357915672,-2.0195802804769905,1.382798021635381,-2.4182743366201604,0.8482011432001593,-2.1067513789636116
7,-2.6098481455091074,-2.590701046289676,-1.330330902704348,-1.4940913882326645,-3.86367554309711,-4.84178576337794,-2.849870524226751,-0.8913779279398084,-0.9477535461288009,-2.7260770190191446
701,1.1241794861846617,-7.422623747945474,1.5186478532166874,-6.794572743407841,0.26247736923964987,-5.741972701813439,0.8479652519972332,-5.34818550759603,0.44127758039048043,-7.414106301021215
702,0.4723052958084848,-8.569465136274744,-1.942122679877559,-7.148932881376533,-0.9768740899024396,-3.5573315837814947,0.38193225747836135,-5.287508146285878,0.40106317865342817,-7.5609476893504866
703,2.2310946901011732,-0.8227875755272912,0.45433502179934804,-0.1947365709896587,0.10954420852866786,0.2729009698835875,0.3329208980601626,0.2516506648221524,1.0041731463575296,0.47821112175754443
705,-0.23472397285756064,-9.197417867241741,0.522552916754596,-6.569366862704108,-0.14874914752448326,-7.809248071470284,0.34054052902450976,-5.011783416224073,0.009590939265126046,-7.396419169956905
709,-0.17443174661284483,-1.0858375866682375,0.32047324199570987,1.172066720048487,-0.8077595921747988,-2.2626839280561803,0.8945150032228812,0.20282966120178855,0.7068641926635355,-0.48268496416311024
711,-0.22235060770308585,-2.1152688258878696,-0.1771821811175488,-1.487217821350237,-1.5514198389150131,-0.22709903011641253,-1.396794911258486,-1.333311835899004,-0.8732706047242048,-1.6067513789636116
713,-1.5252204051420133,-5.345438858021341,-0.582713556149586,-4.818857882818847,-2.564596570008568,-7.8512203419456,-0.20134763342669523,-4.498001529090894,-0.19435561177513588,-4.515646414960035
715,-1.140601241561646,-6.759125015662594,0.3188829758679003,-5.631074011124961,0.40394649203644317,-2.563600297833533,-0.34529791459682313,-5.977168025673729,-0.9117911226061188,-6.250607568738337
717,-2.28785035247008,0.6057043266385659,-2.2874577183736893,0.6112874218731981,1.087540111375938,-1.4444369700489765,-1.4719603951514468,2.5002067742626792,-1.2239313743498552,2.9788984309879014
721,-1.2892350579775957,-7.443934254190886,-0.24563375675412485,-7.239881702930727,2.359506188418483,-6.979762911696904,-1.0519942029814393,-6.5172239556045275,-0.711315920804837,-5.886986037640334
724,1.0909628059589331,-5.477866734501201,2.100776334153795,-4.188851682519887,-0.8597555191392605,-2.762021024423467,1.104879951970923,-5.0643925415954385,1.261546846777761,-4.934154623631244
727,2.0923277023367186,-0.9837516229709728,1.2567660508787784,0.869080068873278,0.355342505733892,2.066133232826781,1.6173570520037055,3.4256409408659714,0.7966543967181074,0.5484186813424634
729,0.5051700493705338,0.4441094699016352,1.169685128716075,1.3002418457625646,-1.2217521676494874,1.9171701356022142,0.41278246821055264,0.024980943498638497,-0.020825412471763567,0.3874304198869158
731,0.5815685956019414,-9.317413858110287,-1.2404498003316728,-7.689362853572655,-1.7611623859613643,-8.908923070090157,0.15293885871394983,-5.174223855885876,-0.03813433217949899,-7.979586639962797
732,1.011401851883404,-3.2002313266090257,-0.6879487618923695,-2.072180322071393,-0.37460136160766305,-1.6045427811981468,0.22576133765977985,-0.30707812595193607,-0.7972690580016799,-3.776676380405924
734,-0.8130867704457705,2.5079095763854964,-0.40646903128513967,1.8071532333056481,-1.4269189297144422,-1.197627666765217,-0.33146971337319153,-0.8750531032961412,-0.4482483921452832,1.7796654720874592
735,-0.14033305445355604,-8.669857677565506,0.51703639736296,-8.041806673027875,-0.08810439114955505,-6.78168788179405,0.3147454912765021,-7.387900687576641,0.6641568799192645,-8.16134023064125
738,-1.2223939566121125,-1.2474625686253544,-0.34433893158372864,-0.3982064789499234,0.3775990582457258,2.924998724226139,-0.882936287384498,-2.413995638324561,-0.6002748411093206,-2.603162470364797
739,-2.44093781273712,-8.92728456451048,-1.8281239878800493,-8.138269512529167,-3.1779012107899502,-8.039114768739022,-1.8746606552259726,-7.42884787088356,-1.0477242398520843,-7.535999744404732
740,0.8626118930180702,-2.030306325166713,0.3340017253966785,-1.9872178213502367,0.1317412682078946,-2.2270990301164124,1.6203294565560102,-2.1723477884553226,0.7041384498018473,-1.6533060811593525
741,0.9851681419363361,0.4607327208346555,0.30660708003626236,2.40637069870975,0.31706295816808966,1.6413837669666909,1.003439356977696,2.752762997379409,-0.373270604724205,1.5359497304675123
742,0.7305952708076111,-3.280842546027597,-0.07054809740460903,-3.163755460957341,-1.051785621714456,-5.376846149621095,0.7520497286928611,-2.7830936519593683,0.477832973419286,-2.462141180677162
748,-1.6499200956025706,-6.209192280607657,-1.1399642326270085,-6.449624073153127,-4.741665832605999,-4.078309071251079,-1.8977850933226064,-5.588199338062472,-1.5251087998897748,-6.069157630766503
749,0.7272572824228276,-5.995212917498787,1.767209804325025,-6.367161912961155,0.9704367751413858,-5.3995243720879085,1.0077140743816382,-1.9423849414489045,0.43297979328798664,-5.48669547057453
754,-0.26890530989882655,-4.115268825887869,-1.1954451191301059,-2.487217821350237,-2.258938588554435,-1.5661349826727313,-0.9727964579810111,-1.5408305855384257,-1.3086290962517215,-2.6067513789636116
755,0.1813268533257163,-3.115268825887869,-0.4344687675324279,-1.9872178213502367,-1.258938588554435,-0.7270990301164124,-1.1803152076204328,-2.333311835899004,-1.0807893543636267,-2.6067513789636116
756,0.33877726732241326,0.5382967205917715,-0.9845371031751529,1.1083887398743952,-0.6540792929037668,1.0516208811043966,-0.6227583672169437,1.125023972301548,-0.6046239800592839,2.0864022825487183
760,-0.13106931374570358,1.3002260914741066,-0.44832875685731444,0.323984424447584,-4.745520496068277,0.6825630136821804,-0.3318960348952618,4.30482441503016,-0.8250501711601804,0.8375519151785557
77,2.2776493922969143,-0.11526882588786935,1.822817818882451,0.30526342901034137,2.486987959610402,1.7729009698835876,0.8459185023266348,2.6553281258509545,1.2876934427194764,0.6857298713969664
772,0.909166595213811,-0.8725554123027486,0.569641485870056,-0.724183415516443,1.4256783162784241,2.828416626077959,1.027203542018989,-1.07027743006521,1.05072784855327,-0.6989636645323255
775,0.2616342452932495,-8.275140162666258,-2.716896353229083,-5.147089158128626,-2.930169963582866,-4.657254557576153,-1.096136305242404,-4.797024461288013,-1.4947341429771788,-5.444694620854639
778,0.4354003051608787,-2.361195374052707,-0.3948169650992025,-1.0794301069189505,-0.3098523310838874,-2.341508375364353,-0.4875513991172484,-0.8050200717158202,-0.9654828902929186,-0.9286794738509743
78,0.27764939229691415,-2.1152688258878696,0.7468162721599261,-1.487217821350237,-0.2589385885544352,-0.7270990301164124,0.8196847923795672,-1.333311835899004,0.2876934427194764,-1.6067513789636116
782,1.5203628058820349,-2.6447156704146537,0.8399256765514075,-2.3091459162375996,-0.8087064253298926,-0.09558182719951572,1.0461874671184992,-1.3627586804257883,-0.44927215144673005,-0.975234176046715
783,1.7573284000482414,-0.9077500762484476,1.398819365604976,2.689600655957113,1.2138375194343762,4.796008247374999,0.7831530612847055,2.224426772810964,0.9769492543463412,2.004444831704612
784,2.2776493922969143,0.04569522155581193,1.9837818663261324,0.5127821786497633,0.7410614114455648,3.8578634706047437,0.8956863391020922,0.9591694144615743,1.9340843173333995,0.8932486210363882
789,-0.5968197256192269,-6.574700444525167,-0.7874350967762036,-5.946649439987534,-0.6839810681990262,-4.394049398393132,-1.9821301051010534,-5.000262204175723,-0.6365435119721219,-5.56618299760091
790,-0.9771954984408133,-2.319311195206408,-2.207791552117455,-2.7386195192953444,-2.9384725477688187,-3.105907677575933,-1.5375894941340102,-2.6959097445123357,-1.198292376378857,-1.4824926333370814
791,-0.6406012415616464,1.6843900709612436,-0.8238616524628448,-1.0166646658770213,-0.20342293236006348,1.4438938434978954,-0.8412792550641142,-0.2017946329821071,-0.8732706047242049,2.6487295806750777
795,1.9006175887630112,-5.732383609324236,-0.09007998184285576,-4.861619191201482,-1.4974770799916393,-4.442412419954531,1.4499853458016263,-1.6417346301286033,1.013590131969219,-3.7222285963835477
796,0.668918862211966,-7.47383926670622,-2.267726171815794,-5.760825761447431,0.2713269645838963,-3.6322241731305036,-1.002848301267267,-4.91972201860545,-0.5693757540181125,-5.804357772338281
797,2.9738081036862942,-0.6152688258878694,1.954335021799348,0.09774467937091941,2.9707772207642136,1.5653822202441656,1.8459185023266347,-0.5408305855384258,1.9486574901631577,-0.10675137896361177
798,1.374670590535451,-12.277660154644774,0.7264652114073398,-9.488645102663462,1.7982980362239813,-8.539270499802772,0.8390211350491399,-6.060520804864207,0.6889901103518361,-6.774800364334434
800,0.04068379813070788,-1.352234420054076,0.3285656383013656,0.48333533412297874,0.46639211595034724,-1.049027125003775,-0.5022433025077953,-2.655239930786366,-0.5342346521678861,-1.025002012822172
801,-3.3410409597027386,-3.1113526135142466,-3.660074323448592,-2.7429207682257744,-0.5316325851445904,0.45376854111977494,-3.899154884863001,-1.9204972891357563,-2.822035955281545,-3.3892290599775166
803,0.8739719312681122,-3.9226237479454733,-0.29528129154828814,-2.7945727434078407,0.8243863461502904,-2.5344539521740166,1.071608175497917,-2.640666757956608,0.2133257529139071,-2.414106301021216
804,-0.3893009759798052,-1.724480585454621,-1.3089378854485691,0.22327556145477823,-0.6201716007899809,1.287652967038629,-1.271264029174627,-0.5388461344369531,-0.8975198635697997,-1.6127376997966498
805,-0.8618686080501559,-3.323538588109907,-1.2048796976977656,-0.6489328813765336,-0.42473527764955077,-0.9515795311846388,-0.9980022708040999,0.09243594532503868,-1.1227714470422288,-2.1572702283216847
807,-0.014831858063663939,-2.9077500762484476,-0.6157538072247822,-2.572180322071393,-1.1363823396361696,-1.812061530837569,-0.9130056501046748,-2.9182743366201604,-0.6363050105579986,-3.1917138796847677
808,1.7310946901011732,1.7940222628525597,1.0392975225205041,3.4628382101384916,1.994958731544913,0.0653822202441656,0.2569193513376377,1.070365625129798,0.7694305047069195,1.4782111217575442
809,-0.18645184656098268,-2.1976383665741253,0.5093251454258428,0.05281618401423373,-0.9638010137694949,-4.16245752164393,0.2913084903303439,-0.6870791184243696,0.8973306522723141,-1.8040116199327771
81,-1.7747956213813567,-0.9587312505353536,-0.5145549989612936,-0.37249239597435424,-1.7991862468526145,-0.8404059885099789,-0.660949882753502,-1.0189902135091893,-0.9000753659306291,0.0010625373273913108
811,1.8973823596446087,0.1216967682783367,0.6618537714387699,1.305263429010341,1.7493623951141295,1.8166323905087571,1.630725770520495,0.7426897108235211,1.0881454650145652,1.224731127397603
812,-0.8073131084242421,-2.1152688258878696,-1.045664978200652,-1.118735024267134,0.9510805016141698,0.21013552884165798,0.7657703522043672,-1.1257930862595822,0.15617623980257936,-0.9955551682953878
813,1.5551332725085738,-0.033280958332306376,1.1152990692430294,0.039015888596831166,0.9207780345575095,0.6029759684412751,1.9512294809609094,0.561404671131167,1.7340988196723017,1.3353244566931284
819,1.0869277776303643,-3.7322895257439535,1.3980223689105689,-4.4490684609002455,-1.8953328463814154,-4.315827965789313,0.8323993828614853,-5.479779380281872,1.4854093412568665,-6.914182970790161
821,-0.40563661267418777,-2.7985548308589716,-1.2787188199472115,-2.942664084433244,-0.8829023452762278,-2.9750265435599976,-1.5020213152709472,-2.62779405153833,-1.632558156417832,-2.562197642046619
823,0.674423953563201,-0.39346550015006204,-0.25354003682259363,-1.1016271665981774,-0.22859462520488313,-2.633989625724931,0.5304024276180643,-0.6068091611600719,0.05605147065302429,0.5989617438996205
830,-0.5442787025904484,-2.937196920775232,-1.1600743234485924,-1.516664665877021,-1.4199026359981166,-0.2565458746431969,-1.1835283422001495,-2.155239930786366,-1.195198699611567,-2.1361982234903962
833,1.040683798130708,-1.0335194597464297,0.29337097435566667,0.48333533412297874,-0.2123838863586946,0.6968994231610625,1.0797445650477677,0.3447600692136336,1.0094967684572835,0.7760159942178767
835,-1.0997943587848202,-2.3317485295259224,-1.9231087292823863,-0.26646296603021935,-1.9288635899967477,0.056421266245534396,-0.8018094394364507,0.48825995000583877,-0.8822315587228361,-1.3232310826016649
837,-0.604260921169824,0.3966166942634797,0.14741745562352898,1.1467049883898586,2.714254845173783,-3.245020938113675,-0.7955144495932089,-0.3616783663883735,-0.5645908317044785,0.7535214767034761
838,0.5180431295940021,2.4011838405088684,1.4534985569463816,2.0847721218977386,-0.46208261105236226,-0.48360201010136017,0.734276607113826,2.3498643257576353,0.48651656566729395,2.987740755384167
839,2.7038707980899854,2.0625290779385095,1.66185377143877,1.3752285595825788,1.7800626674462012,0.5381583282329773,1.6345729664154955,2.32161579539439,1.1751601649020897,2.6338119659046964
841,-1.9461772539126556,-2.929226148840721,-1.381016109066182,-0.02165413333780046,-2.95670921850436,1.572365858914201,-2.382095561738417,1.2246733452011427,-0.6286767618319496,-2.2818888701154707
842,-1.0167175337888068,0.12217241100827275,-0.30450702860662016,0.45399230439496124,-1.4405256644325912,3.909602604529809,-1.5737304049535443,0.5893145390551919,-0.7456971317685671,-0.2040793647277341
843,-0.43227208005338946,-10.862603003916599,-0.0924974663894392,-10.366069202295863,-0.25315639507506954,-7.586673790677342,-0.09691748325450228,-9.143411454969662,-0.2632711767090135,-11.485602759909238
848,0.7310946901011733,-1.1618235280836102,-0.09221968039639263,-1.1947365709896587,-0.30549329075017595,0.8578634706047437,-0.6413139516197963,-1.333311835899004,-0.2123065572805236,-1.4457873315199306
850,0.5786673993369631,-2.9691784501412144,-0.14620593574616997,-3.5020914930472626,2.3130263079002487,-2.6307764911452147,0.3272105502664321,-1.9109509486379592,-0.06022986070083036,-3.06388644195067
853,-0.6920969842159903,0.09701599146450512,0.038086369625635164,0.9823851054388024,2.907580009433416,-4.146797489275523,-0.6685947006836765,-1.219401795547346,-0.7552585563937761,0.2637503526633361
854,-1.6602622975852277,-9.305093384767886,-0.2658223686099349,-7.677042380230254,-2.2028365992696153,-5.46347829119217,-0.40424263985279657,-7.523136394779021,-0.6609288005104142,-8.29657593784363
857,0.4307413186044299,-7.795177915902804,-0.8064316939208451,-4.816907052294625,-0.6500545878299859,-2.6793445099790665,-0.5094908411629574,-3.9694895052887684,-0.845837076835532,-5.333215171174287
859,-1.2331011423085467,-0.6272727882986178,-0.21272373014829005,0.2748878477195433,-2.3449689614475866,-3.0500949971757705,-0.7517554873848804,-1.1723477884553226,-0.8126034728094668,-0.32610458154984984
860,0.3404148333388435,-0.5303799283013565,0.4467885481433591,-0.6591950219589178,0.39282600347649127,-0.3180478516706068,-0.40038073895961357,-1.1317794070926201,-0.6767650082497825,0.4327203722295571
862,1.2370810109342116,1.0637820278325545,0.6632612792422969,1.4312018585241215,0.6095442085286679,-2.3234215690876105,1.527203542018989,0.9420615567926176,1.598536246082817,1.1628280265904039
868,1.3536509390194391,0.29976867339097446,-0.13062747892180826,0.01278217864976311,0.1560989107244084,0.34890251660611243,0.5182425880203577,0.9854031244086419,-0.373270604724205,0.6156410423728362
869,1.0203628058820349,-1.6447156704146542,0.29337097435566684,-0.3091459162375993,-1.7123838863586947,-1.549027125003775,0.5737582442147297,0.2484375302424356,0.8269983600676595,-1.6361982234903962
87,0.27764939229691415,0.3137216716759168,-0.83814622856123,-0.6947365709896588,-0.7589385885544352,2.518827518048425,-0.3280431493835186,-0.040830585538425834,-0.5807893543636268,2.2329886707891116
870,-0.7223506077030859,-3.115268825887869,-0.38470093075697076,-1.1947365709896587,-0.9664573381938572,-0.22709903011641247,-3.057758958702167,-2.333311835899004,-1.7123065572805236,-2.6067513789636116
871,1.2776493922969143,-0.6152688258878694,0.66185377143877,0.5127821786497632,-0.2589385885544352,3.933865017327269,0.7347222916584109,0.8276522115446776,0.7116918959969514,-0.10675137896361175
879,-2.346788779121653,-6.400671044750117,-2.069286219034394,-5.772620040212486,-4.044340807416684,-4.012501248978661,-1.3118007939818934,-4.618714054761252,-1.0737103228652969,-5.39215359782586
880,1.2776493922969143,-1.1152688258878694,0.3228178188824511,-0.4872178213502368,0.5335426618061428,1.2729009698835876,-0.26527770834158915,-0.3333118358990038,-0.37327060472420487,-0.6067513789636118
882,0.4851681419363359,-2.7002313266090257,0.273049982106994,-2.072180322071393,-0.2589385885544354,0.9804197195230092,0.7040220193263391,-0.9182743366201602,-0.16575185508478307,-0.691713879684768
887,-1.6758566224402074,-7.383453150664796,-0.827897929954845,-6.755402146127164,1.0357048973888767,-6.495283354893339,-1.2019795267573008,-4.648050862871671,-0.5898110252951203,-7.3749357037405385
888,1.5963643526045597,-0.9077500762484476,0.23785531816129496,0.49246118640109005,0.26729512139263256,-0.31206153083756866,0.0869943498953252,-0.333311835899004,0.041766894554638945,0.7617314181194914
89,-1.4006228684811695,3.764883407617968,-1.697356084589274,0.7672756061471433,2.1496873745850245,3.1668647623682142,-1.7796304404311858,0.06571183135559648,-1.8347341764434688,3.60634951486621
892,2.0701306426574924,-1.1152688258878694,0.45433502179934804,0.012782178649763193,1.4485801610849869,0.2729009698835875,-0.26527770834158904,-0.3333118358990038,0.7116918959969514,-0.10675137896361177
897,0.27764939229691415,-1.6152688258878694,-0.83814622856123,-0.9872178213502367,0.03354266180614285,-0.7270990301164124,-1.2652777083415891,-0.8333118358990039,-0.5807893543636267,-1.6067513789636116
904,1.2776493922969143,-0.6152688258878694,-0.3381462285612301,-0.4872178213502368,0.2410614114455648,0.7729009698835875,-0.05775895870216727,-0.3333118358990038,-0.37327060472420487,0.39324862103638825
91,0.7776493922969141,0.11444698343077908,-0.6771821811175489,-0.4112162746277119,0.0467787674867384,1.5687140853846708,-0.4380259913544725,0.6093668811304346,-0.5047878076411019,0.22473112739760298
911,0.40916659521381094,0.4886775999327969,0.2173694276331417,2.1502857023996977,-0.0659930117447718,5.3301365407813215,0.18495445488295353,0.7982053670178928,0.11947961042823751,1.3172470743138631
916,1.7776493922969143,-1.1152688258878694,0.9837818663261324,1.4662274764540224,2.2024774811843346,1.433865017327269,0.527203542018989,0.9591694144615741,0.9486574901631577,1.0894073324257685
923,-0.3152838803587526,-8.623063466086567,0.7334329986285011,-7.495012461548933,-2.119040075035696,-5.942412419954531,-0.2121707005678503,-6.8411064760977,-0.08362595857122374,-7.614546019162308
924,1.192686891575758,-1.5392672791653443,-0.10118063439502392,-0.4872178213502369,-1.0514198389150136,1.3489025166061124,-2.0349992199363703e-05,-0.333311835899004,-1.958233105445361,-2.191713879684768
930,1.1813268533257162,-1.6152688258878694,0.11529906924302924,-1.487217821350237,0.013221669557469895,-0.7270990301164124,-0.23583086381480484,-1.040830585538426,-0.30862909625172147,-1.3142701286030336
931,0.6312585176829911,0.5515598678468653,-0.9157853413001856,-0.7096102426866846,-1.1626160495832374,0.25802729818656134,-0.13745027060749088,-1.84818550759603,0.10430227738366504,2.118265081353912
933,1.9386134397405956,0.04569522155581193,0.45433502179934804,1.1737462260934444,0.6095442085286679,3.123120828954134,1.527203542018989,1.7516506648221524,0.12672939527579513,2.3932486210363884
936,1.2630762194671554,-1.437196920775232,1.2704691295491042,0.7292618822878161,0.3725786143624613,1.1471315863856053,0.2699169556041095,0.9246957376028284,0.41921064563637306,-0.40648241417174746
937,0.5701306426574922,-2.615268825887869,-0.38470093075697076,-1.1947365709896587,-2.051419838915013,0.17657843091238945,-0.2075390996316211,-1.040830585538426,-0.17711189333482447,-2.6067513789636116
939,0.5552569709604662,-0.8579822394729903,-0.9845371031751529,0.33412117793848506,-1.4550972999438152,-0.9494914514528604,-1.5577589587021672,0.34797320379335017,-1.2769480657530068,0.583070417408213
94,0.15188000879893176,4.364728518914589,-1.5751118227274363,2.4138787871206757,4.906206152946094,8.311677175198335,-1.4760095925607275,0.7612050762960044,-1.2915212385827652,6.41813291430762
941,-0.2223506077030858,-1.6152688258878694,-0.33814622856123006,-0.9872178213502367,-0.9664573381938572,-1.7270990301164124,-0.8967949112584861,-0.2483493351778477,-1.5807893543636267,-1.3142701286030336
942,0.7776493922969142,0.7349510331826767,0.45433502179934804,0.012782178649763193,0.24106141144556487,0.2729009698835875,0.10320508874151393,0.16668816410099618,0.41921064563637334,2.0894073324257683
943,0.7776493922969142,0.6772124244727086,0.45433502179934804,0.8052634290103413,0.35225762211378875,2.933865017327269,-0.765277708341589,0.45916941446157417,-0.8732706047242048,0.6857298713969663
945,1.0701306426574921,-1.322787575527291,-0.2531837278400738,-1.487217821350237,-0.890455791471332,0.0653822202441656,-0.2652777083415891,-1.333311835899004,-0.8732706047242048,-0.8142701286030336
946,-0.22235060770308585,-0.6152688258878694,-0.83814622856123,-0.9872178213502367,0.2410614114455648,0.27290096988358753,-0.7652777083415891,-1.333311835899004,0.7694305047069194,-0.10675137896361177
953,-0.3073131084242421,-0.5040726152196455,-0.9231087292823863,-0.27969907171081504,-1.3439010892755916,0.27290096988358736,-0.8502402090627454,-0.4182743366201602,-1.458233105445361,0.5542126684800694
957,-0.52970552976069,-2.1301424975848957,-1.3530199002582561,-2.0020914930472626,-0.9550972999438152,1.8157659068965293,-3.0726326303991933,-0.44450804656722787,-1.2769480657530068,-0.8291438003000597
959,0.3302201010196597,-4.669857677565506,-0.5582925881057439,-3.0531667112779157,-0.5219860564806059,-5.28168788179405,-0.7658221626813052,-3.095419437216063,-0.9264519485983153,-3.1391431709620226
960,1.868155360701743,3.5865574641971794,2.3880071106358702,3.3470266261191,-1.737988332151642,-2.1974350134009,1.2798785468979623,3.4821780483682074,1.926735546293501,3.6967867076912997
962,0.07387402168850393,-3.634282776483042,1.0731047843227308,-3.228281754386063,1.6026762677670585,-3.7278500426990284,0.3188224521448369,-4.495026895925301,1.01829580547194,-3.1835039382687524
966,0.5701306426574922,-2.322787575527291,-0.8847009307569706,-2.487217821350237,-2.051419838915013,-1.2270990301164124,-1.0355618990229405,-1.540830585538426,-1.2883081040030486,-0.7030739179348096
967,-0.14060124156164633,-3.437196920775232,-1.8675930730880146,-0.820505954487641,-2.5808666834417977,-1.256545874643197,-1.3910470918395714,-0.4255241214677177,-1.873270604724205,-0.6989636645323256
972,0.7573284000482412,0.8274098911415692,0.2773309888587059,1.8184995346909367,-0.1829370418319104,6.29061555642215,0.20749839964722255,0.6039227230590666,-0.9360360457661341,1.8526802396736854
973,0.11668534485323301,-2.437196920775232,-0.8675930730880144,-2.3091459162375996,-1.2123838863586944,0.5936739844273492,0.03675795349284117,-1.1552399307863663,-1.241753401807308,-2.9286794738509743
976,-1.036681129529006,-7.209192280607656,0.6232637247196418,-8.242105323513705,-0.235004495893275,-5.285827820890501,-0.3540857307090933,-7.588199338062473,-0.15881626713207364,-6.700674833683399
980,0.956060170350537,-4.774483740859376,1.9502714670144805,-5.807396783765425,-1.65129396795599,-2.3216724366154358,1.0401334983170925,-5.200045500509932,2.0616591863773275,-4.549486590297065
983,-0.9693450280399185,-1.9382647929472272,1.8831783206032227,2.0237033709589762,-0.18048691868034072,2.7341293963825812,-0.025543022404667798,1.2758999236677475,-2.0090688143928137,1.0920448034461057
984,1.4050563418113267,-4.413736397081486,0.028844639302462352,-4.446649439987534,-2.2649249093874735,-0.4326333286543617,-0.07893210405696466,-2.000262204175723,-0.5062797368605125,-1.5385417798503143
985,2.3626118930180704,-1.1152688258878694,1.246816272159926,-0.4872178213502368,-0.2589385885544352,1.2729009698835876,0.1032050887415139,0.16668816410099613,-0.8732706047242048,-0.6067513789636118
987,2.000041813633362,1.2532139711952335,0.8915695807574184,2.0152825191789465,0.5245817078075115,-0.01958028047699073,0.36846244709090376,1.035170961184099,-0.004787807641101871,0.8729276287877155
99,-1.0188179818584924,-7.21169262113684,-0.37965469667080337,-4.867161912961154,-1.158631401443555,-5.823522825365383,-0.7902225266695381,-4.200019821829326,-1.958787988180756,-5.118212673491426
991,0.09957748718427673,-1.7650489668173233,-1.6419875171718497,-2.987217821350237,-0.0979745411107541,-1.9346177797558342,-0.9778232903129722,-2.333311835899004,-0.9958268536424705,-1.2565315198930658
992,1.1632400470489734,-5.022159421496388,0.35110958306563483,-3.1016271665981776,0.016602920856023412,-3.633989625724931,0.5730900204333225,-2.9477211811469446,0.052506758259864506,-3.7211607242115523
996,-1.2774770255792027,2.1285992485428844,-1.1417066728023215,2.4469772839494777,3.064559880366547,2.5705442985344678,-1.5992364814421378,-0.5325496227374341,-0.6285021142400595,1.6140502652528825
998,-0.22235060770308585,-2.6152688258878696,-0.6771821811175489,0.09774467937091941,-0.890455791471332,-0.4346177797558343,-1.896794911258486,-2.333311835899004,-1.5807893543636267,-1.3142701286030336
999,-3.0442787025904483,4.176949385236439,-3.5751118227274366,2.0920617783075626,-2.5808666834417977,6.885688278668609,-3.5872058032289518,1.6206142000239778,-1.5120375924886593,4.354122609498844
1052,0.7776493922969142,-0.6152688258878694,-0.33814622856123006,-0.4872178213502368,-0.2589385885544352,2.7263462676878465,0.2347222916584109,-0.3333118358990038,-0.8732706047242048,-0.6067513789636118
17_2,0.7776493922969142,-1.1152688258878694,-0.83814622856123,-0.4872178213502368,-0.5514198389150132,0.2729009698835875,-1.0577589587021672,-0.3333118358990038,-0.8732706047242048,-0.6067513789636118
217,0.7776493922969142,-0.6152688258878694,-0.3381462285612301,-0.4872178213502368,-1.0514198389150131,0.2729009698835875,-1.5577589587021672,-0.3333118358990038,-0.08078935436362666,-0.10675137896361177
22,-0.22235060770308585,-1.6152688258878694,-0.17718218111754888,-0.9872178213502367,-2.051419838915013,-0.7270990301164124,0.31968479237956704,-1.333311835899004,-0.08078935436362683,-1.1067513789636116
292,1.2776493922969143,-0.6152688258878694,-0.83814622856123,0.5127821786497632,0.10954420852866786,0.7729009698835875,-0.5577589587021673,0.9591694144615743,-0.08078935436362666,-0.10675137896361177
387,0.692686891575758,-0.8500114675384796,-1.130627478921808,-0.4872178213502369,1.4073490809890004,1.0916159301912332,-0.6892761616190641,-0.9182743366201602,-1.1657518550847832,0.30828612031523195
411,-0.30731310842424203,-0.6152688258878694,-0.630627478921808,0.427819677928607,1.326023912166721,-0.31206153083756866,-2.1427214594233233,-0.6257930862595822,-1.165751855084783,0.00444483170461224
44,0.7776493922969142,-1.1152688258878694,-0.33814622856123006,0.30526342901034137,-1.0514198389150131,0.7729009698835875,-1.0577589587021672,-0.3333118358990038,-0.37327060472420487,-0.6067513789636118
501,0.7776493922969142,-0.6152688258878694,-0.33814622856123006,0.01278217864976322,0.24106141144556487,0.2729009698835875,-0.5577589587021673,0.16668816410099613,-0.08078935436362678,0.6857298713969664
506,0.7776493922969142,-1.1152688258878694,-0.33814622856123006,0.5127821786497632,-1.0514198389150131,0.2729009698835875,-1.5577589587021672,-0.3333118358990038,-0.37327060472420487,0.39324862103638825
59,-0.8073131084242421,-2.7002313266090257,-1.9231087292823865,-2.072180322071393,-2.636382339636169,-1.3120615308375687,-1.9817574119796422,-1.91827433662016,-1.1657518550847832,-1.6917138796847682
607,0.7776493922969142,-2.1152688258878696,-0.545664978200652,-0.9872178213502367,0.6095442085286679,0.9338650173272688,0.8586860483802037,-0.8333118358990038,0.21169189599695137,-1.6067513789636116
643,1.2776493922969143,0.17721242447270857,1.16185377143877,-0.4872178213502368,1.1095442085286678,1.0653822202441656,0.02720354201898903,0.6666881641009961,0.9192106456363732,0.39324862103638825
753,0.5701306426574921,-2.1152688258878696,0.24681627215992613,-1.487217821350237,-0.2589385885544352,1.1765784309123895,-0.15408149767336524,-0.8333118358990039,-0.08078935436362683,-0.021788878242455567
79,0.7776493922969142,-1.6152688258878694,-1.83814622856123,-1.487217821350237,-1.5514198389150131,-0.7270990301164124,-1.396794911258486,-1.333311835899004,-0.5807893543636267,-1.1067513789636116
917,1.7776493922969143,-1.1152688258878694,0.954335021799348,0.8052634290103412,-0.05141983891501323,2.3578634706047437,-0.26527770834158915,-0.3333118358990038,0.1267293952757952,-0.6067513789636118
956,0.27764939229691415,-1.6152688258878694,-0.33814622856123006,-0.9872178213502368,-1.0514198389150131,1.3578634706047437,-0.18031520762043288,-0.8333118358990039,0.08017469308005443,-1.1067513789636116
454,-0.8073131084242421,-2.7002313266090257,-2.4231087292823865,-1.572180322071393,-2.636382339636169,-1.3120615308375687,-2.1427214594233233,-1.4182743366201602,-1.6657518550847832,-1.6917138796847682
932,-0.42986935734250786,-1.954304778444188,-1.33814622856123,-0.10977407026850244,-3.051419838915013,1.1765784309123895,-1.896794911258486,0.4886162589883585,-1.5807893543636267,-1.1067513789636116
