strain_id,MID2_TPO4_noMTX_noDrug_avg_logratio_Fitness,MID2_TPO4_MTX_noDrug_avg_logratio_Fitness,MID2_TPO4_noMTX_5-FC_avg_logratio_Fitness,MID2_TPO4_MTX_5-FC_avg_logratio_Fitness,MID2_TPO4_noMTX_Fluconazole_avg_logratio_Fitness,MID2_TPO4_MTX_Fluconazole_avg_logratio_Fitness,MID2_TPO4_noMTX_Metformin_avg_logratio_Fitness,MID2_TPO4_MTX_Metformin_avg_logratio_Fitness,MID2_TPO4_noMTX_Trifluoperazine_avg_logratio_Fitness,MID2_TPO4_MTX_Trifluoperazine_avg_logratio_Fitness
1005,0.6916782420712628,-4.042783432854659,0.41037863148072085,-6.47228360405998,-0.578500149699672,-5.51617028359546,-0.07006794763081473,-3.8042772757758128,0.7542686561483114,-6.722798810660354
1007,1.1414216769851286,-4.067445423308,1.5465682063999693,-7.496945594513322,0.30894365804587254,-5.929636063380578,0.3453153300482449,-1.488920003188469,1.024453556784538,-6.2474608011136965
1013,0.7018891487660264,-0.5318215135772794,0.4125707760359248,0.8159727410562179,-1.2422710003751163,0.03852305630708938,0.79597673905781,-0.6392542088172671,0.7134486274874732,-1.9193556410223964
1016,0.49881515173306284,-5.646531357692488,-0.20865782963065543,-9.07603152889781,4.059618773510824,-8.412399458793868,-1.059780328292423,-5.642767842264252,-0.03482047838190804,-8.326546735498184
1018,0.5127696848421369,2.2154673532558258,-0.0720438545292757,1.9405611496530217,-1.5686909345583824,-1.9609156773228935,0.6548505783688424,1.7793547196453705,-0.05788676201488552,0.824902349417108
1020,0.03074933780967401,2.085624433197123,0.7290478966175622,2.867282460946395,-0.3089483139131748,-5.6095450241328155,0.5486858902366639,2.2545823180870572,0.8601834538837912,3.222671911526264
1025,0.9392240124971682,-2.9948409963650877,0.33606815546727764,-5.313144956902185,-0.04698472202243882,-4.627315827119016,-0.5709456610883258,-2.639639129143389,-0.23586033492296526,-4.560447028922843
1027,1.4686052488065635,-1.4578209321335023,1.451103404074229,-4.887321103338824,-0.19506093903376132,-2.1799576126097118,1.5003665364483,-1.1642233161794449,1.2167669224318987,-3.5528738092180414
1035,0.6169266480448701,3.608821541617729,0.28830335796658557,1.8220224798435318,-0.7977866565694881,0.02423848020870406,1.4569407865014914,1.8840007734816009,1.8910919734043699,2.026536210586759
1038,-1.1668710363306638,1.956541060159092,-0.5604827199664739,0.9693022802438025,-1.6393229496549901,-4.270743110681058,0.7099214056109977,-0.13104505752899742,0.4960980783606119,0.7090608923103424
1040,1.83488972158113,-2.686160049272033,1.709337492104654,-4.408141470837932,-0.630361995656359,-4.563224361041636,1.3446100786297897,-1.7710487997477513,1.1606782803415414,-4.1271517786754055
1046,-0.5021841837340691,-5.198578105462083,-0.5358195306597973,-6.467114229223723,-2.7100120552733427,-6.011000908759202,-1.4604350725473862,-4.194814590033847,-0.7198270040033485,-5.717629435824097
1050,1.4822466260032656,1.4216237842269799,1.1612447024177153,-0.6041989259495395,0.7211240761479956,-3.5052083643180802,1.6813912620740548,0.49725503838594054,0.9801647275280103,-0.041911889940662306
1065,0.9911572645468878,0.46817848642272053,0.38282027016159403,-2.961321684782601,-1.7422710003751165,0.31671973056928204,0.7037644534890963,-0.4894740678878132,1.1116819304449073,-0.5508728439392937
1069,0.2968204894373757,0.6993680829821359,0.4238316589906359,2.466334322187414,0.9681950992775351,2.931976226448162,0.2723529791307931,1.5504997756033163,0.2673407057094217,1.847157369171037
107,-0.22210930451144886,-2.379818420132229,0.22115281211078983,-4.809318591337551,-0.17382289984769533,-3.060724020512452,-1.920502964580243,-3.8374709744427635,-0.8548345747604674,-4.559833797937925
113,-0.25155614903823303,1.6291425338664018,0.16253397446860307,-1.5078763869783418,0.8559276060266354,0.05943314415440282,1.1702073555598278,-0.7597582585691646,0.39683979282328447,-0.9193556410223968
119,1.0703719458491294,2.2901065813100834,2.3732658586877418,1.2642838711335636,1.4481398915953492,2.1576317505561544,2.29597673905781,1.49341807444323,0.4114129656530429,1.1950537042255438
124,0.10967686319731247,1.4054130453807911,-0.32161159566772773,1.8611071720272978,-3.3272335010962726,-3.2976896146786583,0.6074419145178983,1.685053895976231,-0.5602952701637736,0.597967430381049
128,0.10097750472364755,-5.067874413817489,0.8448368452970003,-6.997374585022811,-0.7040856095261874,-7.04126126455829,-0.06218038780557672,-3.3380072524545605,0.18905404845826496,-7.247889791623185
132,1.239969731354579,-4.017248340747521,0.7578710609409294,-6.946748511952842,-2.442770023379884,-5.490635191488322,1.5596753456514811,-0.9912877656400583,1.081065297456711,-6.6972637185532164
133,0.07037194584912937,-0.20989341868991696,0.47408278927256686,-3.1393935898952385,-1.712824155848332,-2.975761519791296,0.6734204901395444,-2.4600272233610294,1.2038942160136208,-2.8899087964956123
136,-0.9666283448727588,-2.7948559194110727,-1.4647022216965815,-4.724356090616395,-4.797786656569488,-3.710504161441906,0.6298282049223564,-3.421025967360392,-0.06882285225363843,-5.474871297216769
14,-0.2405598857637826,0.6819527518723476,-0.7380929733012284,0.5528293252182301,-1.738245308660261,-3.414260262671232,0.7525251350254202,0.5049972123531896,0.21508035608196396,1.4657509193557818
146,0.4060339507388828,0.48005494201369275,0.5713009325365797,0.6686527939269544,-0.8580125624208377,-2.1149506978676245,0.5903801974906581,1.0546638760617009,0.8371307738858853,0.5175616761322258
15,-0.008016116384575583,-0.3381586044988404,0.4317298706425402,-2.661161914037063,-3.167127689947102,-4.54126126455829,0.20757514948425373,-1.7742767978634317,-0.030123022392158555,-2.3976699325526383
151,0.013701209311156794,-0.5318215135772795,1.0622750136117607,-3.385320138060076,-3.2160372904280488,-3.2216880679561335,-0.14259488704942358,-2.9134725211652883,0.0267194297237508,-2.796799392104131
153,-0.452561558529535,-4.602210841468677,-0.3255455275845183,-7.031711012673998,-1.3860055505646771,-7.368078942570056,-0.6912557148886211,-2.251282734224559,-1.5184982053228269,-7.2822262192743725
17,-0.5145905548720267,0.7051440805889269,-0.5801794391165176,-1.4318748402558164,-0.6368226091258069,-0.36456530912307195,0.2959767390578101,-0.752508473721607,0.41141296565304303,-0.47487129721676835
171,-1.0047324820506278,-0.26878710774348535,-0.6593941204187592,-1.8925699229076334,-0.6477540881801077,-4.619617709566021,-0.8094716521914993,-1.9429193656920725,-0.3856997453720192,-1.448802485549181
175,0.46801299072764413,-3.2948559194110727,0.7142299220728148,-6.224356090616395,-2.5518601084046506,-6.060724020512452,-1.7192100854639492,-4.544989724082185,-0.44383372574946456,-5.68239004685619
180,0.5918400034244258,-3.7948559194110727,0.06942457007712188,-6.724356090616395,-2.8626042967777856,-5.768242770151874,-1.16383655271018,-5.752508473721607,-0.9001023051242949,-5.974871297216769
180_2,0.33279269999092204,-3.224767090386943,-0.13723788822720442,-4.54307105092404,-2.663056319072875,-4.7831164418489,-0.09850126655823738,-2.993934915474815,-0.6322034533743632,-5.904782468192638
185,0.27789069548855144,2.2901065813100834,0.5807846083271638,-0.0633920431727133,0.3983720548198922,-0.65704655948365,0.2110142383366541,0.955010275917815,1.2038942160136212,1.5527699205338266
187,0.306748444416695,-2.5172483407475212,-0.17440198382307265,-3.7857844645091614,-3.020179077905936,-5.7831164418489,0.7183376263188546,-2.9454540505312705,-0.42029959892107527,-4.1972637185532164
188,1.2103260580482247,-4.119284354827618,1.1115680762674751,-5.463822025311784,-0.277216106276311,-2.6243522360671343,0.9343255235780418,-0.42733289994451323,0.7446536730000025,-5.2992997326333136
192,0.8743033972647467,-0.573052593673266,0.3891202885514106,-2.642606724474955,-0.08633378526339663,-0.8001986520619708,-0.2907913884395358,-2.7819553182483916,0.09509849847730723,-2.4193556410223964
20,0.08622637571279845,-2.379818420132229,-0.34321384495031143,-5.309318591337551,-4.382749157290645,-4.645686521233609,-0.5237284033139563,-3.7262747637745397,-0.8050667379850105,-4.559833797937925
209,-1.2989690875284845,-3.5678744138174894,-0.3541378001320449,-5.997374585022811,-2.4075904074147525,-4.9300650538900666,-0.9820685876805675,-2.795811158809374,-0.7112385924442537,-5.747889791623185
210,-0.05930925840380502,-2.4578209321335023,0.27661973025437175,-3.5948398529782457,-2.5570742082631153,-5.223689033234882,0.28793935762877454,-2.4005998147470105,0.07037604781797605,-2.39190976177436
226,-0.7476956305062067,-1.2656475762984123,-1.227771903835268,-1.1736449588313682,-1.2587167675703819,1.2215003383499266,-1.8622600933398172,-2.6938532860821622,-0.9838066458763177,-0.9429843490193541
235,0.14174203190717025,-1.5318215135772795,-1.4021075340038802,-3.461321684782601,-2.5347522507356945,-4.297689614678658,-1.5259513558295525,-3.281955318248391,-1.4570698314300603,-3.2118368913829745
240,-1.0145905548720267,-0.7948559194110731,-2.1651419398376737,-3.7243560906163946,-1.797786656569488,-3.560724020512452,-0.6280217142196648,-3.5449897240821855,-0.720104237263854,-3.4748712972167684
248,-1.4419670410086984,-2.353749608464642,-1.5235959107501502,-3.9907685293093853,-2.6957162981793754,-5.119617709566021,-1.2334701054689743,-3.4429193656920725,-0.6940354255962664,-5.533764986270336
250,-1.412520196481914,0.46817848642272053,-1.9021075340038802,-0.7651629733932207,-0.3385935393463143,-2.7976896146786583,-0.7334701054689743,-2.2819553182483916,-1.9105151292343194,-2.7118368913829745
252,-0.29811085123397385,1.290106581310083,-0.08017943911651769,-0.34691233953466055,1.7406211419559272,-0.683280269430718,1.1179048339451723,-0.6675459730004512,0.8150904266818448,-1.3899087964956123
253,0.9116308509210442,0.12018157986777056,0.7788914208207579,-1.4056411303087488,-0.2977866565694882,-4.145686521233609,0.5973089902851176,-0.7525084737216073,-0.5125854876244322,-1.1063885001336653
254,-0.32473479517511084,-4.636158173392015,-0.2939674081880947,-7.065658344597336,-1.496387801119306,-6.609545024132816,-0.026323292888454898,-2.8126895155920124,0.2966316833461999,-5.7312110504765545
257,-1.4154651439535408,-2.7644822703675547,-0.7424508680153948,-5.693982441572876,2.626372502314841,-5.530350371468933,-1.2699721508698691,-5.110938614009864,-1.1545359242746365,-5.94449764817325
258,0.4219931862729012,-1.6167840142984353,0.6919258570904927,-0.20841149794772787,-0.32273910948264484,-5.619617709566021,-0.4682127471195844,-0.9611823037046294,0.5022646294832779,-1.9339288138521546
27,0.28685164948718245,0.29010658131008293,0.4420176205627091,-0.9784295424515572,-1.712824155848332,-2.475761519791296,1.4386778484889342,1.656782615018822,0.10757167704242288,0.06353650130864694
270,-0.09059210159455178,1.790106581310083,0.7123018112440604,-0.6393935898952386,0.07965709451224609,-0.9757615197912961,0.5884579894183882,-0.9600272233610291,1.4114129656530428,-0.8899087964956123
271,0.6335167715168732,-4.924138936356039,0.5603323735707176,-4.768676606840205,-1.5058945018075502,-6.190007037457418,0.03070120593875851,-1.4193852388636832,0.062243284573576585,-7.604154314161735
272,-0.02739792501522001,-2.567874413817489,0.509248447409882,-4.3364105375791295,-1.6173598531716449,-5.833742514918868,1.044851642983074,-0.638682618042158,0.5810731882760655,-5.247889791623185
277,-1.0905921015945517,1.582587831670661,-0.5801794391165177,-1.1393935898952385,-0.712824155848332,-1.975761519791296,-1.20402326094219,-1.9600272233610292,-0.588587034346957,-1.8899087964956123
286,-0.23698297620847464,1.9598498144459164,0.6011056005758365,0.6048953922531684,-3.020179077905936,-2.198153941127744,1.671782924123114,2.293222712786009,1.6424658421208544,0.3464677020719534
289,-0.0319080358426709,-4.698578105462083,0.1758089944708666,-8.128078276667404,0.09798264289754743,-7.464446206563462,-0.28903048668555376,-4.5073903854522746,0.8739864975845375,-6.878593483267778
29,-0.749292156069723,-3.9103331368310092,-0.953301142993626,-6.047352057675752,-4.056141115156363,-5.88371998757181,-1.7367678017363195,-6.867985691141543,-0.4762864772525094,-6.297867264276126
291,0.9094078984054483,1.790106581310083,1.3234980219122845,-1.1393935898952385,0.07965709451224612,-0.9757615197912961,1.5256925483764587,0.200936824082652,0.703894216013621,-0.8899087964956123
294,0.8732860901413186,-3.6640897290767924,1.0273818574127325,-5.5935899002821134,1.0912912335515097,-6.9299578301781715,0.4810051577811754,-1.2005671116804224,0.9699162257458224,-5.344105106882488
296,0.9703494509398052,-3.254287538048371,1.5667384548124867,-5.683787709253693,0.8820064539034552,-4.727674388789172,1.5529900360129152,-2.078546822011454,0.1706840031693944,-5.934302915854065
299,-0.18280438716326558,-0.5318215135772794,0.43410513698186787,-2.961321684782601,-2.242271000375116,-3.2976896146786583,0.7814035662280518,-0.9894740678878131,0.9397047298362264,-2.7118368913829745
307,-0.08872251734165523,-2.004875009579678,-0.43895184083058925,-3.2268564311455776,-2.026839767154853,-5.270743110681057,-0.7638448844419344,-4.7550088142507905,-0.018475094469146303,-4.977371637745952
308,0.7018891487660261,1.582587831670661,0.8732658586877416,1.2957887698964639,1.1778557009139978,-1.475761519791296,0.8809392397789663,-0.29906317591734793,1.1075716770424229,-1.3899087964956123
31,-0.8944333902051717,0.8338380019352529,1.1702415006619469,2.885605112485567,-4.212824155848333,-4.975761519791296,-0.34006303366059026,1.4396135873999318,-0.2314642755138958,1.731603795001465
311,0.7778906954885514,0.7051440805889269,0.12733931052290448,-1.7243560906163946,-0.7977866565694881,-2.560724020512452,1.5034954886972323,-1.252508473721607,0.5226091763212668,-1.1823900468561903
312,0.3628531962097074,1.7435518791143423,0.8234980219122845,0.606532958269599,0.1373957032222141,1.224678198349796,1.4569407865014912,0.7054312156962794,0.6075716770424229,-0.728944749051931
32,-0.09059210159455178,0.7901065813100829,-1.0801794391165176,-2.1393935898952385,-1.212824155848332,-1.975761519791296,0.4569407865014913,-1.4600272233610292,-1.0885870343469572,-1.8899087964956123
320,1.5645779587115234,0.6379935347331314,1.8219697426956152,0.8958010740504605,-3.300999791149205,-4.063937155092169,2.0101769885808545,2.4699912830097928,1.2285805227492557,0.3155364412952091
323,-0.6755546023157079,0.9976253309495051,-0.37266068947709574,-1.1393935898952385,0.43192915274916055,-1.7682427701518741,0.6644595361409132,-2.044989724082185,0.487414512375568,-1.1823900468561903
325,0.6968026170613216,-3.9103331368310092,0.2510783833866451,-5.839833308036331,-1.1398166440456057,-5.676201237932388,0.2737630060275953,-2.698060689699231,0.017407496157471038,-5.297867264276126
33,-2.608803805719489,-2.4578209321335023,-1.5061788576727406,-5.387321103338824,-3.168270418931339,-5.223689033234882,-2.951950774385775,-4.707954736804615,-0.606798738471894,-4.637836309939198
335,-0.368205811636918,-2.532122012444547,0.01915992268452732,-1.2793724443303693,-5.3740887021592805,-5.505508863185348,-1.419092294296437,-0.8871494570763427,-0.2472264503143047,-2.966210842085405
336,-1.0442674576117144,-0.47351692012235136,0.34012924897815855,-1.4495717935234136,-2.2742525297410987,-4.7831164418489,-0.661158323929248,0.221257816331325,-0.11673159977022919,-0.16691575270943937
337,0.48650362438526,-4.7797490270208645,0.42141734630683614,-6.416767947865608,0.3224275970547348,-6.384653080678563,0.5221160145344242,-2.4652413232194936,0.11452224186482854,-6.6672831544659825
339,1.098752873000794,-0.6693250373272144,0.42739815647080726,0.1894956931083085,-1.0102905505863744,-6.02015563914975,0.3334860658390358,2.555959577615761,0.45852634673596715,-0.703563192210988
347,-1.777863462119944,-2.754287538048371,-0.07819498801504528,-3.987628997864312,-3.1722557744856292,-5.52015563914975,0.05709501835303245,-3.004421342719483,-1.0866025832454849,-5.934302915854065
348,-0.4853822117593658,-2.669325037327214,-0.7176829628664527,-2.5766281488533087,-0.9718160563445373,-5.435193138428593,-0.10788704446213386,-4.919458841998326,-0.22789618487308164,-4.849340415132909
350,-0.34538698425230285,1.3681021791170522,-0.1285668764995318,1.349701849295564,-0.831968027597386,-2.2130045019710893,0.03314198656612799,1.76476488725185,0.17849203067787536,2.7669485632684596
354,0.9937077003933205,-2.461806287687793,-0.0690057233576179,-4.391306458893114,2.5863943766594213,-5.52015563914975,0.7571962474109835,-3.774705533400834,0.3641955647240181,-3.7733388684103844
358,-0.5754240624090726,-2.370857466133598,-1.2059488226145,-2.7153951366177633,-2.1183072436533235,-5.797689614678658,-0.5876928825470524,-0.26990492812193656,-1.4190183418871647,-1.9903651434586105
359,-0.5905921015945518,1.3750690820312392,-0.6267341413122585,-1.1393935898952385,1.1778557009139978,-1.8147974723476148,-0.11906076022103373,-1.1675459730004512,-0.9276229869032759,-1.5974275461350342
36,0.4094078984054482,1.790106581310083,0.7123018112440603,-1.1393935898952385,-0.712824155848332,-0.9757615197912961,1.5884579894183883,0.03997277663897097,1.4114129656530428,-0.8899087964956123
364,0.43883118834291673,-2.839176435634883,-0.20245222090401657,-2.2714998884107755,-3.096180624628461,-1.2013670757074602,-0.7046123565408302,-4.796828989945417,-0.34042630021018905,-2.849266811998266
375,-0.7532470282299604,1.250771638466237,0.9077095100508247,2.882594459582145,-2.01057898859303,-6.4299578301781715,-0.3286675895922344,1.3410967460281265,0.07776134469659535,2.7085486426761367
383,0.8114477934178197,-3.6022108414686773,1.6184286719792822,-4.335552301284618,-0.2643027510222462,-5.368078942570056,1.1195386908621279,-0.43510912114767836,0.2857604090271995,-4.2822262192743725
385,1.0703719458491294,3.0825878316706614,0.7123018112440603,1.3828034697839884,2.787175844151668,1.7203971915980842,1.5884579894183881,-0.460027223361029,0.4114129656530429,0.9025724538649658
392,0.5928697228947073,-1.8537496084646419,1.2001780381207219,-3.9907685293093853,-1.1519848775542056,-2.41492224149717,1.1455748616319321,-0.5139288681282866,2.0822350859181227,-3.8728009388266553
397,-1.4090060363499242,-5.128756655964511,-1.5075458890439568,-6.265775576809255,-4.0467248924017705,-7.102143506705312,-1.7606295716568094,-4.324628232246539,-1.1607067928718888,-6.808772033770207
399,0.8275071175676669,-4.0300723811051045,0.9822328399139687,-7.959572552310426,1.1324465699216046,-3.3700659614984554,0.7862799534631326,-0.900990465326083,0.964832232673241,-7.210087758910801
40,0.304124405435619,1.8163402912571507,0.4175907367881326,1.463646293205183,-3.8827491572906445,-2.1456865212336083,-1.3302168417593325,3.2493675937089463,-0.028796226470621022,-1.1063885001336655
400,0.7213171166745381,1.5861528657158286,0.6265313896834026,2.2499594709455537,-2.020473981473305,-2.610717811560593,0.05675011801656561,1.3632740694760908,1.033568719622584,2.83808982323157
406,0.3556616997158194,-3.853749608464642,0.2580445406589259,-5.783249779669964,-1.6352085976986923,-5.619617709566021,1.5116544998445685,-1.476369128226389,1.204086549709053,-6.033764986270336
408,0.31987136922101445,-3.7334553747469297,0.3229133825283068,-6.662955545952252,-1.5402274005159646,-4.206842225487731,0.02829110988448693,-2.461392119738815,-0.3617280506255053,-6.413470752552625
409,-0.7540930156501688,-0.4648263613204393,0.04452066964203813,0.5891968098391991,1.0953713842260537,-1.8070307043942078,-1.0593205517407953,-1.7970900398672232,0.31341478495037467,-0.09379116858150102
40_2,0.4094078984054482,2.582587831670661,-0.08017943911651769,-0.13939358989523853,1.2406211419559274,1.5464355398879308,1.2959767390578103,0.3324540269995492,0.911412965653043,0.6950537042255438
412,1.4094078984054481,2.290106581310083,3.0807846083271637,2.622387388133268,3.694066439760187,-0.9757615197912961,2.79597673905781,1.332454026999549,2.607571677042423,0.6100912035043877
418,0.4094078984054482,1.790106581310083,1.5047830616046385,0.4455689108259177,1.5168916534703167,-0.47576151979129605,1.4569407865014914,0.3324540269995492,0.4114129656530429,0.6950537042255438
419,1.4226440040860435,-3.3798184201322297,1.1364651628010156,-4.516837340976973,-3.0325292982200986,-4.645686521233609,0.6016940950989835,1.1217743217033922,0.39537298015608185,-4.059833797937925
420,1.0703719458491294,0.20514408058892697,1.5887553802616745,-2.2243560906163946,0.5796570945122463,-2.060724020512452,1.5884579894183883,-2.544989724082185,1.176670324002433,-1.4748712972167684
421,0.7123630600717695,0.005822550074839377,0.47914280913279217,0.1793949735470508,-0.8087262065998443,-5.20136707570746,0.46618520763088933,1.5270313790803525,-0.0360764280296349,0.8324355534334946
426,1.4094078984054481,1.790106581310083,0.9420176205627091,0.42524791857724487,1.3518173526241513,-0.683280269430718,2.419940495779603,1.354651086678776,2.1411287749716914,2.1900268718935822
43,-1.912520196481914,-0.5318215135772794,-0.9486622361996208,-3.461321684782601,-1.7422710003751163,-3.2976896146786583,-0.6757314967590065,-3.281955318248391,-0.41051512923431954,-3.2118368913829745
431,0.6828751981708532,-3.6640897290767924,-0.43270174801351174,-6.301108649921536,-3.413123146135859,-6.9299578301781715,-0.15348019838503274,-0.22697546090214632,-0.6419291652756014,-6.344105106882488
433,-1.905270411634357,-3.254287538048371,-1.671128260670712,-2.937861161088855,-3.2572182752067858,-6.02015563914975,-1.1837758718281606,-2.1542014836489365,-1.7293036926766088,-2.84934041513291
434,1.450350381770062,0.8117088305926667,0.5656223398987648,0.0608753748966258,-1.8454964391088295,-3.3271364592054424,0.6667641627672078,2.5209140679701596,0.07029653490915269,-0.7264100642127329
437,-0.1520204754873185,1.436196957056738,0.6236495453401056,2.3781041207828637,1.9249530606046188,-1.329671144044641,1.3248344879859537,0.29725936305385015,0.8579553636947868,1.0426264134613334
438,-2.708623218521038,-5.015444251289866,-1.8147299417466156,-6.594724563424641,1.5840944312704766,-5.696349851670089,-3.1804683521662414,-6.397095258877874,-2.8468790675547613,-7.695459629095561
439,-0.5093960358251397,-4.809806260877044,-0.7792381018454142,-5.785861134278107,0.5127888475540048,-5.990711861257267,-0.7477163497385413,-4.3989760181044755,-0.18656526054455694,-5.98982163868274
43_ref1,-7.186781857738962,-6.306083174834328,-7.88388794490035,-8.94310209567907,-2.1594099027991027,-9.571951275935707,-7.007731766726022,-7.895252932061759,-6.731331492687108,-7.693617302279444
43_ref2,-3.747519088017775,-4.885731137830624,-4.510090610092387,-7.704035098367721,-7.145948461403918,-8.812563286375685,-4.7334701054689745,-5.965346483584202,-4.345453132542151,-6.53055185169062
442,0.03892413604359704,1.2253401749894057,0.36212357998438366,-0.6586306638025562,3.9452366778932273,-3.0627249857912,-0.4806935217161553,-0.8305109857228801,-0.47939178895748114,0.33780604754428833
444,0.7018891487660261,2.582587831670661,1.2123018112440604,0.8140517079090209,1.0796570945122461,0.02423848020870395,1.2959767390578103,0.99341807444323,1.864858263457302,1.0137686645331898
446,0.3687178425007612,-3.0172483407475212,-1.03385479513368,-4.654267261592265,-2.2742525297410987,-4.990635191488322,-0.6044875873912755,-3.5712234340292532,-1.0184982053228269,-4.904782468192638
45,1.3890869061567754,0.7051440805889269,1.2123018112440604,-2.2243560906163946,0.2871758441516681,-1.2682427701518741,2.24942203686207,-0.16754597300045088,1.7301279259606888,-1.6823900468561903
450,0.46856063719082536,-2.5172483407475212,-0.5017896264238225,-5.446748511952842,-0.38678580755848535,-4.622152394405219,-0.23793095305597567,-4.474900895058055,-0.6500154082397238,-4.1972637185532164
452,1.4094078984054483,2.2901065813100834,1.3234980219122843,0.36060641010476147,1.983334555541048,0.5242384802087039,2.6996542000866124,0.700936824082652,2.364858263457302,1.3062499148937678
458,-0.009432702627177603,-6.049743421574542,-0.5168490346308698,-7.979243592779863,-2.258258292382851,-7.815611522675921,-0.29084346941284045,-3.9030755716059504,-0.3103738685604227,-8.437277549019658
459,-0.4333097483576139,-1.4062906314934205,-1.229317852527876,-0.7335052305741399,3.5320888795794163,-2.314273046646258,-0.6017045474040071,-1.283447247467802,-0.2852973999751941,-1.543754225110907
460,-0.10039554187975022,-1.5295575206087695,0.2832168262618808,-1.0114951878499272,-0.36657572560086127,1.4698994681648585,-0.37572091968383353,-0.909921556364865,-0.49919200449842094,-1.7023376570102982
466,0.14637349257165458,1.5270721754762895,0.35705511984155297,1.3032851271342003,0.3983720548198922,-3.560724020512452,0.2959767390578101,-1.091544426277926,1.1189317152924647,-0.48623133546681
468,0.7168497951068729,1.4714327683895503,0.6203119408824604,3.03887993242199,-1.3333641560090363,-7.0884217325670615,0.240746876225799,1.09585780350271,0.2717261112248394,3.38962470642623
470,0.5610699618352036,0.33806879130935075,0.7997646524943999,-0.5290351438957801,0.3122634243571265,-0.5053844960538949,-0.1731351621488453,-0.4958420618515442,-0.13755024469158608,-1.180645145444808
473,-0.04322920414025277,-3.117851886470431,-0.1632852741613255,-5.178869260592649,-0.6172689901818617,-5.88371998757181,-0.035416849273036816,-2.1928844167002737,-0.8741653849450199,-4.797867264276126
475,-0.23583034189574187,-6.962376601118576,-0.7535336523157624,-7.59939552196332,-0.6255833247563884,-7.509542046066306,0.5571685035672224,-2.5412878496757503,-0.24160632802346582,-7.557429478203115
476,-0.9570463544938341,-9.87815661863156,-1.9388414099365505,-12.761102087641142,-2.669177043990325,-10.871864461621033,-1.6116284211181235,-6.33229553949511,-1.3005195718484872,-11.850653246797833
48,-0.2515561490382332,0.1756972360621425,-0.03362473692077711,-2.885320138060076,1.1058908044593136,-2.3180106069273316,0.8974902872925683,-0.9632403579407456,-0.41051512923431954,-2.393121931075329
485,-0.5308012937182155,1.07362687767203,-0.22790738087960324,-1.3558732935332913,-2.297786656569488,-0.2885637624005472,-0.9965045113027681,1.270497725156811,0.2526718707249577,-0.9951922894654415
486,1.479001806298366,-0.33695348311928713,0.6395039752037746,0.806512418585649,-0.3593263581143695,-4.062361586528883,0.6313229264313301,2.193244472761234,0.6610255699012038,-0.2191608009561367
491,-0.5774399394185976,0.6518640192469853,-0.6081250395625402,0.17057112216280051,-3.5347522507356945,-5.215940248537219,0.24826695651846867,0.4510319140036432,-0.29035796456746427,0.21852038339186802
493,-0.33878066495994297,-1.0724913273032484,0.2118471326784589,-1.0855464914261992,0.17370336930224894,-3.2068422254877307,0.4058080533482479,0.34507004537260166,0.45120324601762485,0.7229899108808764
495,0.40463753107052514,-5.389373518195363,1.100551109974032,-6.526392439040107,-3.415206100160341,-8.655241619296742,0.5511730694958517,-1.0594928402165693,1.1149773007478672,-8.569388896001058
50,0.6632647740249312,-1.6265684839851913,-5.095053110813544,-5.3821070034803595,-5.0201790779059365,-4.323684823211603,-1.5284860406687506,-3.889938394336899,-0.3556997278707773,-4.536299671109536
503,0.03513111418473919,-2.853749608464642,0.2184311950836385,-4.783249779669964,0.5000129118454584,-5.119617709566021,-0.30947165219149925,-3.8114021627751757,0.25905356322547324,-4.741283735909759
507,0.05159504449424168,-4.294855919411073,-0.23290376122638629,-7.724356090616395,2.0013704713087255,-6.399759973068771,-1.602553231607052,-6.752508473721607,-1.1675865019147094,-7.474871297216769
508,-0.34675363316149355,-5.2490522297979485,-0.13186211345752294,-7.3860711506426915,0.7531035026717603,-5.111242869870526,-0.37179052308282967,-1.0104119059707486,0.1428932301061977,-7.429067607603644
52,-0.2138993630954335,-3.1640897290767924,-0.2362808714311877,-5.301108649921536,-3.713575168430948,-4.137476579817593,0.1361377464620666,-2.144644128193889,-0.34662463334445226,-4.55162385652191
520,0.9094078984054483,0.9976253309495051,1.1422129822199305,-2.2243560906163946,-0.6368226091258069,-2.060724020512452,1.8764726773939624,0.9772073355970415,1.8486475246111134,-0.889908796495612
521,-0.7857375200661308,-2.004875009579678,-0.5532329351189164,-4.065892383701897,-2.666893726751221,-5.063224361041635,1.2003669941371455,-1.7663688525008319,0.6313050464603076,-4.977371637745952
522,-0.5438240145368961,-2.2436212699684135,-0.6871906236690348,-4.245316395841322,1.3722213353754855,-7.498129332819751,0.21316121060313722,-2.8974325356683277,-0.27557140687579107,-5.412276609524067
523,0.7110867874951494,1.514285367549518,0.8369582933868399,1.8069794615634356,-2.310434952474754,-1.403661079244401,1.1521958563580323,2.213944413492766,0.6041522992518978,0.917007526890825
524,0.8340071979458661,-1.6826074277568401,0.018953281751125706,0.7257279017754134,-0.7678970347012753,0.6534563872570831,-0.39304183662250447,-0.0636037928048706,0.04542514507773654,-1.9781372556565813
525,-0.5257744613862539,2.604540534866017,0.2679579748568495,2.5372566863806076,-0.6637838825774567,-4.468682488292966,0.8919731514446778,1.644699459453446,0.1492317207944506,2.3469020541650174
531,0.7778906954885514,1.2051440805889269,-0.3726606894770955,0.06812515974418351,0.2871758441516682,-0.06072402051245207,1.1274592454190249,-0.5915444262779259,0.5226091763212668,-1.1823900468561903
532,1.9094078984054481,2.7901065813100834,1.5807846083271637,0.8140517079090209,0.7871758441516681,1.2539542895273526,2.380939239778966,0.9934180744432303,2.4963754663741993,1.063536501308647
535,-0.2686211216847076,-0.17924675622152764,-0.021530071783757154,-0.017798105872654776,-0.2530842470772259,0.13426154388366102,-1.4214739202312525,-1.417002511349854,-1.1852312922800528,-1.0125603545929087
538,0.6111638506925582,-0.09571206073562502,0.2548546437082359,-0.1815178612154343,0.11243666695424441,-1.3806717587809483,0.5596937449926077,0.025641886187932283,0.5904280632656176,0.13039714117739154
539,0.7553321579571182,0.8461227909354381,0.397315957893212,1.4094637511391281,-0.46744607898215973,2.67057493701435,0.4135908190831214,2.0654279366145576,0.19972011850597615,0.6092224196731849
540,-0.021917095697066583,0.60811013127069,0.05657179469560056,1.1458062131756024,1.2614195445880858,-1.51922852419606,-0.3443234782254786,0.31031139592727697,0.01023782469395254,0.28805357939454057
541,-1.0308012937182156,-0.6501026108135806,0.21821452894245533,-2.14835454389387,-0.8311052530846335,-3.9847224737899274,1.1211037195442477,-3.1299522248033416,-0.09081685844230718,-2.1823900468561903
543,-2.4009900244689932,-5.584932850036841,-2.546727058835752,-6.560987723437904,-1.433409685163287,-7.058319700777643,-3.0776551844855877,-7.335066654707954,-3.001220213890991,-7.764948227842537
545,-0.06393548015163464,-0.2681992979681561,-0.025067596466163675,-0.6896161080738621,0.5359571758422508,5.509095017646098,-0.5630544519752917,-0.3508409787828638,-0.0738689639130104,-0.6007745793742557
546,1.2073230540886013,-2.4409741243863516,1.4259730872533636,-6.162955545952252,-2.782940814101085,-1.4916159496549648,1.4724542343118034,-0.7154655715739777,1.876490971345988,-4.913470752552625
557,0.5409251013223451,1.7606597367832988,1.2919011086686871,-0.3003576373389197,0.48744480894353226,-2.7976896146786583,1.6702073555598278,0.5029724859170823,1.0781248325156385,-0.5691357819518504
559,0.12425003602707091,0.14371570669616007,-0.8025718604529656,-1.0693047608711082,-0.4764476572807662,-0.6131914404065877,0.23454836516504318,-0.8139368476143739,0.5926980053453971,-1.743818420748957
564,-0.5259505931220685,0.34436880969916756,-0.5593498632979103,0.3140517079090207,-1.5701230464172078,-0.9373537212658806,0.03687645489068603,0.6128592613635194,0.11078481162213938,1.7200535879357945
567,0.5536234898550857,0.6574641218194017,0.15061060349141947,2.1460176781898674,-0.29290826243190615,-3.0918205473143776,0.5496290315155925,2.096061703073798,-0.3953606151880508,0.7898452914823897
57,0.9051994414262201,-4.2797490270208645,0.9121871825568271,-6.3055717371973845,2.486545440300428,-7.0456171281222435,0.0014945234184836897,-2.903550115466853,0.5288054301678529,-6.6672831544659825
571,0.2911136856404516,0.43943573909234057,-0.04027706179888843,0.8722063586494265,-3.0813069529314348,-3.092994146609808,0.01744848698217412,-0.5884851955862362,0.020028323763377293,0.47296178175636366
574,-0.23346934276149034,-3.2098934186899166,0.6029816680063903,-4.5544310891740825,0.5758902581695423,-4.975761519791296,-0.8767052466782063,-3.109807364290483,-1.334689714247609,-5.097427546135034
576,-0.164370695801481,-4.116784014298435,0.4580621037855185,-7.046284185503757,-2.2225068182817975,-2.7399510059686905,-0.22516912180040946,-3.8126555905804635,-0.38831806955509307,-5.7967993921041305
578,0.14790807701866543,1.859619201033503,0.24173080085517573,1.9075163053637403,0.4173497191551315,4.050771486871749,0.2492613267086933,1.3262466956676908,0.8931459073145573,2.330592193441295
58,-4.255520296200565,-7.070980324685311,-5.537588884083109,-9.000480495890631,-3.7423544076158226,-9.83684842578669,-3.9782715987858737,-7.660150081912741,-3.05003312958139,-9.250995702491007
581,1.119950451764138,-4.924138936356039,0.7738904000286144,-7.353639107561361,-2.3421071727932983,-4.529042990013737,0.2904597139203217,-3.200089125234813,0.5801989381618196,-5.943190266718053
586,-0.0092669327722727,-2.1145610617828394,0.11681123116220697,-3.8830971855444796,-1.8257816309848791,-3.924931665913591,-0.024178101208300898,-1.7079044903670304,-0.268248291315942,-3.826081338351435
588,0.726016733069637,0.48275165925247887,0.8086243502152585,-0.8617860112316863,-0.5667337801016767,-2.4906351914883222,2.460977847521949,0.8613117759276927,1.746759153026563,-1.1123012178320602
589,0.5814477641578406,-4.678963400773818,0.7120106950878891,-7.239980774896036,-0.023117169589150943,-4.103919481888324,0.4083711980644558,-2.6165472141853927,0.059152821948992615,-6.651460028940091
590,0.07179332073354217,-2.7028143871915873,0.06882961940873368,-3.2286370973681064,-1.6174507584883404,-3.7611637386535444,0.3170087688410822,-2.207021643697862,0.3240455256107284,-4.3828297649972825
596,0.24141605335105765,-1.1653396817729242,0.4938211423272594,-4.094839852978246,-1.1036289104588561,-4.223689033234882,1.3767084504048683,-3.4154734864440366,0.5846606239163613,-3.8453550595786194
598,0.3972968475727905,0.4208727716443641,0.8376206810266945,-0.1885049314497846,-1.524319356804083,1.5007552746637773,0.6500548505604293,-1.5605439677074628,0.18488026541844793,-0.9616693115144423
599,0.1530460627407125,1.9911780837561475,0.762410318391459,2.8083046139592476,-2.0087288768508964,0.3850752447335226,0.6665810027563452,1.1295371910250473,0.36091710493764095,2.687227060173738
599_ref1,-2.6122512041900805,-7.3545516615218,-3.380712527381811,-6.219410324254637,-6.161323687290834,-10.120419762623179,-3.575234273830254,-5.710734186497196,-4.164109377092729,-7.449604538606339
599_ref2,-3.1761436979143483,-6.646531357692488,-3.7822508682042923,-7.185351672135479,-7.245784633822101,-9.912399458793868,-4.682721510526874,-6.546445303293053,-4.875620964155889,-8.826546735498184
6,1.3890869061567752,-1.8798184201322292,0.8960563758421896,-3.5168373409769726,-1.9920693005283145,-3.560724020512452,0.49171125312802955,-0.6413122630533833,1.0254660019184638,-4.267352547577347
60,0.23043686878279934,2.594961162838504,1.9989431611928146,2.8446912144222187,-3.0927682474592495,-6.148186861762792,0.8774487171856626,1.6106507012617417,2.072099625083137,1.991866831587224
61,0.4094078984054482,1.790106581310083,0.21230181124406045,-1.1393935898952385,-0.712824155848332,-0.18328026943071796,0.9569407865014914,-0.460027223361029,0.911412965653043,-0.3899087964956123
611,-1.01651671761983,-4.201746515019591,-0.32173606249927517,-6.838765435864335,-0.8185199652171805,-4.7714559047315905,0.1733809089427694,-2.5449897240821855,-0.3918348654823559,-7.3817618928252875
616,0.11898470228098623,-0.6944231270373908,0.22318938392450788,0.4629152699089977,1.7428205398822074,0.5996214639202415,0.19719176546063535,0.804368986767056,0.15379916330130114,-0.7606305331359743
619,-0.7698190870507899,0.2606597367832987,-0.0081562543081641,-1.5576442237537989,-1.6310747897068922,-3.1367255672349774,0.7777138010452529,-1.6969928175272353,0.16942053915487496,-1.8899087964956123
622,0.27601169593575126,-3.3716084787162135,0.9926720107719809,-4.071392840602887,0.44663708371753935,-3.682030316734586,0.36327270322282584,-1.1796570238331088,0.10434753198282318,-3.8699214910901487
627,1.5753639901354406,-0.002374669050495104,1.2513030672446972,-2.1393935898952385,1.5353253448321016,-1.8645653091230718,1.8379379808303555,-1.402288614651061,0.951599673885053,-3.9748712972167684
631,0.911664404524466,-0.49025089592715626,1.5329204427198038,0.41764729227178055,-0.5509488975893068,-2.5173461866781,1.1460551138709398,1.5438832289501154,0.8694303063454829,-0.8675422096470347
632,0.5883766489775819,1.7816262776694018,0.5079959359790505,-0.026918860636825952,-1.6966719655611173,-3.5425137759891214,1.8994919231980916,0.8047942846328877,1.2540951644925395,0.34272309742965545
636,0.6312112241432556,0.04418003314524577,0.9125707760359247,-1.5988753038497854,-0.9365536443339427,-3.3826521153998153,1.5684117438957348,-1.3669178189695477,0.859064276319696,-2.0508728439392936
638,-1.0683950419153252,-0.20989341868991693,-1.2765142822417122,-1.1379860820917114,-2.3557013970152703,-3.7796028084019158,-1.5078645495528096,-1.2606553773919325,-1.0011241930966177,-3.5974275461350342
639,1.2299710969150244,1.6322041407656023,0.5296518751739201,0.12102249175548188,0.024414107956518494,-1.6053721961525933,0.41047698563791607,0.9801146270564739,0.13377755776086736,-0.3912736928733985
64,-0.2552459142210317,1.4540089119220987,-0.05132169018837392,0.25369120618824975,3.6612722689463983,-1.1981539411277438,0.943568358885227,0.8941452347521901,0.857955363694787,0.3249333411260103
640,-0.2909859642346106,-0.9194131336080866,0.19083809001115024,-0.5227231737727766,1.2288021134886573,-1.6720451290288705,-0.5450601787772567,-0.17773342314629922,-0.13354495111934406,-1.9679113084968853
642,1.6506707187894067,1.7606597367832988,1.3255560761484004,2.602479036473887,-0.36482724929338195,-1.6277646132363461,1.1866565958201398,2.674381191074917,1.4767754612124793,1.3054981195985738
648,-0.6013658067541454,0.6662105027344623,0.30494893101598924,0.8288342112492917,-1.2675010514923293,3.343590089061807,-0.8798948215372651,-1.5264814829944746,-1.4342864386603853,-0.9249951784550765
649,-0.22141464510711295,2.4239233705151526,0.18528107361487603,2.3020486141045184,-2.2161258918207616,-1.390959729223516,0.19961402590484958,1.4032262182506077,0.0782982572723975,2.221486099994342
65,0.20188914876602615,0.29010658131008293,-0.12673414131225832,-0.8469123395346605,-0.05186010840465081,-1.072084058762494,0.724967236621596,-0.8750647226398728,1.0448062360004933,-1.8899087964956123
651,-0.3704933150059298,0.3122064832653506,0.32760827531476877,0.907912124883118,-5.008518540788627,-4.824913506689846,-0.1309128905166681,0.38207738190187357,0.1873798158198854,0.6846586492877946
652,-0.5618272142281522,-0.4882163898392606,-0.6611529320896955,1.4938470022130015,-0.1606576161527858,-4.603432630847161,-1.1569242089504432,0.9054717487278234,-0.29491217182917484,1.982065870780862
653,-0.558220719219424,-0.6452519102174336,-0.31424505152774074,-1.2807695869814153,-3.3557013970152703,4.2787208634094505,0.5674322120423797,-0.7646740369246414,-0.1915822118364714,-0.5523713363028898
657,-0.16177235737999385,-0.5712971842746903,0.2470220604929849,-1.1466002616016757,-1.2119709948731305,-0.374165576097958,1.1049153006547554,-0.33443883969869104,0.29593574823310653,-1.7730518804138262
658,0.12267446746378476,0.5499278525641602,0.8360833097797374,1.2518106925684482,1.7915268480949043,-2.8271364592054424,-1.325682391037688,0.19047390465537806,-1.3549994730399475,-0.5129354104517296
66,-1.5734842439255952,-3.6462308588252195,-1.9943198195725937,-6.075731030030541,-4.037965385315411,-5.119617709566021,-0.469693954047515,-3.959130104538261,-1.3287657630928797,-5.826246236630915
660,-0.7041423172271682,0.03796973733899092,-0.3800961299774934,-0.7073367308763192,-2.7889412938731546,-1.93541711340181,-0.7396804012752288,-0.792825675045062,-1.0776894724842552,-1.7788281771296859
666,-0.06983354142775405,0.035261690572355564,0.37674223900862536,0.37307352817375716,0.011652403695949144,4.907413561382773,-0.5350135220536905,-0.8416591523911204,0.21933351595724476,-0.8697393319274553
667,1.5002113016504222,1.2417473278213027,1.5254165536559543,0.8903449959334767,-0.9835375923147056,-1.5873869762445425,0.921136517344791,1.9834367071728491,1.4344287859492821,1.6058951213766615
668,0.12588760204350127,-1.3356628021878991,-0.09682578204135975,-0.9504846633534159,-0.283833658284546,-3.04379229457931,-0.60713738924385,-2.3077717024560527,-0.07430245824857175,-1.8581573253425332
673,0.10212877554333696,0.5489267778963769,0.4246553274912039,0.8033443030978814,-1.4571103837347237,-4.337440787283439,0.8171065283456405,0.9624642114356299,0.4525830030598606,0.732723025298481
674,0.3170316515857855,1.48818632584666,0.25283525149000463,1.8437535758335544,-1.276744677233862,-0.7168969096126578,0.7006016343643889,1.501785082323131,0.83195672130101,1.8898095772333583
676,0.4459210421413426,0.22817370052468647,0.30554160411073,0.6745613373804557,-3.0358497252239083,-3.0007427198161047,0.045211219979115695,0.1760941538128597,0.5340813094257338,1.2157190496555255
677,-0.3219454769296309,-2.6022108414686773,-0.5656062662867593,-5.031711012673998,-1.7014641175982903,-3.5755976922094783,0.02999203250417408,-3.559863395779211,0.5190955428742826,-4.2822262192743725
683,-0.9661026962883643,-3.4578209321335023,-1.0272215583562478,-6.387321103338824,1.327962744725957,-5.223689033234882,-0.8375414291378349,-4.6229922360834586,-0.10067694059452037,-5.637836309939198
685,-0.6346766842311646,-5.0300723811051045,-0.20702297171289635,-7.7986085048667455,-1.488360643756996,-6.842495184402225,-0.7543804702383599,-3.9858488679850854,-1.0884175779770981,-7.417606508550222
689,0.018055175253832698,0.4126628302283487,0.14601957427486784,2.3444913297343506,-0.31212132798512304,4.2456156789278525,-0.5424657560232876,0.33022420290419896,-0.8233296759975675,0.8402341716109294
690,1.5521090078365725,0.7901065813100829,0.7769433197165438,-0.39346704173040103,1.5682970562622045,1.860451151194452,1.8759124074470046,-1.556349762332227,1.7616328247235888,-1.0974275461350342
692,0.4878981161228923,-5.448298158014996,0.5425527672694318,-7.877798329220317,-1.7724528928643695,-8.214166259116375,0.06597614357600795,-2.5786326980615466,0.48391970002506485,-8.128313535820691
693,-0.31499252191741123,-0.17342023615402935,-0.09026095877637054,-3.3376630490099606,-2.607599211437477,-3.231769587615987,-0.10981146969633437,-0.8548022789501739,-0.6933137171614321,-1.1641798023328598
695,1.3388154986912109,0.10368838175989231,0.5056017709836712,0.19113956829399176,0.12524327685629782,-6.091901435944516,1.035442551692835,1.267424200433482,0.19123752711724648,-0.026985613625328905
697,0.42989378893360125,-0.6428528259660229,0.3508213808889757,-4.601799841698129,-0.7566792749253943,-3.6456865212336087,0.751069325818286,-2.3646948664539513,0.37488123455818123,-3.3228682037717183
7,-0.5196757543880723,-2.093323490604689,-0.6413208325221007,0.07692049612747442,-2.8535408141779834,0.03132430380531226,-1.0571053670131856,-1.5692389829277804,0.07317144877222524,-1.211278212495791
701,1.1214210396584972,-2.6167840142984353,1.9095283948054362,-4.885320138060076,-0.7870467928642624,-3.6864934040104345,2.032220624789182,-1.7059537715258666,1.2584196901438722,-5.7967993921041305
702,-0.18846277847645548,-5.802350455957997,0.4693056051458864,-7.939369376802741,-1.290206280653555,-6.114773259255117,0.4031252799173788,-0.7981999888739439,0.00040727523729661846,-6.9823658337636925
703,0.4094078984054482,0.43485988990757574,1.4873188949531624,1.4281047441744419,4.029573308292279,-4.060724020512452,0.6368887590446827,-0.23031141404238023,0.9985984188897951,0.51376866453319
705,0.1944798847337327,-5.448298158014996,0.5288667972726829,-7.877798329220317,-0.32930719728889446,-7.214166259116375,-0.0023253518323785582,-2.854306808119519,0.047942940026385765,-8.128313535820691
709,0.36285319620970746,0.401302791978307,-0.004177892393992522,-0.39168813202380637,-1.8091466948195296,-3.9757615197912957,0.4071729497260342,0.051156683153198435,0.3486475246111135,1.0473257624624583
711,-0.9296280541508707,-0.20989341868991696,-0.22995958004597156,-2.6393935898952385,-2.212824155848332,-2.475761519791296,0.7494220368620694,-2.4600272233610294,0.815090426681845,-2.3899087964956123
713,-0.38849634006102596,-0.8191051782566681,-0.542434339324386,-0.5807384022557934,-0.5371081112496093,-4.435193138428593,-0.9075785526957976,-1.3958968859413134,-0.40185783658323515,-1.7859881787113143
715,-0.719171021343114,-3.0172483407475212,-0.3875343611741219,-5.946748511952842,-2.1427353268242015,-5.7831164418489,-1.2654516348349567,-5.767382145418633,-0.4130498140735178,-5.6972637185532164
717,-0.3335941119110455,1.223184719146978,0.024516049617196264,1.1311903485622772,-2.5493254235654526,-3.436456602443113,-0.5699857496750279,0.6452295525392051,0.6541006163666652,2.032986755361244
721,0.8870859408780273,-1.296856884689821,1.0369688840265534,-3.7446199939076994,1.689603352484338,-4.223689033234882,-0.11045348254493398,-2.5698925341674954,0.30560832712429226,-3.976872262495516
724,1.432810079464228,-1.8097295911080993,0.8599489727477662,-5.031711012673998,-1.651696280822833,-5.792077395847532,0.6828165212705442,-2.059863395779211,1.0291225164693865,-4.344991660316302
727,0.31012368989943456,2.195515692815458,1.4741682144186774,2.033031352138287,-2.4506764237210388,-3.844359908176697,1.3358701623001,2.061072724280713,0.6083363146723441,2.334962605107267
729,0.375013035807414,1.6047848913498879,0.9632204036952088,1.1624242184924753,-0.13345620448236367,-0.14965273084708508,0.4838114323103441,1.1075067495278792,0.09529505986290385,2.188844412946623
731,-0.38277438270136155,-8.849954068717597,-0.18369978940082932,-7.794161604459965,-2.8419700821440133,-9.551180661346493,0.20269531187847412,-1.1439514640399417,0.11841736846157691,-9.278719276258702
732,1.1021368989994322,-5.209893418689917,0.5968246957397624,-7.3469123395346605,0.3981204248873007,-5.183280269430718,1.3008855816421012,-1.218056370689194,0.6996994247450974,-7.389908796495613
734,-0.38194829710719225,1.7560369722123217,-0.9634640927220698,1.611856580369353,-2.128019210234571,-4.637476579817593,0.9240418701618006,-1.2455364724076778,-1.0279096730368065,0.8605387924247625
735,0.8718543058108137,-3.1640897290767924,0.15151257266556903,-5.5935899002821134,-0.27021881159550376,-4.637476579817593,0.21922417975266914,-4.7532594863042235,0.5716260005141081,-5.844105106882488
738,-0.1553585079152294,-2.4578209321335027,-0.4432210829353791,-2.7350655824338475,2.2188389625663323,3.109912486021684,-1.3669882736646195,-2.267122427144442,-1.0309283577685404,-4.213837856661723
739,-0.33462457786476113,-7.991823445645361,-0.7269675068336987,-8.071103757780136,-2.3715879973793195,-10.096727499303057,-1.3212127731470935,-4.894887148278257,-0.015016338932258011,-9.379357573090477
740,0.6755818356843152,-0.08436253660605819,0.4360312997296709,-1.9026664971431555,-0.21881047668137005,-3.935193138428593,2.3033904478966294,0.6673797261533835,1.67758690293191,-2.8493404151329096
741,-0.17555460231570807,3.442109674755133,0.9775591695934505,1.2344128292876189,-0.8284869289015598,-1.6234894615543816,1.6232284560449266,3.5781166594858016,1.1766703240024328,1.0545755473100158
742,1.1425973361913477,-1.087480280082694,0.7617335588569474,-3.6387737730908007,-0.22365314213997764,-5.806793678988332,1.252477812150102,-1.1286878273108572,1.365965083816459,-3.209757049178421
748,-0.685700011225082,-3.4326336637202877,-0.3867713447719461,-6.5230978823692904,-1.215960623408061,-4.924283452473645,-0.8873545309915716,-4.076093827524679,-0.6019266072376049,-5.527686540804828
749,0.9781596602804157,-1.5318215135772795,1.1602762339073567,-4.9613216847826,-1.1408009710399785,-3.212727113957502,1.1179048339451723,0.20165781116960535,0.5723770130967241,-4.7118368913829745
754,0.30264482101609913,-3.7098934186899166,0.04496976983664838,-6.6393935898952385,-2.2241841940983735,-4.625541660720749,-0.008401466228468824,-3.1453489133212242,0.0875726430764634,-6.889908796495613
755,-0.47939589092632773,-0.29485591941107314,-0.5801794391165176,-3.7243560906163946,-0.5518601084046506,-2.060724020512452,0.21101423833665403,-2.044989724082185,0.7171303216942166,-3.4748712972167684
756,-1.1560848290603927,2.0926425448245642,-0.24426810018801132,-0.3722936505185923,-0.4088360579321386,-0.05445409984340553,0.7807283523066589,-1.0413832078067167,0.544797599228438,0.3080519142382893
760,1.1351303253591234,1.6118831485169292,1.5374408589384019,2.9383010874990516,0.05765235811479459,3.8840723920281937,0.5859822099488394,3.542633523555394,0.6649189129505579,1.2355157679839128
77,-1.1109130938432246,0.7051440805889269,1.766564039633145,0.09032221942341037,-1.4203429054877539,0.7044791480370818,0.9199404957796029,0.3777553013900026,0.02260917632126702,-0.5124650454138777
772,-0.37574996397292915,-0.01724834074752113,-0.14160781300928432,-1.6542672615922644,1.0444624305665473,1.5196233171819344,0.2735496211656799,-0.37670228865630334,0.5575033413996979,-0.34704385948267025
775,0.18031674467322045,-5.997795978081348,0.2892007731194097,-5.467864530649373,1.5916274351856625,-4.5848880768736855,-0.30869640702057266,-2.099901863713068,0.4891699217741433,-6.677811355887044
778,0.4353411094852483,0.020977689471415456,0.2980020434906284,0.7666144444435683,0.3055989970560121,-3.3553113965164876,0.2380656370434584,0.1273384691271781,0.8070773698826987,-0.46769662535105044
78,0.5874798035180859,-2.853749608464642,0.3196957917339273,-3.829804481865704,-3.0064604865525104,-4.327136459205443,0.13501269161412874,-1.1326261604661336,0.21344862748747312,-4.533764986270337
782,0.043244495198715496,-5.910333136831009,0.3143703170586505,-6.936155847007528,-4.53582012290769,-6.88371998757181,0.5231355126707269,-1.643755440733396,-0.3230809040758471,-8.090348514636705
783,2.0238172436533888,4.563553811253902,2.984462069355966,3.1004965421193114,2.3255836426770835,4.638647825456644,3.3921231462931933,2.3095521821929865,3.5846698322358606,2.487534954586122
784,0.8732113993593161,-3.4193467843188667,0.7618471382095945,-5.556365705163611,-1.8078681762293414,-1.5977520441699062,-0.08660623721785532,-0.6582966824757515,-0.27039918222531223,-5.306880911763984
789,-0.9775980185322684,-5.140630756252803,-1.7297955645688676,-6.277649677097546,-4.351080243050641,-6.614017606993604,-1.5438738791006725,-5.390764560923915,-1.4231779646744602,-7.320646134058499
790,-0.1785647006586198,-0.13226306351629835,-0.347776898727134,-3.0390059050954354,0.2524530557379395,-4.690612414978256,-0.3751427355039798,-1.2403283810467303,-0.31685602202007457,-3.11876687976737
791,-0.5671315779008055,1.7596654602365716,-0.03399743004218778,-0.5876413020183084,0.11928560926583744,0.1361794999471711,0.11766633253104905,-0.6685402495471781,-0.38705460554057336,0.6843767652453514
795,1.7190733201798465,-3.9314539452832715,1.848714032366267,-5.23354716697418,1.5234871186395593,-7.823812416969586,1.9633221739028084,1.3841022682879323,1.7273028326897593,-5.270229819771258
796,0.0054901984100377355,-4.193536573603577,-0.60439097539288,-7.915517995169477,2.519977604830411,-4.298440627261274,-0.13782813842602798,-4.414223533747904,0.08835805847649522,-7.166033201769849
797,-0.11888386577773549,-2.9103331368310092,0.6917368732641334,-4.547352057675752,-1.3308104106515801,-2.6115597294599047,-0.4817179536110945,-3.2070216436978622,0.11706190026917451,-3.5903485146367045
798,1.1263717345674145,-6.842888615832875,0.995419922151441,-7.979907536677618,1.696629272511396,-7.023794216213098,0.3175465021591488,-3.0463136383100062,0.6296055841424516,-7.437941492917414
800,-0.5308012937182156,-0.8798184201322293,-0.8464269795300281,-3.8093185913375507,-0.50530540620891,-2.9847224737899274,0.8307472056843485,-3.6299522248033416,0.3558973094586709,-4.059833797937925
801,-4.170236028681815,-2.1275925401668565,-4.013732990457127,-3.8007868831239424,-1.9137532345726351,3.8337567635130574,-3.547290689461888,-4.213632802158447,-3.2596629900091263,-2.6328591221703235
803,0.49686210288373234,-3.2973562599402557,-0.3174224212963108,-6.226856431145578,-2.3651046373069686,-4.770743110681057,1.0847042210839177,-3.8513313532219886,0.4913660884617037,-4.977371637745952
804,0.4578386680317428,0.7051440805889269,0.14953637020213112,0.6905052769266349,0.32617710015230467,4.734350189883026,1.5256925483764587,0.8407550106681141,1.3701818855570564,-0.889908796495612
805,0.7371235684239593,-0.7948559194110731,0.8038208025938416,1.114008129002585,-0.2410783508265153,1.8710303569268134,0.33140990441763224,0.9611042924908404,0.2608617423193863,-0.08132813494095985
807,0.31308535943425025,0.7901065813100829,0.4198205608834823,-1.3469123395346605,2.072103648317142,-1.975761519791296,2.4569407865014914,-1.9600272233610292,1.496375466374199,-1.3899087964956123
808,0.3856733990581219,-2.179519769646398,-0.16903017385075927,-3.497823730183496,0.506997946703406,-3.8341916600795534,-0.022774505423805314,-2.9499745665661834,0.07205038980817106,-3.652016397812672
809,0.3568167800594201,0.765748938793569,0.06813529802623375,-0.32085476132340707,-0.5366644784249113,-4.229834971626459,0.5742297663937743,0.6265380553309072,0.19062332228737486,-0.4304771778583151
81,1.0275070088361873,-1.117851886470431,0.27462249765050334,-1.6566722009134227,-0.43326290795538347,-1.1377934394069726,-0.6788574231671176,-2.414540393337284,-0.853844392696347,-3.1866710536079017
811,0.6666944848203276,1.8734315160148087,1.271171945708313,1.202855497240797,1.1385272289764987,-0.3666714347665293,2.7922869738750116,0.02509910494194484,1.8337738529140875,1.109170530092304
812,-0.8253347432451617,-2.002374669050495,-0.8289292688519259,-3.9318748402558166,-0.9941214996946826,-3.107278722708193,-0.7347235332742614,-1.752508473721607,-1.220104237263854,-4.18239004685619
813,0.9947337983889221,0.09394786992070292,0.8478515568897689,-1.5205271061597712,0.6487557414722559,-1.3138167141809718,0.789404051029349,-0.2465525696000258,0.9934616627840893,-0.202448205244989
819,1.2086955072166972,-5.661104530522246,1.6300163878129226,-7.137159403923308,-2.430997036982534,-6.973527333819366,0.20488775636926426,-1.6523267621741955,1.260869627266758,-6.111404099009293
821,-0.3023961869062902,-5.055383469634292,0.16955151933051976,-6.692402390479035,-1.2065786837567336,-7.321251570735671,-1.0418057856932215,-2.843111022502514,-0.701038854593206,-7.735398847439988
823,0.6343659097888199,-1.02662392789609,0.03637287773027996,-3.5766281488533087,2.590805651227478,-4.87055162995611,0.5197062275434206,-0.6365507884478807,0.11876868574481425,-2.449699604371949
830,1.2037652161965804,-1.209893418689917,0.31377184057919816,-4.1393935898952385,-0.9203429054877539,-2.6832802694307176,-0.41154201058161183,-1.763868511971649,0.5813379670953553,-3.8899087964956123
833,0.5964407575167171,0.20051261992444283,0.3302265994978422,1.9601677311115617,-1.4402353385406859,0.3326996012680546,0.9667988593228902,0.6577750430206204,0.6736454286355416,-0.37902680934978417
835,0.7778906954885514,-0.29485591941107314,0.5807846083271637,-0.09096282026894376,-0.7331451480970048,-0.107278722708193,0.2959767390578101,-0.9803482156097021,0.411412965653043,-1.9748712972167684
837,-0.14033332479954927,0.2565494833808144,0.15034885106945428,0.3492463718547199,0.19048061205905917,-4.481747840624334,0.057757717086316426,0.11173290393984034,-0.14504597708278802,-0.5462534927743936
838,0.9071417139842666,2.537984457672486,1.0054148633178834,2.2389176788947815,-0.7589636981175936,-0.8990515188446715,0.6310354467071402,2.070114969135883,0.8538455438530592,2.576475863768251
839,1.5333716551272412,3.095823937351257,1.7385355211911284,0.7108262691753078,0.779622397956564,-0.9367602637906594,2.280789914536051,1.9039330039205709,2.130115621806692,1.9740514307859875
841,-2.2305571352758973,-2.9695914197189577,-2.752913974145654,-3.3344500824517955,-2.9069652326469546,4.767448454546389,-3.832204059054334,-1.6941962995703377,-1.621764063701899,-2.5137196698256763
842,-0.5819136261883745,1.0649112267485523,-0.19528920296816354,-0.012961910395912823,0.5042982339539408,5.266832308512142,-1.0867229559775065,-0.3822140939306447,-0.46698530029514307,1.782233742936286
843,-1.178747837905033,-6.025660773607345,-1.1202514430596104,-8.123678438451453,0.6695940856693403,-6.65902836130746,-1.3668538935203283,-5.5170067477828155,-1.6306087260991635,-7.28742551755448
848,-0.7085757409956792,-2.164089729076792,-1.0162889432266504,-3.469626143560321,-3.2895767151534727,-2.137476579817593,-0.8114760925794026,-2.780830263400454,-1.089338046929573,-3.4404276458536858
850,0.569732519660114,-4.103912695512557,0.8806663023326571,-5.533412866717878,-1.3995008147673647,-3.623854248449099,1.3115979564173759,-2.289834493075732,1.6309384018790247,-5.283928073318252
853,-1.3002343367840665,-0.058217541181729615,-0.5914340278629746,-1.1245236272976875,0.3792184807260806,-2.362396283084565,0.616914651881052,-0.7892951655049741,-0.10173115130442531,-0.27587084597508027
854,0.28025810004356816,-5.080258138273321,-0.31620006258582734,-7.009758309478643,0.471073352957348,-4.616410430056051,-0.9421666804122935,-3.1649335038871254,-0.5932922384178299,-7.2602735160790175
857,-0.06782690213137084,-8.195722727391821,-0.6695961288381842,-8.929064187207763,-2.4423333799000893,-7.450406921978974,-0.21322893192824222,-7.0246813603560305,0.04478136142681728,-8.679579393808137
859,-0.1740657524157605,-0.1693250373272145,-1.147475403281534,-0.6554688516970917,-2.6722557744856297,-0.25495247060021586,-0.2742337645083047,-0.7829495947951187,-0.5709204977908171,-1.0602064910593358
860,0.18921623393480205,0.06450102539391889,-0.18283889310527052,-1.999097201286189,0.6437095073860891,-2.477530251826898,0.49311620861383354,-1.3388893005275304,0.18791764289597604,-0.7190030368866568
862,0.18951109922324055,3.445320627562112,0.6629234709793866,0.8358106278109316,0.15593131087341547,-2.4993234758483087,2.034073239157171,1.9255770806373462,1.219407663823933,1.5483786890949114
868,-1.2017883122627757,-0.37454723131639683,-1.865337301494895,-1.6000050332031799,-3.359215030462255,-1.4629939737377273,-1.5579328851955347,-0.8501466204265221,-0.8442980521985503,-0.38258540851341155
869,0.6838545214122653,1.710136124875238,-0.16514193983767395,2.045654098778698,-2.50530540620891,-3.9847224737899274,1.179333207837939,2.841785949132067,0.9983517621869491,1.3950190076698616
87,-0.8830733519551299,2.7901065813100834,0.1273393105229042,-1.2243560906163946,0.4319291527491606,1.8299558362498778,0.37197828578033515,-1.384025676638504,0.6483785598192492,-0.889908796495612
870,1.229530366516621,-0.2098934186899169,1.0573007969537833,1.0116402463680214,-2.0701230464172076,0.40998321495900314,0.3759124074470046,-0.3104232141673895,0.9747652020746376,0.20376724010463593
871,0.45573254238828564,-0.8562842933038397,-0.12575338314561524,0.2931416200617074,-0.7165139210311308,2.5191022587151997,0.2811030673607841,0.5472961646211718,-0.6662261470859125,-1.632622210080733
879,-0.5381997946822558,-3.6871733421898334,-0.8594245837965002,-7.116673513395154,-3.151696280822833,-6.453041443291212,-1.935376636277269,-3.7411484354715654,-1.2087441990138124,-6.867188719995529
880,-1.2981108512339739,-0.20989341868991696,-1.0801794391165176,-3.1393935898952385,-1.712824155848332,-0.8907990190701398,-0.4115420105816119,-2.167545973000451,-0.796105783986379,-2.0974275461350342
882,1.7018891487660264,1.790106581310083,1.5807846083271635,-1.1393935898952385,1.6091039390390305,1.1092009809298602,1.9921354504471902,-0.16754597300045104,2.476054474125526,0.4025724538649657
887,-0.8817362848059671,-4.476679959384818,-1.721224774501313,-6.1136988802295615,-3.846217426195783,-7.242548060486198,-1.1547665952195,-2.9343325136953524,-0.8050424055392591,-7.156695337190513
888,0.17353195326886556,-0.22476709038694304,-0.368684627781899,1.514048003062241,4.016691809106839,-3.4146336447657974,-0.02656500752155331,-0.6285447169998144,-0.09022460036338764,0.7548445121018803
89,-0.4081562092487614,1.473818111237173,-0.7603484839737958,0.44135118764528747,2.6782091966011805,2.926720998361719,-1.5088483044696877,-1.596772428670572,-2.0266059983462568,0.39130044077494375
892,1.6055666097948285,0.7901065813100829,0.8234980219122843,-1.6393935898952385,1.6442986029847293,-1.475761519791296,1.3809392397789664,-1.9600272233610292,0.41141296565304286,-1.3899087964956123
897,0.0025173027969294937,-1.3243027639378575,-0.6508573637392885,-4.546284185503757,-3.8272335010962726,-4.882652115399814,-1.6574685587464493,-3.8669178189695477,-1.995477629955476,-4.7967993921041305
904,0.4624145172165078,-2.0318215135772792,-0.10401265593167452,-4.4613216847826,-2.873788203292013,-4.797689614678658,-0.9561756796301556,-5.281955318248391,-0.49407012215194873,-5.2118368913829745
91,-0.06955768992759101,0.4116778429835322,-0.6078497983621103,0.42999839901599035,0.6826061813527433,0.5699540840306773,0.0007965309463082437,0.34965415830333296,-0.14034103482280497,-0.1554425067382183
911,-0.18085111314936508,-1.3671680961662953,-0.022031290735384707,-0.03654781591606082,-1.947514661353121,-2.0799364953517117,-0.9533394706380542,0.035348987312569365,-0.008688066647531106,-0.5471834739719905
916,0.7121476574362827,-0.16616199806474705,0.7871753709964016,1.360430278368947,-2.0166654444589516,-1.2460457104726474,0.8283481214329381,1.5070024740893682,0.695391003360776,0.3356967594205521
923,-0.3912636045344823,-4.636158173392015,0.36613034484229323,-6.565658344597336,-1.137681402746903,-5.672310465174746,-0.7367448533684796,-4.301329477341971,-0.14749697893613611,-7.316173551197711
924,-0.5905921015945517,0.7901065813100829,0.21230181124406045,-0.6393935898952385,0.19085330518047003,-0.8147974723476149,1.2494220368620692,-0.9600272233610291,0.996375466374199,-1.0974275461350342
930,0.4049074110088949,-3.1361581733920154,0.507249653207766,-6.065658344597336,-2.7616451594686957,-5.4020262744933945,-0.2813698366631,-4.7253279306194464,-0.41501561663087294,-5.816173551197711
931,0.1399017829451677,-0.8094569214694549,-0.5555155829347335,0.08746539382621338,-2.000142226173973,-2.9273002910399555,-0.13010831903228556,0.9961292759471736,-0.22146913364164036,-1.4431524489520502
933,-1.5905921015945519,0.5825878316706613,-1.0801794391165176,-0.9096777805765899,-1.0518601084046508,0.6092009809298602,0.36061824753029326,-0.0065819255567700075,-0.08858703434695708,-1.0974275461350342
936,-0.06174663060859603,0.1734630500902124,-0.6449970793248152,-0.29361875305350815,-2.0518601084046506,2.475426037451717,0.0485516985293763,-0.10673125079968537,-0.24689475736627617,1.101587990851543
937,-0.6160754882355215,-3.9912531322145766,0.626563892433122,-6.9207533034198985,-1.7432652769218433,-4.853443772287154,-0.9714299761819072,-2.5714619354433763,-1.4105151292343197,-6.671268510020273
939,-0.43718150034597447,1.0088092374637323,-0.3240835573626364,-0.6666716717062826,-3.601627945180108,-3.8310082111938035,-0.12352732260603748,0.11526953823416047,-0.20009639783991448,0.19935447148679566
94,0.7596789913636143,0.5788035588818167,0.5727696774519786,2.684538791358923,-0.04721266237667007,3.6245010115807883,-0.31570067844112804,1.0514333029262466,0.36134176801006324,2.4944827271189647
941,0.33768150336488756,-2.1722996704928077,0.5700180275523429,-5.10179984169813,1.0740280056541205,-5.230649021954765,0.09665707201169496,-2.6005053802765574,-0.5915616675125505,-4.852315048298503
942,-1.253557114316981,-0.5043756343292431,-0.6319482411707229,-2.3873211033388237,-1.7068543491925694,-5.223689033234882,-0.9748526191923376,-1.2789642392408285,-0.24656000278307544,-0.5994285114137824
943,-0.40597519676169214,0.5270721754762895,-0.16796522140824446,-3.0633920431727133,-0.5243394266256698,-0.3560285524436013,-0.2040232609421898,-2.3152739147635364,-0.6513524753888865,-2.521425999412509
945,-0.3568396420080622,-1.3798184201322294,-0.5539457291694498,-3.809318591337551,-1.9293038594863852,-2.1456865212336083,-0.5237284033139563,-1.837470974442763,-0.6735495350681134,-4.059833797937925
946,1.0786343685829727,-2.853749608464642,0.6500607959034879,-4.783249779669964,-0.6562406274819645,-5.619617709566021,-0.25173304348153125,-3.874167603817105,0.9572459594139491,-5.033764986270337
953,-0.25211295919358734,-0.37981842013222944,0.03387359714890306,-2.14835454389387,-2.221785109846963,-3.2420090602048064,-0.7405549920370517,-1.4337935134139612,-0.6251187654418191,-3.559833797937925
957,-0.37821073682611883,-0.4509573517257431,-0.13362260618517502,0.8856184880704213,-0.6645591269506845,-0.7743675001514939,-1.0086155621354256,0.6419962196428718,-0.9846113641150984,-1.3056973083570722
959,1.1004430174981525,-4.074079563344197,0.3847750300759161,-5.257653186384681,-2.0393542972723906,-8.047466414084997,-0.3650404590496227,-5.128054656625929,0.9109012278856521,-5.9616136907893145
960,0.9372128412302227,2.398464174411009,1.023122035785081,2.6612943272700016,-0.8163959529820817,-5.289102762681939,0.7959767390578101,2.0535205796863485,1.2867492998729766,2.0811515903544815
962,-0.038853017472206416,-1.9824829225868446,0.5043538158196161,-5.204464344152744,-2.6169308626621564,-5.540832274048801,-0.8156487173954363,-3.2529377195066296,-0.3203978336549347,-3.7940155033094367
966,-0.3698372462745343,-0.8798184201322293,-0.5041778923939926,-3.8093185913375507,1.420915999584161,-4.145686521233609,0.6232284560449266,-3.1299522248033416,0.7852193848359001,-3.0598337979379244
967,0.5156199739093938,-1.531853150932625,0.21279728207471535,-0.12047982353165489,-0.6857209619396174,-4.968239710951538,0.04527209487357775,0.8781213684590218,0.3703400515235382,-0.9229553690185568
972,0.24762468210671157,0.4262712302549605,0.6901325037056641,1.7311780377720534,0.5447260328060762,3.591412923805173,-0.6339405992054652,0.10429069564928217,-0.5640323313959241,1.6937064421442494
973,0.17314270601724085,-3.7334553747469297,-0.4575805787725109,-5.662955545952252,-4.332708650876542,-4.999323475848309,-0.5050777940649912,-3.6061454283363075,-0.5442943473517704,-5.413470752552625
976,0.5066734117004471,-3.542783432854659,0.13602885398234502,-5.97228360405998,0.4229727400830007,-3.855206236151779,-1.1712537595944,-5.500435987165193,0.3050296287214581,-5.430317560299777
980,1.0820015663348403,-3.6268655339582887,0.8436872732199566,-4.945169494495387,0.27334427323643956,-3.179601257708619,0.017842052208257173,-2.036087318642528,0.5515289126620502,-4.514399661403406
983,-0.29517579926515536,1.413228955245054,0.18186069017054918,1.9586998687840917,-2.068309348664963,5.89983094931892,-0.9776754482735057,1.837725593247999,-0.7831081797199069,1.4388734139946844
984,0.9015319828782378,-5.914464562939121,0.5029156284650368,-7.551483483783864,-0.867803595057893,-5.757587638568312,0.5172801155166349,-1.2586100204250883,-0.03182144140168447,-7.50951744002366
985,-0.1167070809808308,-2.1167840142984353,-0.18340487785023105,-4.546284185503757,-2.6197147514568506,-4.882652115399814,-0.02595135582955249,-3.3669178189695477,0.042930168569939586,-3.796799392104131
987,-0.3627862011608247,-1.0850396675301293,-0.07592806858165434,1.2517906239905847,-1.7599476052972252,-5.435870269352664,0.26782032481787804,1.8649859476964,-0.6497176718806486,0.0730837883977263
99,-0.6778991792024494,-1.507988296762122,-0.4089973827120577,-0.4783688583550277,-3.7268746928421574,-2.9668439147016916,-0.5858938962858343,0.36603476869034723,-0.5554201704117578,-1.1030411738466612
991,1.004596406464288,-4.567445423308,0.8734803858329496,-5.0435002967090625,0.3895210539531626,-6.040832274048801,0.33074215721848677,-2.740170173453061,0.7336328018423361,-5.454979550753118
992,1.3650305273807914,-6.374800345365605,1.1420690944558571,-8.304300516570926,2.1687152194615233,-8.640668446466984,0.35946358421096136,-2.0194843499069077,0.8528397212365195,-8.262334472810721
996,-0.9660539067328868,-0.2749641729474225,-0.8799928350246333,-0.733886185807954,2.542302882760841,-0.8243680315572474,-2.2690940151996957,-3.340481072785675,-0.7791886706883215,-1.0723595266724266
998,-0.09059210159455178,-1.5318215135772795,0.0015699270249219105,-4.4613216847826,-1.949789750014538,-3.1367255672349774,-0.5259513558295524,-3.281955318248391,-0.2405901277920072,-3.7118368913829745
999,-4.637960854118599,-0.8038168734097044,-4.042585690919408,-3.0564985673076754,-4.052674158732957,2.43597233813745,-4.347714552437434,-2.290777136839041,-2.2237415691627307,-1.8489831831579973
1052,0.9094078984054483,2.2901065813100834,-0.08017943911651769,-0.6393935898952386,1.0796570945122461,1.8461665750960665,0.5884579894183882,-0.9600272233610291,0.4114129656530429,-0.8899087964956123
17_2,0.40940789840544817,1.790106581310083,-0.08017943911651769,-0.6393935898952386,-0.712824155848332,-0.47576151979129605,0.7959767390578101,-0.460027223361029,0.4114129656530429,-0.3899087964956123
217,0.4094078984054482,1.790106581310083,-0.08017943911651769,-1.1393935898952385,-0.21282415584833203,-0.4757615197912961,0.2959767390578101,-0.9600272233610291,0.4114129656530429,-0.38990879649561233
22,0.5703719458491294,0.7901065813100829,-0.7876981887559397,-1.1393935898952385,-1.212824155848332,-1.475761519791296,0.19965420008661228,-0.9600272233610291,-0.08858703434695708,-1.8899087964956123
292,0.4094078984054482,2.290106581310083,1.0807846083271637,-0.13939358989523856,0.28717584415166797,-0.47576151979129605,1.9921354504471902,0.7009368240826521,1.203894216013621,-0.38990879649561233
387,-0.6520204754873185,-1.017248340747521,-0.11216096848250018,-2.2857844645091614,3.7801403657111896,-2.7831164418489003,-0.7495972049712873,-3.974900895058055,-1.942496658600302,-2.6972637185532164
411,0.4094078984054482,1.790106581310083,0.7123018112440604,1.4455689108259175,1.5796570945122461,0.02423848020870395,1.0884579894183883,-0.460027223361029,0.4114129656530429,0.4025724538649657
44,-0.09059210159455178,2.290106581310083,-0.08017943911651769,-1.1393935898952385,-0.21282415584833203,-0.9757615197912961,0.2959767390578101,-0.9600272233610291,0.4114129656530429,-0.8899087964956123
501,0.5206041090736722,-0.29485591941107314,-0.7116966420334143,-1.4318748402558166,-1.636822609125807,-3.560724020512452,-0.24525434103817625,-2.252508473721607,-1.1735495350681133,-2.9748712972167684
506,0.40940789840544817,1.790106581310083,0.4198205608834823,-0.13939358989523853,0.6908533051804701,0.9776837780129632,0.2959767390578101,-0.9600272233610291,-0.08858703434695708,-0.09742754613503435
59,-0.09059210159455178,1.790106581310083,-0.0801794391165177,-1.1393935898952385,-0.712824155848332,-0.9757615197912961,1.0884579894183883,-0.9600272233610291,0.911412965653043,-0.8899087964956123
607,0.18731597593626803,-0.7393402632167012,0.37710282263045214,-3.30035763733892,5.309193569301776,-3.7976896146786583,1.125939018258999,-2.3782778572195893,0.23218598019680448,-4.2118368913829745
643,-0.09059210159455178,1.790106581310083,0.4198205608834823,-0.6393935898952386,1.4481398915953492,0.927915941237506,1.7494220368620692,0.539972776638971,1.203894216013621,-0.09742754613503435
753,-0.6200389461213361,0.629142533866402,0.8025879340649709,-2.461321684782601,0.7348271548183214,0.6764940011136804,1.8049376930564411,-1.6969928175272353,1.9221528293582684,-1.2118368913829747
79,0.4094078984054482,3.0825878316706614,1.3234980219122843,0.6530876604653397,1.0796570945122461,-0.9757615197912961,1.29597673905781,0.6249352773601272,-0.08858703434695708,-0.8899087964956123
917,1.2018891487660261,1.790106581310083,0.9198205608834823,-0.34691233953466055,0.07965709451224612,-0.47576151979129605,1.9921354504471902,-0.9600272233610291,1.203894216013621,-0.8899087964956123
956,0.5926773891992749,-1.8768437869666361,0.2584838203183904,-4.306343958171958,-2.6285243538604597,-1.8705516299561102,0.032703831809892836,-1.9660135441940672,0.32439826576551817,-4.349340415132909
454,-1.8979470236521558,-1.017248340747521,-1.0950531108135437,-3.4467485119528423,-1.93521657718478,-3.2831164418489003,-1.218896932639216,-2.767382145418633,-1.73497790896088,-3.1972637185532164
932,-1.0905921015945517,1.7901065813100832,1.0047830616046385,0.2642838711335636,-0.5518601084046508,-0.022316221987036762,0.9569407865014911,-0.0065819255567700075,0.4114129656530429,0.06353650130864702
